Patient ID,Bacteroides_uniformis,Collinsella_aerofaciens,Clostridium_sp_AF15_49,Eubacterium_rectale,Blautia_wexlerae,Bilophila_wadsworthia,Blautia_sp_AF19_10LB,Fusicatenibacter_saccharivorans,Phocaeicola_vulgatus,Lachnospiraceae_bacterium,Gemmiger_formicilis,Ruminococcaceae_unclassified_SGB4425,Butyricicoccus_sp_AM29_23AC,Akkermansia_muciniphila,Clostridiaceae_bacterium,Alistipes_putredinis,GGB9615_SGB15053,Anaerobutyricum_hallii,Alistipes_communis,Alistipes_shahii,Dorea_longicatena,Alistipes_onderdonkii,Faecalibacterium_prausnitzii,Bifidobacterium_adolescentis,Clostridium_sp_AM22_11AC,Clostridia_bacterium,Bifidobacterium_longum,Blautia_faecis,Sutterella_wadsworthensis,Paraprevotella_clara,Blautia_massiliensis,Clostridium_sp_AF34_10BH,GGB9699_SGB15216,Barnesiella_intestinihominis,Roseburia_inulinivorans,Ruminococcus_sp_NSJ_71,Phocaeicola_dorei,Candidatus_Cibiobacter_qucibialis,Bacteroides_thetaiotaomicron,Ruminococcus_bicirculans,Bacteroides_ovatus,Agathobaculum_butyriciproducens,Bacteroides_xylanisolvens,Ruminococcus_gnavus,Bacteroides_stercoris,Prevotella_copri_clade_A,Ruminococcaceae_bacterium,Streptococcus_salivarius,Lachnospiraceae_bacterium_WCA3_601_WT_6H,Elusimicrobiales_bacterium,Dialister_succinatiphilus,Prevotella_copri_clade_C,Bacteroidaceae_bacterium,Faecalibacterium_SGB15346,Oscillibacter_sp_ER4,GGB3256_SGB4303,GGB1495_SGB2071,Ruminococcus_bromii,GGB3614_SGB4886,GGB3293_SGB4348,GGB9342_SGB14306,Coprococcus_eutactus,Prevotella_hominis,Roseburia_faecis,GGB9602_SGB15031,GGB9758_SGB15368,GGB9712_SGB15244,Lachnospira_eligens,Ruminococcaceae_unclassified_SGB15234,Bacilli_bacterium,GGB9635_SGB15103,GGB9635_SGB15106,Butyrivibrio_crossotus,Klebsiella_pneumoniae,Roseburia_intestinalis,GGB9595_SGB15019,Ruminococcaceae_unclassified_SGB15265,GGB9618_SGB15065,Ruminococcaceae_unclassified_SGB15233,Lachnospiraceae_unclassified_SGB4894,GGB6544_SGB9243,GGB4266_SGB5809,Ruminococcus_SGB4421,Phocaeicola_coprocola,Parabacteroides_merdae,GGB9636_SGB15107,Bacteroides_cellulosilyticus,GGB2734_SGB3677,Phocaeicola_massiliensis,Phocaeicola_plebeius,Duodenibacillus_massiliensis,Bacteroides_pectinophilus,Candidatus_Gastranaerophilales_bacterium,Blautia_sp_MSK_20_85,Lentisphaeria_bacterium,Clostridia_unclassified_SGB4367,GGB9347_SGB14313,GGB9677_SGB15180,Prevotella_SGB1653,Roseburia_sp_AF02_12,GGB9697_SGB15213,Bifidobacterium_pseudocatenulatum,Prevotella_copri_clade_B,Escherichia_coli,Ruminococcus_callidus,Bifidobacterium_bifidum,GGB1266_SGB1699,Lachnospiraceae_unclassified_SGB4924,Phascolarctobacterium_faecium,Alistipes_finegoldii,Sutterella_seckii,Ruminococcus_sp_JE7A12,Blautia_faecicola,Bacteroides_eggerthii,Eubacterium_siraeum,Bacteroides_fragilis,Ruminococcaceae_unclassified_SGB15236,Clostridia_unclassified_SGB4447,GGB9633_SGB15091,Megamonas_funiformis,Rikenellaceae_unclassified_SGB2230,Prevotella_copri_clade_D,GGB9591_SGB15013,Mitsuokella_jalaludinii,Prevotella_sp_885
TR10001,-0.31109474488474226,-0.6006755218242547,-0.3084934095071106,0.14986106793745885,0.6378841131507863,-0.5962509992261814,1.246568379943293,1.9537283223100108,1.5838262075060292,-0.32840227381953746,-0.5978500249248206,-0.2501562836528963,-0.3448022245616072,-0.5145506482313257,1.5641700642435414,1.7560588460636903,-1.188651196855112,0.10166606431657643,-0.6157343727124871,-0.7374563839009709,1.9230060995486515,-0.4914466480197671,0.302126942903806,-0.5225377554818706,-0.10025981230554488,-0.6967990295640385,0.3113487882227316,0.15514086914836703,-0.5342444129958356,-0.4927660179544384,7.185601617689443,4.305926660028965,-0.4477864336924771,-0.5887489988035902,3.3220430856771395,-0.3138525860818627,0.14455710776021272,-0.5308613475792378,0.9963693344315716,0.03538536196711429,-0.4397188270089454,0.4571074985689487,5.180051917591954,-0.18960143237016328,-0.2080759611674703,-0.5586113201594103,-0.6928097132885732,5.817432272366398,-0.11808543237119258,-0.11620855425384491,0.5182817683089659,-0.4168002237457337,-0.3389751034562389,4.592444894290103,-1.0881332999968956,0.47057159271562177,-0.40914821290120856,3.9663141350184614,-0.3661917650488202,-0.5635504689090631,-0.47338084502352873,-0.3788264044681318,-0.3419634454396629,4.669152361046575,-0.4691923317755251,-0.4306614814051305,-0.18042734132242164,1.0483570255068784,-0.5193628753836397,-0.43507303579473244,-0.4224891932096978,-0.5915154533090855,-0.2914400710557428,-0.31210178979799547,1.173071392265091,-0.2941442037681055,-0.4498030094771247,-0.2317723469584935,-0.3674190039242701,-0.43086161291423536,-0.32694369191679146,-0.42539966251209876,-0.32421079613938925,-0.14987876462750332,-0.8474661012636389,-0.29476874615973175,-0.30866621303029707,0.29836466448116944,-0.33528007433621226,-0.49659696941933895,-0.5274976725450821,-0.23871133700575364,-0.37233264600363153,-0.5987986282487505,-0.5123347237417335,-0.5895730213519981,-0.4427144714791825,-0.3141197918118263,-0.2218782531815794,-0.41371833309551354,-0.1452174549122835,-0.3425915517453018,-0.3218331691671977,-0.39698746898164894,-0.33213527489269834,-0.2830827620365079,-0.3656453855408949,-0.18868665021652947,-0.37099678118071133,-0.46373382870100244,-0.2758932760786847,-0.3014802694024719,-0.35531411272575075,-0.2701914562147034,-0.3137257965376381,-0.22370825692169077,-0.6247304820974964,-0.2938444481468964,-0.32696847876400464,-0.20495568362279692,-0.4613920332082983,-0.3992722997428346,-0.27784254710902223,-0.18689805281054397,-0.18428360859852225
TR10002,-0.07221212189533283,-0.06855349752740399,-0.09068422794318803,-0.6037147761938629,-0.4293093072574537,0.8701517710618313,-0.27648872496539234,-0.2878868843063811,0.4039710208366501,1.0878933771713104,-0.6631732971881427,-0.6036401974236342,1.2320953006963857,2.3045520617765702,0.5374240075042732,0.12320817288376858,1.9612498873344049,-0.3936553664486156,-0.4980349631200075,-0.2705279853716898,-0.5947977919533287,-0.26895755079590816,-0.16428323944794818,-0.23869372244743542,-0.3203739592848766,-0.0847694291002598,-0.5563509640145652,-0.129012176221314,-0.5603281110115655,0.7465240874417243,0.08383656729262101,-0.4414640687313936,0.0821104676254557,2.501033476287689,-0.5370106753680767,-0.40600577101901864,-0.2763661357125309,-0.08624154269635587,1.0359026514788632,-0.30825405427001207,-0.38671459033788685,0.05998296285530699,-0.28745307485259547,-0.25331196725002153,-0.08823031415002733,-0.5941549396646709,0.7607379010132657,2.5724470915959343,-0.43185215512009495,-0.32574033986661105,-0.44929509409061896,-0.4977633839337437,-0.4756167309206416,-0.8013037051619213,2.5244476043090183,-0.5289708553538092,-0.5003332386401885,0.5502391218199477,-0.38341902227495434,-0.5834877910511347,2.0179258258430526,2.467046623015408,-0.34307812060238235,-0.573409419426573,-0.48904727986012947,-0.42334448892550824,-0.5297079638648843,-0.015729329164970676,-0.5670019233034216,0.5848786195627784,-0.447935896170859,4.096080302850009,-0.3304528728092536,0.2826708463133123,-0.2826293583298709,-0.30543105246251945,2.336785704007411,-0.23964666872357585,2.854666500195592,-0.030181286024087674,-0.40812133455439153,-0.5247933071773396,2.435590276250905,-0.15794480271881173,0.646489168900786,6.337411232572872,0.14831374930977428,-0.33522942561588975,-0.3396639642480243,-0.335875632563184,-0.5554896926331678,-0.31756840753249194,-0.38083259898238764,-0.5566537264350403,0.39622471789947716,-0.2327544819295814,1.491153504043477,7.683282793965252,-0.2053299678988094,0.43640298144273915,-0.04514041697663624,-0.3425915517453018,-0.3218331691671977,-0.39698746898164894,-0.33213527489269834,-0.2830827620365079,-0.3656453855408949,-0.18868665021652947,-0.37099678118071133,-0.46373382870100244,-0.2758932760786847,-0.3014802694024719,-0.35531411272575075,-0.2701914562147034,-0.3137257965376381,-0.22370825692169077,-0.6247304820974964,-0.2938444481468964,-0.32696847876400464,-0.20495568362279692,-0.4613920332082983,-0.3992722997428346,-0.27784254710902223,-0.18689805281054397,-0.18428360859852225
TR10004,-0.5043480003220976,5.899231548722516,-0.46473628021976104,-0.5028546090975528,-0.3954171745118835,0.10845544046369276,-0.44774021198602015,-0.23778341461852895,-0.40193503160995425,-0.7556667120316561,-0.6549869883093075,-0.6036401974236342,-0.4239910789500382,-0.49926835968869726,-0.3029083771254763,-0.406346588137128,-1.4091063215065445,-0.7062574888353422,-0.49511154365928717,-0.4824202317981669,0.7056190234586296,-0.363904823174309,-0.6226125560849503,0.8981282436128611,-0.42567481706867083,-0.7392676700496982,1.765502498308588,-0.3930468116828233,1.0193936426084151,0.04421563035044761,0.024243436687883837,-0.5189817191591031,-0.45493738818575025,-0.48224439945605263,-0.7428028407037861,-0.40600577101901864,-0.2763661357125309,0.18790976744772325,-0.4331901010262467,-0.37137736558001827,-0.45846563727507206,0.14317418916863134,-0.3046687282774735,-0.17090361586775843,-0.009119233020543148,2.146214805175206,-0.8013187598535866,-0.17546541337303748,-0.480994930282192,-0.32574033986661105,-0.44929509409061896,-0.4977633839337437,-0.4756167309206416,-0.5424017364351811,-0.5058471996990813,-0.5260799035736196,-0.5003332386401885,-0.4770739784951946,-0.38341902227495434,-0.4272917151282791,-0.5583338595672794,-0.6248882917520885,-0.34307812060238235,-0.1179842699836074,-0.5074752304367945,-0.46564608430871623,-0.5297079638648843,-0.6969861695731483,-0.5670019233034216,-0.43563882387926617,-0.447935896170859,-0.5980821776018331,-0.3304528728092536,4.472588217926778,-0.2737957372935982,-0.30543105246251945,-0.46281911797427294,-0.23964666872357585,-0.37245706262709727,-0.43745496533950257,-0.40812133455439153,4.03274513904607,-0.33254646074207256,0.04656677935209515,-0.11597761511418048,-0.2993019202863956,-0.3095696528996101,-0.33522942561588975,0.22642198106678987,2.0681634524115444,-0.5554896926331678,-0.31756840753249194,-0.38083259898238764,0.9982942766814019,-0.5123347237417335,-0.5895730213519981,-0.4427144714791825,-0.3141197918118263,-0.2218782531815794,-0.41371833309551354,-0.1452174549122835,-0.25113112835241747,-0.3137527760168871,-0.36428007510919314,-0.2283669634522241,6.483100229488254,-0.35907660219054777,-0.18868665021652947,-0.37099678118071133,-0.46373382870100244,-0.2758932760786847,-0.3014802694024719,-0.35531411272575075,-0.2701914562147034,-0.3137257965376381,-0.22370825692169077,-0.6247304820974964,-0.2938444481468964,-0.32696847876400464,-0.20495568362279692,-0.4613920332082983,-0.3992722997428346,-0.27784254710902223,-0.18689805281054397,-0.18428360859852225
TR10005,-0.3812262390908104,-0.39481430422344715,-0.46473628021976104,-0.5496483387914572,-0.12068301506777834,0.019386703745209313,0.0627807015826572,-0.5563875647136567,1.3710868263954035,6.324026658349239,-0.023290753056464015,-0.6036401974236342,-0.4239910789500382,-0.5172922866260811,1.9432806944843497,0.8523246275856712,1.6442790360197523,-0.47473205608565344,-0.48263707676789047,0.5360841129179815,0.1412711977940334,-0.4660433343478151,-0.05129732581376362,-0.5226098469239926,-0.21030711943852518,-0.4547962877644613,-0.5563509640145652,1.0711189273484372,-0.5603281110115655,2.8062287068023877,-0.445679327499834,1.0452683527389226,1.7540092148359057,0.9919939719379529,-0.5921948417720293,-0.40600577101901864,-0.2763661357125309,-0.4817124815447351,1.936532323114738,-0.3275476799965127,2.1676018765208003,1.0243768036152545,-0.3046687282774735,-0.25331196725002153,-0.20991787197283884,-0.6566606082397969,-0.8013187598535866,0.21405673093492167,5.72517995436704,-0.32574033986661105,-0.44929509409061896,-0.4977633839337437,-0.4756167309206416,-0.45028504099979105,0.43830947277163984,-0.5289708553538092,-0.010010040117920312,-0.48002142980358303,-0.38341902227495434,-0.5834877910511347,-0.5583338595672794,-0.6298544203647838,-0.34307812060238235,0.08708888451361985,-0.5074752304367945,1.6394146900626976,-0.3456063515130331,0.6133639888205855,-0.5670019233034216,-0.43563882387926617,-0.447935896170859,-0.5998665482467975,-0.3048153799427032,-0.3157839615069132,-0.23578053000166121,-0.30543105246251945,-0.37679328965498043,-0.23964666872357585,-0.37245706262709727,-0.43745496533950257,-0.40812133455439153,-0.5247933071773396,-0.33254646074207256,-0.15794480271881173,0.5104691824903786,-0.2993019202863956,3.093989481425682,-0.33522942561588975,-0.3396639642480243,-0.49893358985191416,-0.5554896926331678,-0.2946384922588627,-0.38083259898238764,-0.5553188200427509,-0.5123347237417335,-0.5895730213519981,-0.4427144714791825,-0.3141197918118263,-0.2218782531815794,-0.26763044686536464,-0.1452174549122835,-0.3425915517453018,-0.3218331691671977,-0.39698746898164894,5.294882152516564,-0.2830827620365079,-0.3656453855408949,0.44164384209991064,1.4998370192008446,2.634740557314584,0.8207684217953158,0.10733280911801157,-0.35531411272575075,-0.2701914562147034,-0.3137257965376381,-0.22370825692169077,-0.6247304820974964,-0.2938444481468964,-0.32696847876400464,-0.20495568362279692,-0.4613920332082983,-0.3992722997428346,-0.27784254710902223,-0.18689805281054397,-0.18428360859852225
TR10006,0.7100065848519717,0.03279492583230529,-0.46473628021976104,1.1317684467462055,-0.19383956900239302,0.44968975633503283,-0.2667177879750519,1.8712526633269022,0.2864059961667324,-0.6486967331188555,-0.4830873632974093,2.6587512955446817,-0.4239910789500382,-0.5172922866260811,-0.3902174924370742,4.278359300164587,2.2130537775004733,-0.15241287726302724,-0.6283722605675266,4.177800882371391,-0.5517989122323862,-0.2624157200194844,0.4164662533630774,-0.36622748864116095,-0.17016739346084064,-0.4999383927182586,1.1541963876998669,0.28088650095536716,-0.5603281110115655,-0.5164955835097009,-0.3226491693568633,-0.5105552756190858,0.40138941238370407,0.7239760012925698,0.761009306158825,0.38705665917142684,-0.23951139225227502,-0.2355245695488062,-0.4331901010262467,0.9287462987850822,0.6142055797341446,-0.060070962247804074,-0.3046687282774735,-0.25331196725002153,-0.20991787197283884,-0.6572237554441046,-0.1453908564614187,-0.38587171573430823,-0.480994930282192,-0.32574033986661105,-0.44929509409061896,-0.4977633839337437,-0.4756167309206416,-0.2777074813008005,0.0628747182927603,0.24892644965960153,6.159277190143276,-0.4597261222229658,-0.38341902227495434,-0.5834877910511347,-0.5583338595672794,1.369012346245102,-0.34307812060238235,-0.573409419426573,0.09592328477376605,3.2497559617147465,-0.10786481884948451,-0.36078824546094523,0.3915524729729871,-0.43563882387926617,-0.447935896170859,-0.5998665482467975,-0.3304528728092536,-0.3157839615069132,-0.3487368421543094,-0.30543105246251945,0.3444094400760619,-0.23964666872357585,0.10750858215988608,-0.43745496533950257,-0.40812133455439153,-0.5247933071773396,-0.33254646074207256,-0.15794480271881173,1.5079587605271694,-0.2993019202863956,-0.10007198542668837,-0.33522942561588975,-0.3396639642480243,-0.49893358985191416,-0.5554896926331678,-0.31756840753249194,-0.38083259898238764,0.5650490449144767,-0.5123347237417335,-0.5895730213519981,-0.4427144714791825,-0.3141197918118263,-0.2218782531815794,-0.3078832425655372,-0.1369060244693415,-0.3425915517453018,-0.3218331691671977,-0.3238670789294824,-0.33213527489269834,-0.2830827620365079,-0.3656453855408949,-0.18868665021652947,-0.37099678118071133,0.1728140329398892,-0.2758932760786847,-0.2224553541446914,-0.35030239843363065,5.335979932005958,-0.23207659308007358,0.0013181165859967596,-0.6247304820974964,-0.2938444481468964,-0.32696847876400464,-0.20495568362279692,-0.4613920332082983,-0.3992722997428346,-0.27784254710902223,-0.18689805281054397,-0.18428360859852225
TR10008,-0.5152479691826083,-0.5031290664638262,0.0942632291681931,-0.2368650551309495,-0.44910112932022406,0.282979637312146,0.49765066271245445,-0.27369528473381577,-0.39987078835185513,0.9505666832352438,-0.30945787411551395,-0.6036401974236342,-0.07999653441509781,-0.4875720924684863,-0.014219944816143207,0.5249618245913524,0.3473603313582828,0.9696862988916588,0.19047571459175444,-0.06756606350724824,-0.5898344641897163,-0.5057765999614077,0.027555327163194088,-0.5226098469239926,-0.16063542933572628,-0.007197438937191536,-0.5331053651374575,-0.38553861219328417,-0.5345239265644406,0.3449201524005141,-0.3908210633164899,0.4924636290980537,-0.4843233418065444,-0.41392255258730243,-0.49964942466782436,1.2324606765634007,-0.16805890496377232,-0.2177191951568844,0.11077244149009653,-0.37137736558001827,-0.3203726107277962,-0.5511333416743986,0.37579648948689165,-0.25331196725002153,-0.1932344106395966,-0.3999866294753775,2.8474354582036856,-0.2621635816809209,-0.3802724601849099,-0.32574033986661105,0.8003334525283925,2.162666333982843,-0.10841891665738236,-0.13507879086591823,-0.17689873834921327,-0.5090811071061049,0.4731594524805016,-0.48002142980358303,4.442598313581618,0.1550982581677934,0.3260949610177289,-0.45611330998368765,-0.34307812060238235,-0.33971055053044025,-0.1811110590089419,-0.03300564291188419,-0.39642895591092336,1.3095087811799886,0.232919354642167,0.4365143828152082,0.06927565378570817,-0.04161087161567575,3.2462000070560078,-0.3140311934240704,-0.26764283940417116,4.9379916362025975,-0.2646279897687251,-0.04739050095273485,-0.18132365255807664,0.8960888961151214,-0.40812133455439153,-0.5247933071773396,-0.33254646074207256,-0.13041124100741958,-0.22255805697386136,0.5080052106742259,-0.2737332047501932,-0.33522942561588975,-0.1684924557342705,-0.49893358985191416,1.4444017205832056,5.6892832256347035,0.5500652984361754,-0.5960198435137807,-0.5123347237417335,-0.5895730213519981,-0.4427144714791825,1.154942721281248,-0.2218782531815794,0.46713610705335856,-0.12593740808553328,-0.3425915517453018,-0.3218331691671977,-0.39698746898164894,-0.33213527489269834,-0.2794955014291382,-0.3656453855408949,-0.13639099247781059,-0.37099678118071133,0.5965900477159847,-0.15183465019407985,-0.3014802694024719,-0.35531411272575075,-0.2701914562147034,0.377775191567338,-0.22370825692169077,1.0640173127938062,-0.11124661870548035,-0.32696847876400464,-0.20495568362279692,-0.4613920332082983,-0.3992722997428346,-0.27784254710902223,-0.18689805281054397,-0.18428360859852225
TR10011,-0.529500020516958,-0.6263860352355399,-0.46473628021976104,-0.6165065200587854,1.6730073073290694,-0.7569096143691187,-0.44774021198602015,-0.8160883575095269,-0.47556650367807135,-0.8297633570591587,-0.6631732971881427,-0.6036401974236342,-0.4239910789500382,-0.5172922866260811,1.8550290862694858,-0.6801914588915221,-1.4091063215065445,-0.9155606760427036,-0.6283722605675266,-0.8228992109258627,-1.1002840421298596,-0.5125619587448369,-1.0648058261956979,-0.5226098469239926,-0.42567481706867083,-0.6060488664014279,-0.5563509640145652,-0.5203742896730794,-0.5603281110115655,-0.5164955835097009,-0.445679327499834,-0.5189817191591031,-0.4843233418065444,-0.5947571189270795,-0.8039764371810866,1.3438679824292454,7.81519797387819,-0.5557906460552219,-0.4331901010262467,-0.37137736558001827,-0.4719883055928083,-0.5724064409217076,-0.3046687282774735,5.105828606914916,-0.20991787197283884,-0.6572237554441046,-0.8013187598535866,-0.3721210716678847,-0.480994930282192,-0.32574033986661105,-0.44929509409061896,-0.4977633839337437,-0.4756167309206416,-0.8013037051619213,-1.16803831076704,-0.5289708553538092,-0.5003332386401885,-0.48002142980358303,-0.38341902227495434,-0.5834877910511347,-0.5583338595672794,1.2884717702591595,-0.34307812060238235,-0.3475072413627556,-0.5074752304367945,-0.46564608430871623,-0.5297079638648843,1.2089810723688483,-0.5670019233034216,-0.43563882387926617,-0.447935896170859,-0.5998665482467975,-0.3300476953429709,-0.3157839615069132,2.3802137906380687,-0.30543105246251945,-0.46281911797427294,-0.23964666872357585,-0.37245706262709727,-0.43745496533950257,-0.40812133455439153,-0.5247933071773396,-0.33254646074207256,-0.15794480271881173,-0.8884608122159324,-0.2993019202863956,-0.3095696528996101,-0.33522942561588975,-0.3396639642480243,-0.49893358985191416,-0.5554896926331678,-0.31756840753249194,-0.38083259898238764,-0.5987986282487505,-0.5123347237417335,-0.5895730213519981,-0.4427144714791825,-0.3141197918118263,-0.2218782531815794,-0.41371833309551354,-0.1452174549122835,-0.3425915517453018,-0.3218331691671977,0.6326753183496039,-0.33213527489269834,-0.2830827620365079,-0.3656453855408949,-0.18868665021652947,-0.37099678118071133,-0.46373382870100244,-0.2758932760786847,-0.3014802694024719,-0.35531411272575075,-0.2701914562147034,-0.3137257965376381,-0.22370825692169077,-0.6247304820974964,-0.2938444481468964,-0.32696847876400464,-0.20495568362279692,-0.4613920332082983,-0.3992722997428346,-0.27784254710902223,-0.18689805281054397,-0.18428360859852225
TR10013,-0.269786599297263,-0.2780513801710017,0.04092082185815514,-0.5945047206111187,-0.3172776283978145,0.3171735718571046,-0.3108065050998109,-0.4980211868576855,-0.24944776811680242,-0.36963926223816607,-0.107147365609498,-0.5018540627347909,0.10837869394867337,0.0930089294231599,0.06457817397505676,0.2967338385982736,0.17005524879167258,-0.5871959422216058,0.218711225532252,0.036632101929933235,-0.47512921602462704,1.3793880274454724,-0.36036969390425366,0.7705384062974853,-0.18655533997922377,-0.2524595468225998,-0.04158638367057814,-0.4831452055572933,-0.4450033536375855,0.24464919365695265,-0.4350386061872411,-0.33326215285172806,-0.43208785390646354,0.07514827484198047,0.3176170313114715,-0.40600577101901864,-0.1828348250599495,-0.3173742876055428,0.012282445500706136,-0.18338380000398283,-0.4638400310936595,-0.42517578131450834,-0.030520134404331635,-0.20081425168557718,-0.20991787197283884,-0.5841878949469698,-0.1992542864598071,-0.2384276345575971,1.2442484949245334,-0.32481574342295,0.247817442697089,-0.09475288267848528,-0.4756167309206416,2.0838962510515167,0.02290273813050794,0.7000636048892992,-0.499838742839001,-0.43817814783628356,0.5531695289192069,-0.5305009937999358,-0.3474320490253091,-0.47499316100264166,-0.11082694117007873,2.873459656722639,0.6576928382009926,-0.46564608430871623,-0.4122458554900136,-0.6678042986662582,-0.3065096447812327,-0.13708522753079144,-0.447935896170859,1.0462784555435032,-0.3301367453355605,0.9817807390769417,-0.3413414503618999,-0.30543105246251945,-0.162536958672199,-0.23964666872357585,-0.24309749652215326,-0.37730979118110586,-0.40812133455439153,-0.22965806289676852,-0.1522768373199496,-0.016267422901345904,-0.232545436979236,-0.2993019202863956,0.6566291726683662,-0.33522942561588975,-0.3396639642480243,-0.49893358985191416,-0.5475359161246223,-0.31756840753249194,-0.3696249047500112,-0.4672422411392441,-0.3619423203748663,-0.5474256677730057,1.0786514703850487,-0.2167364711674049,-0.2218782531815794,0.4875263538527118,-0.1452174549122835,-0.19323645339578024,-0.24915832883597158,2.5125243860473736,-0.33213527489269834,-0.2830827620365079,-0.3656453855408949,-0.16846260265438093,-0.37099678118071133,-0.4353509081457957,-0.19794017454285373,-0.3014802694024719,-0.35531411272575075,-0.00400974189740982,-0.011952988452425845,0.637445683094025,-0.07216471350942194,-0.2938444481468964,-0.25586163431364034,-0.10938188169528891,-0.4613920332082983,-0.3992722997428346,-0.27784254710902223,-0.18689805281054397,-0.18428360859852225
TR10014,-0.5062794383189286,-0.30818374766840706,0.802964894776525,0.24746754018402453,-0.3565965510638217,0.3673481768423188,-0.3800325392587118,-0.02920525657633981,-0.4253807575044146,-0.11606939597376668,0.14817801359338997,0.007649208841883542,-0.30378755355553205,-0.5172922866260811,-0.3651985899140256,1.2540321343047363,-0.62892236781145,-0.586588626194362,1.0608012932985023,-0.8228992109258627,-0.7392081826634542,3.2542289773789017,0.10383553829159255,-0.5226098469239926,-0.19346992051260592,0.23262316534136931,-0.4171492491013595,-0.1156221824729074,-0.4267206252183767,-0.3182291038155486,0.5428640474569184,-0.4974088976685688,1.2129668805382232,0.27489364550487144,-0.8039764371810866,-0.35831479456488136,-0.19868174179679335,0.9559805663291483,-0.4123574161288394,0.024570165301149458,-0.4596329787281416,-0.45191224471470115,-0.3046687282774735,-0.25331196725002153,-0.05178679321523488,-0.5488080066367035,-0.3472035865232015,-0.3791036344260512,-0.46663945092020215,-0.32574033986661105,-0.44929509409061896,-0.3915852754456067,-0.2970496507545869,-0.4865555444627476,1.826432640618179,0.2746807000899762,-0.48643084240108775,0.14348031465053404,-0.25980240856383513,-0.420295305149589,1.8042077328640544,0.41253719862436145,-0.34307812060238235,-0.45454142424522104,-0.17569830984089607,0.3844499921182851,-0.5121829278656118,0.03072900136279237,-0.4604716262255313,-0.41848266905792086,-0.447935896170859,1.0081457939825982,-0.3304528728092536,-0.21521040066038555,-0.314006584496285,-0.19895134779823717,-0.04474079372096192,-0.028410317581315667,6.365337275371513,-0.3894614930346506,3.1680875648470903,-0.5057940046685366,0.2667338773009479,-0.15794480271881173,0.21842541657740372,0.43574860856655623,0.5047308159745352,0.718380125344232,-0.3396639642480243,-0.45773277242854665,-0.5519961830617349,0.08455679232332608,-0.04229430555148671,-0.5909254048330025,0.3353577866577341,-0.3644684764864792,-0.4427144714791825,-0.3141197918118263,-0.2218782531815794,-0.41371833309551354,0.15105877749429922,-0.339391571671258,-0.31263272152080446,-0.0511890509724072,-0.17040043486699466,-0.2830827620365079,-0.3656453855408949,1.2452700384205202,-0.29265948311246354,2.906329419924512,-0.2758932760786847,2.9954261928808834,-0.35531411272575075,-0.2605201872611751,0.28788616023790914,-0.22370825692169077,-0.5838235991741146,-0.2938444481468964,-0.32696847876400464,0.1592172715088489,0.2416330576073288,-0.11024577218474724,0.3142435122435862,-0.18689805281054397,-0.18428360859852225
TR10015,-0.39586822654966797,-0.6263860352355399,-0.46473628021976104,2.333269615192337,-0.24533567880694185,-0.7569096143691187,0.05801473375571417,-0.3882582051443157,-0.466303742984115,-0.15714225707530619,-0.6631732971881427,1.1292598840161587,-0.4239910789500382,1.6485394983470933,-0.5979086558475877,0.21378053090429602,1.4946835587919498,2.6449951653174497,0.3125874902025882,-0.5110668573413195,-0.7190805168080016,3.6256187381802945,-0.03633883331342419,-0.5226098469239926,-0.25107189224408605,-0.1915672991695422,3.7832600267832635,0.6964664566775454,-0.5603281110115655,-0.5164955835097009,-0.21392543556240262,-0.006019622768694652,-0.4843233418065444,-0.5947571189270795,-0.8039764371810866,-0.40600577101901864,0.8621823601822035,2.4429644264210273,-0.30669432742108765,-0.06199422837535965,-0.3815944689150175,-0.14996631673408098,-0.3046687282774735,-0.25331196725002153,-0.20991787197283884,-0.6572237554441046,-0.4374386919445822,-0.19538835694241363,-0.480994930282192,-0.32574033986661105,-0.44929509409061896,-0.4977633839337437,-0.4756167309206416,-0.3197091925801041,0.007079481671638164,1.9475671170767044,-0.5003332386401885,-0.21177178090479246,-0.38341902227495434,-0.5834877910511347,2.2772560807660813,0.007082153823081267,-0.34307812060238235,0.8644429309041703,-0.5074752304367945,0.7706651211088055,0.20964890299556263,0.47575872053656926,1.440593775618906,-0.43563882387926617,-0.447935896170859,2.5538072993317242,-0.3304528728092536,-0.3157839615069132,-0.34690714222868446,-0.30543105246251945,-0.46281911797427294,-0.23964666872357585,-0.37245706262709727,-0.43745496533950257,-0.40812133455439153,-0.5247933071773396,-0.33254646074207256,-0.15794480271881173,0.3947433199862413,-0.2993019202863956,-0.3095696528996101,-0.33522942561588975,-0.3396639642480243,-0.11487902577284329,-0.5554896926331678,-0.31756840753249194,-0.38083259898238764,2.73577029670273,-0.5123347237417335,-0.5895730213519981,1.4452471352813836,-0.3141197918118263,-0.2218782531815794,-0.41371833309551354,-0.1452174549122835,-0.3425915517453018,-0.3218331691671977,-0.39698746898164894,-0.33213527489269834,-0.2830827620365079,-0.3656453855408949,-0.18868665021652947,1.1195148968292379,0.8720477925637552,-0.2758932760786847,5.3843948890729605,1.7711449991415094,-0.2701914562147034,-0.2999462958047741,-0.22370825692169077,-0.6247304820974964,-0.00024863657808422914,-0.32696847876400464,-0.20495568362279692,-0.4613920332082983,-0.3992722997428346,-0.27784254710902223,-0.18689805281054397,-0.18428360859852225
TR10018,0.5193711462037096,-0.6263860352355399,-0.35363450641751126,0.4859406317923058,-0.25428170695411856,-0.7569096143691187,0.04964968697981123,1.3288267142587447,0.06938352266625626,-0.3090078958501792,-0.335720942034731,-0.44044972967310464,-0.4239910789500382,-0.2262512130778915,0.571810718277961,1.0187798556149055,0.010296117072806458,-0.39216468165447194,-0.6283722605675266,1.0933595612372051,0.9279711189993496,-0.5125619587448369,0.852621595448328,-0.5226098469239926,-0.27685507389398556,-0.6538552090262335,3.579017595819969,-0.051189799909859134,-0.5603281110115655,-0.5164955835097009,1.1643025371292135,-0.39143088726661374,-0.34566186483542066,0.23968212183032342,-0.13161929909288647,1.0092511085049687,-0.2763661357125309,5.736639310013697,-0.09488030742776102,-0.3637920466514004,-0.4719883055928083,4.045016810472811,-0.3046687282774735,-0.25331196725002153,-0.20991787197283884,-0.6572237554441046,-0.7526727721290387,-0.36854638083605884,-0.09870713146816558,-0.32574033986661105,0.3020770324037457,-0.4977633839337437,-0.4756167309206416,0.11318532321058636,1.5456160910690453,-0.07968390926343281,-0.5003332386401885,-0.48002142980358303,-0.38341902227495434,0.9393811389957886,-0.0384539284598289,3.021620076480159,-0.34307812060238235,0.6361815599833258,-0.5074752304367945,-0.46564608430871623,-0.5297079638648843,0.016435082407127464,-0.5670019233034216,-0.43563882387926617,-0.447935896170859,-0.5998665482467975,-0.3304528728092536,-0.19765554513299918,1.1009216435699842,-0.30543105246251945,-0.11220391992807648,-0.23964666872357585,-0.37245706262709727,-0.43745496533950257,-0.40812133455439153,-0.5247933071773396,-0.33254646074207256,-0.15794480271881173,0.8278297953937217,-0.2993019202863956,-0.07019824041473748,-0.33522942561588975,0.5588689248885449,-0.49893358985191416,-0.5554896926331678,-0.31756840753249194,-0.38083259898238764,-0.005310143431894529,-0.5123347237417335,-0.5895730213519981,-0.4427144714791825,-0.3141197918118263,-0.2218782531815794,2.414066949736532,-0.07841703625934451,5.3818323773070045,-0.3218331691671977,-0.37176628490450403,2.532424244513301,2.22167842234327,-0.3656453855408949,-0.18868665021652947,-0.37099678118071133,-0.3010906887627347,-0.2758932760786847,-0.3014802694024719,-0.07327848315177735,2.8184924294850657,-0.3137257965376381,-0.22370825692169077,-0.6247304820974964,-0.2650815323842987,-0.32696847876400464,-0.20495568362279692,-0.4613920332082983,-0.3992722997428346,-0.27784254710902223,-0.18689805281054397,-0.18428360859852225
TR10020,-0.5210605257988095,0.014977628593439818,2.960259723575899,-0.48058604165817326,0.9349950218507539,-0.22235031289608356,1.082585345331307,-0.24132309543855882,-0.43321129016003546,1.0977068230055942,-0.46441897784944486,3.0350573348805305,-0.4239910789500382,-0.5172922866260811,-0.3619712657301163,-0.6757923033193957,0.06610523776926035,1.9887625926066355,-0.6283722605675266,-0.8073581266230998,4.159621261367393,-0.5001468054465146,-0.27479549932299596,-0.5200305753280764,0.1522200407297592,-0.5061849343746143,-0.552334579306931,-0.07302373314353386,-0.5159998000632549,-0.5164955835097009,0.9527863807025749,0.5545359275582035,-0.3185385179097636,-0.5947571189270795,2.0779279748103683,-0.40600577101901864,-0.2763661357125309,-0.29835349901746094,-0.4319975969471237,-0.06948167222102758,-0.4719883055928083,1.098422398361297,-0.29512822508151965,-0.21596036364042945,-0.20991787197283884,0.39325209657982735,-0.11641127388110005,-0.38022370422002333,0.10308898057142861,-0.32574033986661105,-0.44929509409061896,-0.03467264857400833,0.747638754643315,0.11674824103602409,0.12463897411959735,0.29179513462869844,-0.44832640880672314,-0.08033650577430153,-0.38341902227495434,-0.5834877910511347,-0.5583338595672794,0.07634496975753334,3.2810208301887593,-0.1362207046083839,-0.42119108801708255,-0.3350641930879495,-0.21944827590814356,0.35488538162749583,-0.38578800539733715,-0.3502048231146733,-0.28104062364627763,-0.3981545616002206,-0.3304528728092536,-0.29379963004924203,-0.029424419320020784,-0.30543105246251945,0.16747770038115944,-0.0664934010269865,-0.37245706262709727,0.27541293219818036,-0.40812133455439153,0.7953549666933571,-0.33254646074207256,-0.15794480271881173,-0.8884608122159324,-0.2993019202863956,-0.3095696528996101,-0.31467373594782905,-0.3396639642480243,-0.49893358985191416,2.4812050517579265,-0.31756840753249194,-0.38083259898238764,2.740973707333899,-0.46716793977145005,-0.08743186887219506,-0.39786383998441743,-0.31316383091774963,-0.13157042572086422,1.8032882940573542,-0.14339450176680552,-0.3425915517453018,0.01587717512216948,-0.3738258880778551,-0.33213527489269834,-0.2830827620365079,0.45329053873242353,-0.18868665021652947,-0.3542333273607378,-0.46373382870100244,-0.2758932760786847,-0.3014802694024719,-0.35531411272575075,-0.2634481861186653,1.576678857101049,-0.22370825692169077,-0.36576750366516947,-0.2938444481468964,-0.26280339381269224,-0.20495568362279692,-0.14069964538738758,0.3652257244230551,-0.27784254710902223,0.12284956641617296,0.8546105070776022
TR10023,-0.30233372388849084,-0.49729623357051966,-0.3876710742330861,-0.3938820711057107,-0.44720914947708745,-0.5617339261245264,-0.44774021198602015,-0.6374385843574348,-0.4610114650014162,1.6318044673662726,-0.601933533281506,-0.5444989903140437,-0.19926417660410106,3.0803731806087957,-0.39632941611279604,-0.6749258029794314,-0.6883446546824763,-0.8628069974943962,-0.49031786205909983,-0.6446075177680459,-0.368455081125282,-0.4728382432491662,-0.26721450134072117,-0.3421489469724527,-0.42567481706867083,4.037369082574715,-0.4043956828912717,-0.3837562502966576,-0.5603281110115655,-0.17619844386194983,-0.412407981194669,-0.5103019192988403,-0.42071895359879885,-0.1806072211251335,-0.6821235175820533,-0.17707921013099115,-0.25631190331347087,0.10425023555144906,-0.42113858252965464,0.4970927142052513,-0.404305616987113,-0.5597786651690717,-0.2941372563177851,-0.25331196725002153,-0.20735741354559573,-0.35063011772156355,1.189840295073674,-0.337899364771205,-0.43743897992739267,-0.32574033986661105,-0.44929509409061896,-0.4669861609291242,-0.4756167309206416,-0.35166347559167327,-0.4770245294724633,0.2620596306038913,-0.5003332386401885,-0.48002142980358303,-0.20891574106510036,-0.027371049633080534,-0.0902212643899408,-0.6104608319031372,-0.34307812060238235,-0.5542267844580688,4.903896146911688,-0.33130520915894723,0.6673850964246625,-0.2830936799166468,-0.4520679453782845,-0.15102916613026784,0.4186852096179285,-0.26412249184092806,0.24507277679780512,-0.19580766560380067,-0.34480511487226884,0.09604002600369041,0.10688652786559402,-0.11283940913004242,0.46204961518825116,-0.020310424108353372,-0.40812133455439153,3.8587980203794228,-0.3206085360710062,-0.1327882602269149,-0.7711961963970135,-0.22402929507026012,-0.3095696528996101,-0.33522942561588975,-0.2658430191110504,-0.49893358985191416,-0.3408915292106135,-0.31756840753249194,0.352141185584586,-0.3148722115050612,4.053954984241836,0.5962606258754891,1.4784725219244215,-0.20987849084033303,-0.2218782531815794,-0.3954388778902962,-0.03815757950412736,-0.3425915517453018,-0.21485405107085637,-0.3145272262781555,-0.25994768234910604,-0.2830827620365079,-0.3656453855408949,-0.18868665021652947,-0.37099678118071133,-0.46373382870100244,-0.09947963376571449,-0.3014802694024719,-0.35531411272575075,-0.12104096895891323,-0.25761483337638025,-0.22370825692169077,0.05021409501345238,-0.2938444481468964,-0.2579995906612571,-0.20495568362279692,-0.46103036894802935,-0.2149470441865069,-0.19655818941674416,0.5151718531126839,-0.18428360859852225
TR10024,0.4140427860223314,-0.6263860352355399,-0.46473628021976104,-0.6165065200587854,6.793615716114475,-0.7569096143691187,-0.44774021198602015,3.005988855868095,1.3203438194903423,-0.5640138761391079,-0.6631732971881427,-0.6036401974236342,-0.4239910789500382,-0.4924715983450452,3.1386472997351236,-0.6801914588915221,1.5654132362093,3.9800690301169253,-0.6283722605675266,0.033301869579341066,0.8548430938590925,-0.5125619587448369,1.4688281093148403,0.2612884642286351,0.4394681235656853,-0.7698129819453641,0.2736442043981408,7.3508254796377805,-0.5603281110115655,-0.5164955835097009,-0.445679327499834,-0.5119815778663938,-0.4843233418065444,-0.5947571189270795,1.5731295042595645,-0.4044950630692292,-0.2713226280422774,0.34817588024795587,-0.4331901010262467,-0.37137736558001827,4.228063561714059,0.737260006906747,-0.3046687282774735,-0.09680214371654808,-0.20991787197283884,-0.6568346185232661,-0.7584231327240952,-0.3757434250441349,-0.480994930282192,-0.32574033986661105,-0.44929509409061896,-0.4977633839337437,-0.4756167309206416,2.9783718610102796,-1.16803831076704,-0.5289708553538092,-0.5003332386401885,6.133932986878178,-0.38341902227495434,-0.5834877910511347,-0.5583338595672794,1.9049872810999928,-0.34307812060238235,-0.573409419426573,-0.5074752304367945,-0.46564608430871623,-0.5297079638648843,1.7578551845789756,-0.5670019233034216,-0.43563882387926617,-0.447935896170859,-0.5976676268459323,-0.32445980830797244,-0.3157839615069132,0.048776104477966445,-0.30543105246251945,-0.46281911797427294,-0.23964666872357585,-0.37245706262709727,-0.43745496533950257,-0.40812133455439153,-0.5247933071773396,-0.33254646074207256,-0.15794480271881173,-0.31569618214026196,-0.2993019202863956,-0.3095696528996101,-0.33522942561588975,4.962221897542277,-0.49893358985191416,-0.5554896926331678,-0.31756840753249194,-0.38083259898238764,3.084916425755419,-0.5123347237417335,-0.5895730213519981,-0.4427144714791825,-0.3141197918118263,-0.2218782531815794,-0.15841808978477073,-0.1452174549122835,-0.3425915517453018,-0.3218331691671977,-0.39698746898164894,-0.33213527489269834,-0.2830827620365079,-0.3656453855408949,-0.18868665021652947,-0.37099678118071133,-0.46373382870100244,-0.2758932760786847,-0.3014802694024719,5.517739300880546,-0.2701914562147034,-0.3137257965376381,-0.22370825692169077,-0.6247304820974964,2.1672408888542205,-0.32696847876400464,-0.20495568362279692,-0.4587733160644989,-0.3992722997428346,-0.27784254710902223,-0.18689805281054397,-0.18428360859852225
TR10027,-0.405454726359205,-0.4514128557903798,-0.46473628021976104,-0.6067891679672102,-0.477465255116712,0.6928662083652458,-0.44774021198602015,0.2675252002779845,-0.40696906681468514,-0.6850646111305083,-0.6330132118450653,-0.6036401974236342,-0.4239910789500382,4.221207487244664,-0.5536971705671317,-0.42100531282326936,0.33093212256454324,0.02807040392422285,-0.5850657052021975,-0.20329374219406499,-0.8479025665520081,-0.3833870637347534,-0.9874903158901525,-0.46109982647355646,-0.3820973335376664,1.652878673721416,-0.5563509640145652,-0.27552232412401295,-0.3010284554815931,-0.5164955835097009,-0.0786508110286251,-0.5182967187376986,-0.251554186367307,-0.5299482166114078,-0.7850196002499078,-0.31419817286776225,-0.2763661357125309,-0.40399694608223646,-0.13363668999926026,0.8109291676841306,-0.4383087709963267,-0.34468621859326937,-0.3046687282774735,-0.25331196725002153,-0.20991787197283884,-0.6315855061256952,-0.5903518683063997,-0.38587171573430823,2.935949688145349,-0.32574033986661105,-0.44929509409061896,-0.365568746204356,-0.4756167309206416,-0.7193667749420679,-1.0152781585659645,-0.37198391382728613,-0.42880559836936794,-0.4769687123770379,-0.38251348695922166,-0.5834877910511347,0.09527593653966382,-0.12069780320283537,-0.15675518283399767,-0.5625407314782886,0.8101355374974099,2.2531562779795804,1.5497152000133514,-0.5474631143157075,1.557535905850398,-0.20988937815030886,-0.447935896170859,-0.5998665482467975,-0.32876537544968043,-0.3157839615069132,-0.33203976655395556,-0.30543105246251945,-0.4486844975050331,-0.23964666872357585,0.15298282443834543,-0.43438828979286664,1.5178599546745706,-0.49051281687693155,-0.33254646074207256,-0.15794480271881173,1.538617694497157,-0.2778241799685327,-0.3095696528996101,-0.26375005875622215,0.16916109192376533,-0.49893358985191416,-0.5241359935235145,-0.31756840753249194,-0.28436637362514733,-0.5334971869769579,2.0483766125722243,1.0133057372566794,3.883636175475676,1.8551078764110138,-0.18218467308651629,-0.41371833309551354,-0.14243667892765607,-0.3425915517453018,-0.3130675252848117,-0.39607407974824976,-0.33213527489269834,-0.2830827620365079,-0.3656453855408949,-0.18825635133222846,-0.37099678118071133,0.29635144508617106,-0.2758932760786847,-0.3014802694024719,-0.3494295717872502,-0.2701914562147034,1.2561791674888725,-0.2224098717878563,5.346724868473805,-0.2938444481468964,-0.32696847876400464,-0.20495568362279692,2.089117910098921,-0.3992722997428346,-0.27784254710902223,-0.18689805281054397,-0.014805702088079985
TR10030,-0.34979419499598213,-0.3166673315425786,1.9485501394421223,1.6645566051460823,0.0820702651590522,0.38315258988801276,-0.3012745694459249,-0.21490151507604532,0.03226112333336083,-0.23729793555868015,0.16756020916354677,2.185648905245694,-0.4239910789500382,-0.5147695623236827,-0.5245370113479164,1.6066362460188428,1.2996245733675482,0.5556347946812636,-0.18312276618042506,-0.1432501499624947,0.3398292496840697,-0.4860174059812315,-0.12212641016783436,-0.5106026167305816,-0.25880684673905585,-0.30126007683805883,-0.5563509640145652,-0.378030412703745,-0.3244567745955757,0.4061185936133555,0.2400617029275086,-0.09031220887111735,0.09049049242226012,0.08593334293250633,3.6612599821128167,-0.40600577101901864,-0.2763661357125309,-0.42955613074747145,-0.07518592187860751,0.04482419027909599,-0.1601463279168752,0.3905865372349362,-0.05278778544824832,-0.25331196725002153,0.4553104802419096,0.4944600017044534,-0.4299090717932076,-0.3809624736586007,0.45214315296032964,-0.32574033986661105,2.127368518638447,-0.4977633839337437,-0.40028419669514387,-0.34173820450652515,0.2976723693652061,1.0224625474160405,-0.5003332386401885,0.45354166568117704,-0.3353152194050566,-0.5834877910511347,-0.35689708072088766,0.6842492625113283,-0.34307812060238235,-0.35532916420423705,0.22331971746531687,-0.2564530460103392,-0.2668102402859243,-0.5320430078059598,-0.2631597482549158,-0.43563882387926617,-0.447935896170859,1.7367818312889531,-0.3304528728092536,-0.283975976375635,0.4400170099698444,-0.30543105246251945,-0.023481405210316535,-0.08076944412316171,-0.32253747443437863,-0.42974994302857983,0.8723406410161453,-0.5247933071773396,-0.33254646074207256,-0.15794480271881173,-0.8884608122159324,-0.2993019202863956,-0.26004107161971574,-0.33522942561588975,-0.3396639642480243,0.4660811115754049,-0.5554896926331678,-0.31756840753249194,-0.38083259898238764,-0.322336790106843,-0.5123347237417335,-0.5895730213519981,-0.4141003510612561,-0.27390016173204895,2.6269446597941486,-0.39054184139190085,-0.14305462914646216,-0.3425915517453018,-0.3218331691671977,-0.2615685603338149,-0.33213527489269834,-0.2830827620365079,-0.3656453855408949,-0.18868665021652947,-0.2828117122918036,1.3257075873838757,0.36573503988095796,-0.1595026908474741,-0.2140851302017365,-0.2701914562147034,-0.004113828743464023,-0.22370825692169077,-0.6068028602406382,0.17239717846249633,-0.32696847876400464,-0.20495568362279692,-0.4613920332082983,-0.3992722997428346,-0.27784254710902223,-0.18689805281054397,-0.18428360859852225
TR10032,-0.5105846979860091,-0.46283647081927465,0.15462080694403663,-0.331642037367052,-0.358737680515931,0.3316266782111592,0.7787443521870816,-0.17823349023449836,-0.40441552145096243,0.8034607366559537,-0.3386147668544292,-0.6036401974236342,0.02280284715777512,-0.46862038675873274,0.057609438569093445,0.6302595611703264,0.7635762794680268,1.8216678692927133,0.2888188189349925,0.01898684096784089,-0.5498784286253604,-0.4996549743735425,-0.33973681354749163,-0.5189371884558945,-0.13649299560900222,0.13535657670637863,-0.5374059863013243,-0.3691408827443203,-0.5369124970597924,0.447228169739687,-0.38270051284109,0.14700759465959312,-0.4843233418065444,-0.37807081939139886,-0.61286709799606,1.1937648304508202,-0.1552884081075011,-0.15858973809551988,0.20302889342952551,-0.37137736558001827,-0.31675500800689754,-0.5415274266803173,0.5097327186716366,-0.25331196725002153,-0.19300670188618566,-0.36482700734671786,2.6280235303565838,-0.25363198622896316,-0.40609955315121776,-0.32574033986661105,1.0106287281685313,2.507544791334008,-0.06142300492132184,-0.39957963046120365,0.39382908169218345,-0.502952289332103,0.5597527314941689,-0.4792635137528546,4.6254060162235575,0.13459828767079215,0.28553468715661484,-0.5152848547223917,-0.34307812060238235,-0.3025248770219458,-0.11209850711635785,0.0293116114516944,-0.38205398967354537,0.5846895210974029,0.603718129687892,0.02690206084132278,0.25078084370005965,0.12701515832444085,2.2677498559787135,-0.3157839615069132,-0.2961691377794953,5.8875989383396,-0.40638022962907494,0.04949433593348575,-0.03558216354688098,0.9734649535011783,-0.40812133455439153,-0.5247933071773396,-0.33254646074207256,-0.12660390689382597,-0.10517730882929861,0.5698428238617408,-0.2664655329126084,-0.33522942561588975,-0.15288439728149203,-0.49893358985191416,1.6536387749779005,3.6788537684865297,0.6484387154590091,-0.5906802179446228,-0.5123347237417335,-0.5895730213519981,-0.43837017329868316,1.4783484480991065,-0.2218782531815794,0.6246222678918416,-0.12507227777920477,-0.3425915517453018,-0.3218331691671977,-0.39698746898164894,-0.33213527489269834,-0.2690819973359,-0.3656453855408949,-0.1336657662105707,-0.37099678118071133,0.7031010427724509,-0.13997717018876232,-0.3014802694024719,-0.35531411272575075,-0.2666719424365081,0.22236820542589722,-0.22370825692169077,2.0057112295249118,-0.11864800241319552,-0.32696847876400464,-0.20495568362279692,-0.4613920332082983,-0.3992722997428346,-0.27784254710902223,-0.18689805281054397,-0.18428360859852225
TR10033,-0.18214218441154592,-0.4958321216701755,-0.4062087469132581,-0.5801998337112344,-0.09718509257153879,-0.33198241231342523,0.5632213823138179,-0.36255990321561643,-0.03737608050447538,1.2907684183698234,-0.19293319470899742,-0.6036401974236342,2.755319103168606,0.8950371924546816,-0.11917938177071377,-0.12454939769465928,0.08794019882423058,-0.32409007605524304,0.594779178643922,0.048975500443321655,-0.2775937593019682,-0.4379421123629585,-0.0018104202985077802,-0.3850794007560329,0.11969807296681775,-0.41612447429739896,-0.5366150674665903,-0.43680379624500404,-0.5603281110115655,0.5918810008642327,-0.445679327499834,-0.4879314945779034,-0.3954950789604176,-0.5836437382614995,-0.5202053812787802,-0.39802765321882344,-0.26324822383859375,-0.35286083347882985,-0.43201566519074674,-0.37137736558001827,-0.4584771951112411,-0.41647042085112224,-0.22848071803035538,-0.25331196725002153,-0.20991787197283884,-0.656906572142591,-0.17284474546083664,-0.38587171573430823,0.30289511882251874,-0.32574033986661105,-0.44929509409061896,-0.4977633839337437,-0.4756167309206416,-0.4809363140637715,-0.3359687183566565,-0.5289708553538092,0.6931912460736678,-0.17743397316206772,0.10139575127744474,-0.12784047544594943,0.014997370164588443,4.560343224329748,-0.34307812060238235,-0.18028210061463218,-0.5000203986280769,0.4468565688722558,-0.12192921482864748,-0.6877415310797442,0.5929024832987732,-0.23498481738365964,-0.0630618261542617,-0.42413307563667135,-0.3304528728092536,-0.3157839615069132,-0.27091076857365937,-0.30543105246251945,-0.10942296207965695,-0.03055785988088356,0.0963622888859842,4.922729722458899,-0.40812133455439153,-0.5247933071773396,-0.33254646074207256,-0.10833222031634898,-0.43554474220475753,-0.2993019202863956,-0.3043899309822154,-0.33522942561588975,-0.2514337723767836,-0.32056838442325236,-0.5554896926331678,-0.31756840753249194,-0.38083259898238764,-0.4289386005768159,0.19091065964733867,-0.4412840668652698,-0.18515098298448837,-0.16917395306066166,7.143935957767822,1.4440104568194747,-0.1452174549122835,-0.3425915517453018,-0.3218331691671977,-0.3930025845810349,1.02683132860486,-0.18297032887258385,1.7022701729898118,-0.1830353915360426,0.5960260035946489,-0.4265625420279379,-0.2758932760786847,2.645809565963463,-0.11050031626516386,-0.20258130077811082,-0.3042665438221575,-0.22370825692169077,0.22081136952632952,4.5404205608960115,-0.32696847876400464,-0.20495568362279692,-0.4613920332082983,-0.3992722997428346,-0.27784254710902223,-0.18689805281054397,-0.18428360859852225
TR10034,-0.5175442596935986,0.08653609772275982,-0.46473628021976104,-0.5157775503354489,-0.3567678414199904,-0.5010132536980405,-0.44459101790568023,0.8935665198007154,-0.39064200697078927,-0.5798726781528393,-0.17825185679039493,-0.08432095786196551,0.23743206228644395,-0.5172922866260811,-0.15248079768609588,-0.10698353873183297,-0.34226052196119666,-0.8482314128405466,-0.5941991212813422,-0.7413665074568899,-0.2272371826450176,-0.39597889421462884,0.29466646639062644,-0.3601197414613905,-0.2760346999323979,-0.6153563980053406,-0.152067858397501,-0.39505196881652815,-0.12719642613370333,-0.2577674710309071,-0.09690295739496281,-0.436837969995059,-0.45935086791206725,-0.5677862408863884,0.01800015312773528,-0.392468642919925,-0.2763661357125309,0.15413544741282234,-0.4331901010262467,-0.37137736558001827,-0.4550329599328774,-0.539606243681501,-0.3046687282774735,-0.25331196725002153,-0.1442618480726817,3.3741187375863255,-0.7857953648839721,-0.38587171573430823,-0.32377635941930294,-0.32574033986661105,3.183652122352585,-0.4977633839337437,-0.4756167309206416,0.307221827983928,0.28135250608824275,-0.5289708553538092,0.18946014711348635,-0.4580629175560895,-0.38341902227495434,-0.5834877910511347,-0.5583338595672794,-0.12226959514059729,-0.34307812060238235,-0.21127331587285664,-0.25260855483776506,-0.4408888951050299,-0.5121385606858668,-0.6962931310783281,-0.4406192944578146,-0.43563882387926617,-0.447935896170859,-0.49506931875146654,-0.3304528728092536,-0.3157839615069132,-0.3126449473423316,-0.27110199567875487,-0.3956241281988242,-0.2265568870881143,-0.37245706262709727,-0.43745496533950257,-0.40812133455439153,-0.5247933071773396,-0.33254646074207256,-0.13482821753489116,-0.7737511075611792,-0.2993019202863956,-0.3095696528996101,-0.33522942561588975,-0.3112215685735335,2.066618421758168,4.4132037317936215,-0.31756840753249194,-0.38083259898238764,1.863422590835365,-0.5123347237417335,-0.0488272548201894,-0.4427144714791825,-0.3141197918118263,-0.2218782531815794,-0.39750745365254947,-0.1452174549122835,-0.3425915517453018,-0.3218331691671977,-0.37488255405374826,-0.33213527489269834,-0.2830827620365079,-0.3656453855408949,-0.18868665021652947,-0.37099678118071133,-0.46373382870100244,-0.2758932760786847,-0.3014802694024719,-0.28565691520493514,-0.2701914562147034,-0.3137257965376381,-0.22370825692169077,-0.5794176582092937,-0.2938444481468964,-0.32696847876400464,1.759656845325012,-0.4613920332082983,-0.3992722997428346,-0.27784254710902223,-0.15094346324400326,-0.18428360859852225
TR10035,-0.41001766311441035,-0.12823967217449786,-0.46473628021976104,-0.5325839338133623,-0.4750126886533868,1.3502475376153191,0.055835603923336107,1.9192739678265012,-0.188415825268491,-0.5110623004632471,3.8680804970445335,0.03998737003689245,-0.4239910789500382,-0.5140085752407277,-0.5332193702143626,3.9832877346915416,-0.20644186539902998,-0.7666578282721277,0.266938567691713,-0.4832320794856247,-0.6778774139663559,0.6659560182163375,0.7228338035651821,1.4658163096817316,-0.28355479458028515,-0.37242866979357775,0.6489846239066532,-0.3116374320544076,1.88695293890949,-0.5164955835097009,-0.42091037573631024,-0.39950075524480405,0.2551300462634777,-0.49603352760832314,0.3417201261212064,0.42604872252906417,-0.2763661357125309,4.786247510071792,-0.259337460885004,-0.2239346703086665,-0.3885638441249278,0.6900509371754185,-0.2812740931493097,-0.25331196725002153,-0.20991787197283884,-0.6572237554441046,-0.12202410716745572,-0.38587171573430823,-0.28262540412440706,-0.32574033986661105,-0.44929509409061896,-0.4977633839337437,-0.4756167309206416,0.24878997564674826,3.3062820089832123,0.24111261999086064,0.9546947541930945,-0.45733658134080807,-0.38341902227495434,-0.4291509009967423,-0.5583338595672794,1.5234087955400462,-0.34307812060238235,-0.46777561305282434,-0.46072876034912624,0.35274798706161026,0.12606113635599459,-0.4952005863938259,-0.09908060818023051,-0.43563882387926617,-0.35289099815672875,-0.5998665482467975,-0.3304528728092536,-0.3157839615069132,0.061549963028491916,-0.30543105246251945,-0.14692375730834487,-0.23964666872357585,-0.36028998621732844,-0.43745496533950257,0.3475325801190123,-0.5247933071773396,0.9272004298388214,0.1552443325452727,-0.1653048204314231,0.4477213063607691,0.0846714296270563,-0.33522942561588975,0.06415928904942612,0.9657745440013117,-0.5554896926331678,-0.31756840753249194,-0.38083259898238764,-0.29220604582373805,-0.4471098472095669,-0.5895730213519981,-0.4427144714791825,-0.28415249595837866,-0.2218782531815794,0.7293808547088085,-0.08512179613339066,0.12451475948853095,-0.3218331691671977,-0.39698746898164894,-0.33213527489269834,-0.2830827620365079,0.8436823492207006,-0.18868665021652947,1.8763373167570412,-0.14198290673146108,-0.2758932760786847,-0.2609023478795668,-0.35531411272575075,-0.2701914562147034,-0.3137257965376381,-0.22370825692169077,-0.2729198942815052,-0.23495220732181513,2.627053725094893,-0.20495568362279692,-0.4613920332082983,-0.3992722997428346,-0.27784254710902223,-0.18689805281054397,-0.18428360859852225
TR10036,1.2309361635840557,3.3847905665149574,5.896272363792078,0.7825472793651732,1.788379148133999,6.895158289362461,2.690684749311315,1.525931046237246,-0.1248626174037028,0.32554250520722144,0.36158151724158255,3.683047554778833,2.1305431779791855,1.080196816666256,3.699773301870212,0.0866715964187656,2.135513671754073,2.7081008216028666,1.7178988302211573,1.2970504891883436,1.5744009128551413,-0.0113765452684448,-0.8595459097556285,-0.11317851663312255,1.4529424895404484,-0.5616333717215422,0.5467830807308531,1.2859826539867627,0.21524581089404654,0.6246689759191296,0.8872364826644724,-0.034789640467684756,0.7779318599201162,0.07372011514049533,0.29258353959713895,-0.0816775094063795,-0.2003157903626427,-0.34528445593488305,-0.11838709238138362,-0.29488187106198094,-0.32809324528869177,-0.32939680389435677,-0.12674125828694544,-0.19517848909772514,-0.19609342054353407,-0.656974854658889,-0.8000509299765001,-0.379484934781446,-0.4799626978892246,-0.32574033986661105,-0.44929509409061896,-0.4977633839337437,-0.4756167309206416,-0.8013037051619213,-1.16803831076704,-0.5289708553538092,-0.5003332386401885,-0.48002142980358303,-0.38341902227495434,-0.5834877910511347,-0.5583338595672794,-0.6298544203647838,-0.34307812060238235,-0.573409419426573,-0.5074752304367945,-0.46564608430871623,-0.5297079638648843,-0.6969861695731483,-0.5670019233034216,-0.43563882387926617,-0.447935896170859,-0.5998665482467975,-0.3304528728092536,-0.3157839615069132,-0.3487368421543094,-0.30543105246251945,-0.46281911797427294,-0.23964666872357585,-0.37245706262709727,-0.43745496533950257,-0.40812133455439153,-0.5247933071773396,-0.33254646074207256,-0.15794480271881173,-0.8884608122159324,-0.2993019202863956,-0.3095696528996101,-0.33522942561588975,-0.3396639642480243,-0.49893358985191416,-0.5554896926331678,-0.31756840753249194,-0.38083259898238764,2.0703330816402317,-0.5051773036620976,-0.5895730213519981,-0.4427144714791825,-0.3141197918118263,-0.2218782531815794,-0.41371833309551354,-0.1452174549122835,2.1201675809847824,-0.09379076945079258,-0.3827314331034971,-0.33213527489269834,-0.2830827620365079,-0.3656453855408949,8.072449509925287,3.107005349909741,-0.46373382870100244,-0.2758932760786847,-0.3014802694024719,4.74376731112723,5.0667223401009975,-0.3128025177274715,-0.22370825692169077,-0.21121772964916216,-0.2938444481468964,-0.32696847876400464,-0.20495568362279692,-0.4613920332082983,-0.3992722997428346,-0.27784254710902223,-0.18689805281054397,-0.18428360859852225
TR10037,-0.02184651264384761,0.03349155972037224,-0.46473628021976104,0.08836011273321788,1.9285413750317142,-0.3655006935125643,0.2470788497932647,-0.8160883575095269,-0.47446897187170745,-0.539155426238326,1.4030690698509853,-0.6036401974236342,-0.4239910789500382,-0.5172922866260811,4.164051018097013,0.6195898143805887,-1.4091063215065445,0.9917429127901922,-0.3004227023062224,0.06343964393619168,0.8822037499228246,-0.37213702482288896,0.7678890753889492,0.335258288925803,0.11766667077621953,-0.7709040507058723,-0.03465348575986184,1.3189340695506453,-0.30200675297171065,0.6469899371263628,-0.445679327499834,-0.5189817191591031,-0.4843233418065444,1.2677272880971064,-0.022123213383041736,2.9456232394409643,1.4681867613765942,0.19544178680932842,-0.4199822149377777,1.4401925447398254,0.2965500104652019,1.5043323438299425,-0.3046687282774735,-0.21108777723634908,4.443603995262092,-0.6571268383241976,-0.8013187598535866,-0.2956703504112354,-0.480994930282192,-0.32574033986661105,0.5901400641342036,-0.4977633839337437,-0.4756167309206416,-0.11987022163390673,-1.16803831076704,-0.5289708553538092,-0.5003332386401885,-0.4790845613519881,-0.38341902227495434,-0.5834877910511347,-0.5583338595672794,-0.6295975516434374,-0.34307812060238235,3.6982940363614407,-0.5074752304367945,-0.46564608430871623,-0.5297079638648843,-0.5994162500524014,-0.5670019233034216,-0.43563882387926617,-0.447935896170859,-0.5978058104312326,-0.32494513076758585,-0.3157839615069132,0.8237859315794028,-0.30543105246251945,-0.46281911797427294,-0.23964666872357585,-0.37245706262709727,-0.43745496533950257,-0.40812133455439153,-0.5247933071773396,3.311148299538604,-0.15794480271881173,0.8634533862849854,-0.2993019202863956,-0.3095696528996101,-0.33522942561588975,5.651726684583467,-0.49893358985191416,0.744183754973153,-0.31756840753249194,-0.38083259898238764,3.186314825594222,-0.4552773870585064,-0.5895730213519981,-0.4427144714791825,-0.3141197918118263,-0.2218782531815794,-0.41371833309551354,-0.1452174549122835,-0.3425915517453018,-0.3218331691671977,3.442238213294461,-0.33213527489269834,-0.2830827620365079,-0.3656453855408949,-0.18868665021652947,-0.3483084878320861,-0.3595074753108483,-0.2758932760786847,-0.3014802694024719,-0.35531411272575075,-0.2701914562147034,-0.3137257965376381,-0.22370825692169077,-0.6247304820974964,-0.2938444481468964,-0.32696847876400464,-0.20495568362279692,-0.4591919089583287,-0.3992722997428346,-0.27784254710902223,-0.18689805281054397,-0.18428360859852225
TR20001,-0.4855010876375535,-0.5399916257612004,-0.46473628021976104,-0.3182161728660906,-0.4826973969051391,-0.29567338903372686,-0.39785922717777883,-0.6745340010007812,-0.39279459644240383,-0.4899787788555137,0.049054867435992376,0.29912892484074094,-0.4239910789500382,-0.5172922866260811,-0.497204717153216,-0.6275246453287223,-0.18278732425614547,-0.6382933043319758,-0.44132788873597273,0.9262846208224272,-0.2715330123343411,-0.49740114654400097,-0.43750936141062696,-0.5074586288380439,-0.3309997553587746,-0.6408108245850622,-0.5563509640145652,-0.45796934376744386,-0.17001282277910523,-0.2469753946413904,-0.445679327499834,-0.28599712377481573,-0.45848493201639745,-0.5615318863316086,-0.5618987925660659,-0.31263809537713,-0.2696190964728949,-0.5039093159884762,-0.39907725706587815,-0.2111069172495442,-0.34369632411684903,-0.024709187675842605,-0.3046687282774735,-0.25331196725002153,-0.18748096947007994,1.011756597648894,-0.20350903757274133,0.3241810398273706,-0.2549360362223333,2.2034346305851598,-0.44929509409061896,2.7611440902983544,4.467066735820763,-0.43862920982800174,0.775982634298214,0.004285850157730635,0.5700288251912278,-0.48002142980358303,-0.38341902227495434,-0.5834877910511347,-0.5583338595672794,-0.24826370296096342,5.024309347884057,-0.15529610353793216,-0.2805826266744382,-0.46564608430871623,-0.5297079638648843,-0.23713037688518385,-0.5670019233034216,-0.43563882387926617,-0.447935896170859,-0.5947777875185658,-0.3304528728092536,-0.3157839615069132,-0.2965095470679836,-0.30543105246251945,0.751417560222028,-0.23964666872357585,-0.37245706262709727,-0.43592162756618463,0.2947720203636193,0.6718463155821752,-0.33254646074207256,-0.15794480271881173,-0.5696195121606297,-0.2993019202863956,-0.24488335825679708,-0.28381462194142226,-0.3396639642480243,-0.49893358985191416,1.4093347943190102,-0.31756840753249194,-0.38083259898238764,-0.4625564472724321,-0.5123347237417335,-0.33715283005419694,-0.43828522892085214,-0.3141197918118263,-0.2218782531815794,0.31769206218853346,-0.1452174549122835,-0.3425915517453018,0.0006799139625884317,-0.3888296494558975,-0.33213527489269834,-0.2830827620365079,-0.3656453855408949,-0.18868665021652947,-0.37099678118071133,-0.3852722298688944,0.9253335988753673,-0.3014802694024719,-0.35531411272575075,-0.2701914562147034,-0.3137257965376381,-0.10376993018373111,-0.6247304820974964,-0.2938444481468964,-0.32696847876400464,-0.1946020854677921,-0.4613920332082983,4.542049308447958,-0.27784254710902223,-0.058580724211083825,-0.18428360859852225
TR20005,-0.49336137898947413,-0.4651861342722463,-0.10039927882981084,-0.16752724351442097,-0.49703907127163127,-0.37296225654900717,-0.44774021198602015,-0.7140732220492874,-0.36510655333356185,-0.14610469500106626,-0.503749272510055,-0.13806338257980905,-0.042199988115664264,-0.07590935403165094,-0.6125030156526994,0.11683503724722653,-0.2989545158688388,-0.6112401358456643,0.03399106296139508,-0.6790364870443161,-0.24277564092004497,-0.19596599951969423,-0.7875037076634509,-0.24217013198975726,-0.400282289686194,-0.18844172164208195,-0.5563509640145652,-0.4133211782569498,1.3709835964268737,-0.5164955835097009,-0.445679327499834,-0.4336006392363663,-0.17275401986135605,-0.18400525627694306,-0.4692080009455174,-0.40600577101901864,-0.267743055377499,-0.3233448989487233,2.0748447280493894,-0.37137736558001827,-0.28881971798641165,-0.5520338962050936,-0.3046687282774735,5.904404424441488,-0.20991787197283884,0.9058944681069195,0.5550486199374762,-0.3460019973233437,-0.3943831834124848,-0.32574033986661105,-0.44929509409061896,0.7602795666799497,0.32763090228454017,-0.6288992014715948,1.1046000244360195,-0.14708438505299545,1.3018496445620216,-0.0931052859067127,0.5173456683797331,1.9512430479068417,-0.5583338595672794,0.39998732681001303,2.3170261872297915,0.13100519646716324,0.20838545044257226,-0.2416999645305718,-0.12849555743090657,-0.6733486066248192,1.4691553766283147,-0.24493173693433326,1.1131462077867218,1.3741580635511963,-0.20808927799186225,-0.3157839615069132,-0.22018127435668233,0.0716987655174355,-0.03917887802412278,-0.062239221995461516,1.5012068475007938,-0.1280082359617731,2.6893406996061766,0.0394306011574734,-0.33254646074207256,-0.15794480271881173,1.0435455902772495,-0.1806899569480024,-0.2840123428188215,3.2636021955623065,-0.3396639642480243,0.20440823480574405,-0.5554896926331678,-0.31756840753249194,-0.38083259898238764,-0.4814085946900711,-0.5123347237417335,-0.05783874702970708,0.09633041532519017,0.40292015127424957,-0.2218782531815794,-0.41371833309551354,-0.1452174549122835,-0.3425915517453018,0.2799004559177017,0.18055660261341655,-0.22628899976881037,-0.2830827620365079,-0.3656453855408949,-0.18868665021652947,-0.37099678118071133,0.7911181136833684,-0.2758932760786847,-0.3014802694024719,-0.35531411272575075,-0.2701914562147034,-0.3137257965376381,-0.22370825692169077,0.5830101026343771,-0.2938444481468964,-0.32696847876400464,-0.20495568362279692,-0.4613920332082983,-0.3992722997428346,-0.2630908404630905,-0.18689805281054397,-0.18428360859852225
TR20007,-0.35301857908986545,-0.2768411263824108,-0.4525585768990874,-0.5977846549354578,0.12403640242039453,0.14403005793271767,-0.3444494579312995,-0.3027579272561657,-0.4580671575394524,-0.32044893757892967,0.02511329009435554,-0.6036401974236342,-0.26121307720695197,-0.5172922866260811,-0.6537727806593264,-0.6643996183761967,1.0813789388228685,-0.4893628512874342,-0.6283722605675266,-0.5839674660109965,0.3506537936509427,-0.5125619587448369,-0.7868220698464363,-0.4103955121811668,-0.07307027529292354,1.9738950927354733,-0.5563509640145652,-0.14868499565532908,-0.5603281110115655,-0.5164955835097009,0.05799845214362138,-0.5083501372762083,-0.4380376715121947,1.044852296521657,0.1331658449749724,-0.31398094688805395,-0.22838931975568763,-0.4858821506848464,0.5680796875901645,-0.37137736558001827,0.22683314269376165,-0.4662810925600143,-0.3046687282774735,-0.25331196725002153,-0.20991787197283884,-0.23274953109052446,1.3541252607736978,-0.38587171573430823,-0.2829340096851911,1.2029170986629207,-0.44929509409061896,-0.27312555288564544,-0.017314840330572116,-0.028852940841794728,-0.5385356131959586,-0.34428033591084084,0.6806357622073254,0.4391096808818896,-0.3007502738167233,1.172488798740329,0.06063856594817559,-0.3560140156438046,0.5323768773178154,-0.5710123785557963,-0.10666115454300278,-0.33233986018098943,-0.09839242597392837,-0.6769499316604023,-0.05838278236284985,0.5730335722446368,-0.3835147889617124,-0.14754961768522631,0.047880473207359456,-0.3157839615069132,-0.24396737338980612,-0.20365775074439846,-0.1781195158724342,-0.0852076982089354,-0.2878637763031565,-0.30625875210998516,-0.40812133455439153,-0.5247933071773396,-0.33254646074207256,-0.15794480271881173,-0.8884608122159324,0.4291316366558614,-0.3095696528996101,-0.33522942561588975,-0.3396639642480243,-0.49893358985191416,-0.2132575851825989,-0.24320996800229425,6.2895820242188485,-0.5175872822198753,1.5387567586762076,0.987283471921551,0.7045928351507048,0.05283064645651118,-0.10519096628876587,-0.407934764127581,-0.1452174549122835,-0.3425915517453018,-0.14356014749411727,-0.39698746898164894,-0.33213527489269834,-0.2830827620365079,-0.3656453855408949,-0.11174920970350476,-0.37099678118071133,3.8688472863201784,-0.2758932760786847,-0.3014802694024719,0.8974173704163875,-0.2701914562147034,0.3342417246502367,-0.22370825692169077,-0.5266793045053796,-0.16512869209764677,0.5449745822670956,0.6032470177505921,-0.07855701874098611,1.207075327423907,0.8299806277725184,-0.1078135542845737,-0.18428360859852225
TR20013,-0.5087239501637963,-0.3053558863770165,-0.46377607170189716,-0.5857888417999082,-0.3829441222126867,1.201251286745877,-0.14200126705230426,-0.5448260685367791,-0.3492619997327113,0.9112581907924119,-0.6631732971881427,-0.6036401974236342,1.6368565775745945,-0.5172922866260811,-0.6478036589386447,-0.6790429613994984,2.3115970362616554,0.783737173459215,-0.5336062595395797,-0.700558734922023,-0.5577848351633758,-0.5125619587448369,-1.0000067668199704,-0.5141391024746715,-0.20030637019250355,0.11498611534475449,-0.5563509640145652,-0.37860968032014863,-0.5057086186737072,-0.5164955835097009,-0.4329002794162894,-0.33118838445268145,-0.0953784575708619,-0.5947571189270795,-0.7688248791292538,3.1122158180608825,-0.2763661357125309,-0.5134108386460489,-0.4295403158143853,-0.37137736558001827,-0.37291453395209445,-0.09317134433157571,-0.3046687282774735,-0.25331196725002153,-0.20991787197283884,-0.605484697825912,2.080927003159197,-0.38587171573430823,-0.4257119686175982,-0.32574033986661105,-0.44929509409061896,-0.49346272792788926,-0.11701455197285578,-0.8013037051619213,-0.10108343078689978,-0.5289708553538092,-0.3912945597364284,0.548039059950472,-0.3476614204171194,-0.5258041031848711,-0.5583338595672794,-0.4708282181636693,-0.34307812060238235,-0.573409419426573,0.04829109209496301,-0.44962015876586087,0.5932475390707781,0.36556559986017023,-0.5670019233034216,-0.4220599098504567,2.4529151186918585,3.921025732202445,6.70656250159849,-0.3157839615069132,-0.34151165500614405,-0.234728528565436,-0.46281911797427294,0.01928557425289721,-0.3127906419112621,3.6569785573070943,0.1912631640621086,-0.34342973628223833,-0.33254646074207256,-0.15794480271881173,-0.8884608122159324,0.4121870704646624,-0.3095696528996101,3.075163103169736,-0.3396639642480243,-0.49893358985191416,0.22951728829864557,-0.2906421355968873,0.5075419879662765,-0.2751791785751479,1.2042050910829,0.8677581883563099,-0.4427144714791825,-0.29732813088978355,-0.21264758705184353,2.4053493804527504,-0.1258756130636527,-0.3425915517453018,-0.3119092080574964,1.1379183637636403,2.4375522150924422,-0.13393282464756903,-0.3378798559171587,1.9817122356055952,-0.300020034608809,-0.32677206223806876,-0.2758932760786847,0.15952248121467197,-0.35531411272575075,-0.12488581594349636,-0.2689903251318293,-0.22370825692169077,-0.002467285315916529,-0.2938444481468964,-0.32696847876400464,-0.20495568362279692,1.3610107330850105,-0.051800959890379056,-0.12487198466229969,-0.18689805281054397,-0.18428360859852225
TR20014,0.1704854901952553,-0.20848245019658493,-0.46473628021976104,0.02505738027347336,-0.16436205589080818,-0.5586200454872707,-0.3854733343885848,1.9367312791153788,1.0735945441075925,0.08996509607871113,0.22269721806153087,0.19657932597528707,-0.4239910789500382,1.0194742172386904,0.41598522493805984,1.1282921678119304,1.1987418544933341,-0.40632618719883706,-0.24682062623139983,0.574274090868801,-0.5896848161164416,0.4817103682102724,1.2899584430830706,1.6240329946585532,0.04939983754409921,-0.5600578961117596,-0.016511784988147926,0.10082339034867417,-0.5603281110115655,-0.5164955835097009,0.1278504599947101,-0.06621520774554446,-0.19082694000646427,0.9283177480062175,1.433657193279712,2.5286974670235844,-0.2081338262429453,-0.11707047942377401,-0.30376727195414926,1.1128737985845962,1.0559691937858668,0.3620089401275445,-0.3046687282774735,-0.25331196725002153,-0.20991787197283884,-0.6572237554441046,0.48329804435117635,-0.36273155041628874,-0.47973922489693266,-0.32574033986661105,0.3735648291528027,-0.4977633839337437,-0.2063898432193629,0.9653538289335793,0.8361110088419185,-0.5289708553538092,-0.5003332386401885,-0.48002142980358303,-0.38341902227495434,-0.5834877910511347,-0.5583338595672794,1.38859552828679,-0.34307812060238235,2.4001828607946796,-0.2965010299095546,-0.3045084920413071,0.09617984079774139,0.6677303836017424,-0.495101339638926,1.4321554017663018,-0.28708055946407046,-0.1423827531913901,-0.3304528728092536,-0.3157839615069132,-0.3487368421543094,-0.23511185550222743,-0.06687354089474727,-0.12443613754770912,-0.2550834662465263,-0.4250540960977936,-0.40812133455439153,-0.5247933071773396,-0.33254646074207256,-0.15794480271881173,0.4240086660485019,-0.2993019202863956,-0.07796782329082953,-0.33522942561588975,1.3048588993725452,-0.49893358985191416,-0.5554896926331678,-0.31756840753249194,-0.38083259898238764,0.5842281081832887,-0.3989704250610475,-0.5895730213519981,-0.4427144714791825,0.38165348500747104,-0.2218782531815794,-0.4024889218147103,-0.1452174549122835,0.09206106086524939,-0.3218331691671977,-0.39698746898164894,0.3583114498315919,1.1799274936312458,-0.3656453855408949,-0.18868665021652947,-0.3547388597437286,-0.38755687153520657,-0.2758932760786847,-0.3014802694024719,-0.34954219458033153,1.8471362024491909,-0.3137257965376381,-0.22370825692169077,-0.17295061307970347,-0.2938444481468964,1.9764023433035305,-0.20495568362279692,-0.4613920332082983,-0.3992722997428346,-0.27784254710902223,-0.18689805281054397,-0.18428360859852225
TR20015,2.6351326331880904,-0.6263860352355399,-0.46473628021976104,-0.6165065200587854,-0.31459927010135774,-0.7569096143691187,-0.11074832758535937,1.6877481576569364,-0.47556650367807135,-0.3227535586563887,-0.6631732971881427,-0.532229030332801,-0.4239910789500382,-0.5172922866260811,-0.6573142691443241,-0.6801914588915221,-1.4091063215065445,-0.3969127887765593,-0.6283722605675266,-0.8228992109258627,-1.1002840421298596,-0.5125619587448369,1.255669097244556,4.722971746030206,-0.42567481706867083,-0.7721450549197274,4.593890041851776,2.2598651943034866,-0.5603281110115655,-0.5164955835097009,1.4705414782547959,5.244611826538578,-0.4843233418065444,-0.5947571189270795,1.9861094302878803,-0.40600577101901864,-0.2763661357125309,-0.5557906460552219,7.127394170075651,-0.37137736558001827,-0.4719883055928083,0.9765873765197002,-0.3046687282774735,-0.13475548239411392,-0.20991787197283884,-0.6572237554441046,-0.7988905433093362,-0.382940469252211,-0.4764084131546771,-0.32574033986661105,0.5911218866860821,-0.4977633839337437,-0.4756167309206416,1.2707976842257525,-1.16803831076704,4.399870653727,-0.5003332386401885,1.76647332439097,-0.38341902227495434,-0.5834877910511347,-0.5583338595672794,-0.12316863566530938,-0.34307812060238235,-0.48846586056900104,-0.5074752304367945,-0.46564608430871623,-0.5297079638648843,-0.0853796978943927,-0.5670019233034216,-0.43563882387926617,-0.447935896170859,-0.5998665482467975,-0.3304528728092536,-0.3157839615069132,7.609402565519712,-0.30543105246251945,-0.46281911797427294,-0.23964666872357585,-0.37245706262709727,-0.43745496533950257,-0.40812133455439153,-0.5247933071773396,-0.33254646074207256,-0.15794480271881173,-0.8884608122159324,-0.2993019202863956,-0.3095696528996101,-0.33522942561588975,-0.3396639642480243,-0.49893358985191416,-0.5554896926331678,-0.31756840753249194,-0.38083259898238764,-0.06271111830034137,-0.5123347237417335,-0.5895730213519981,-0.4427144714791825,-0.3141197918118263,-0.2218782531815794,-0.41371833309551354,-0.1452174549122835,-0.3425915517453018,-0.3218331691671977,-0.37743467102942246,4.879354352198921,-0.2830827620365079,-0.3656453855408949,-0.18868665021652947,-0.37099678118071133,-0.46373382870100244,-0.2758932760786847,-0.3014802694024719,0.5855648563741266,-0.2701914562147034,-0.3137257965376381,-0.22370825692169077,-0.6247304820974964,-0.2938444481468964,-0.32696847876400464,-0.20495568362279692,-0.4613920332082983,-0.3992722997428346,-0.27784254710902223,-0.18689805281054397,-0.18428360859852225
TR20016,-0.30593892279402796,-0.13011113778905065,0.7103443108004552,-0.0023278847118751544,-0.4363010681592506,-0.0296716044077812,-0.3954692138132352,-0.6537890604672939,-0.47556650367807135,-0.20179856459995693,0.7036830567044889,0.15595212514850518,1.044114128419142,-0.4623969718474441,1.0505971131368508,1.8678578988028696,0.6961738342114339,-0.6565127851492877,1.251676978833236,1.07930962574814,-0.4656016220261352,-0.4234927839472956,0.12458103707029614,-0.3793881819085222,-0.3245344272329286,-0.6727124756586961,-0.5194867314518794,0.1033632560513669,2.270585311819849,1.4033021178374696,-0.445679327499834,1.4085531652687338,-0.1924750115498358,0.7616991161662815,0.45592634616057715,-0.40600577101901864,1.0739425952949542,0.544957648751801,-0.4331901010262467,0.26893366146364744,0.8371331237619198,-0.45215239258955314,-0.3046687282774735,-0.25331196725002153,-0.20669452806344385,0.9231860975836471,-0.6191896258496206,0.9011361400840663,0.6454153665796467,-0.32574033986661105,1.1563552773072867,-0.4900891177061169,-0.4687305646510544,0.14922169207358563,1.417238359897514,-0.5177044032732989,-0.5003332386401885,-0.2497096898884773,-0.2544575415782909,-0.5834877910511347,0.5304641576593766,0.8388720009179345,-0.34307812060238235,-0.45087647491384947,-0.5074752304367945,0.09119714092837766,-0.5297079638648843,2.4556830704257986,0.07350043758277315,-0.43563882387926617,0.15871935223999667,-0.5998665482467975,-0.3304528728092536,-0.3157839615069132,-0.13023663010584693,0.12738765105685515,-0.0011494709730079879,0.2490316947390522,-0.37245706262709727,-0.2911745417649698,-0.40812133455439153,-0.5184052696578982,-0.33254646074207256,-0.15794480271881173,2.254370250521868,-0.2993019202863956,-0.17674391566905426,0.4864354120115946,1.5398259962008183,-0.49893358985191416,-0.5554896926331678,-0.31756840753249194,-0.38083259898238764,-0.14525737072150616,-0.5123347237417335,0.11444805020530009,-0.4427144714791825,-0.3141197918118263,-0.2114337029836673,-0.41371833309551354,-0.1452174549122835,-0.3290880897307196,-0.3063158924373073,-0.37855849797835966,0.958323463417313,-0.2830827620365079,-0.3656453855408949,-0.18868665021652947,-0.3662043341899589,-0.46373382870100244,-0.2758932760786847,-0.3014802694024719,-0.3479373197789223,-0.2701914562147034,-0.3137257965376381,-0.22370825692169077,-0.003568770557121839,-0.2938444481468964,-0.32696847876400464,-0.20495568362279692,-0.4613920332082983,-0.3992722997428346,-0.27784254710902223,-0.18502623036022514,-0.18350134128031453
TR20017,-0.5205976191714698,-0.40986868061811477,-0.4455321098624835,0.2437721475119359,0.16379912282738437,-0.5642896583456702,-0.02541079156900512,0.2802592842187728,-0.46720419477571384,1.0392911753983096,-0.2871111157856218,-0.6036401974236342,-0.4239910789500382,-0.5172922866260811,-0.15225231455803154,-0.6801914588915221,-0.6766993421198254,1.5478511568276887,-0.529611524872757,-0.8228992109258627,0.5128224223896708,-0.43199716395664645,0.42736455538815626,-0.5226098469239926,-0.2889067580439765,-0.5936526644585711,-0.5563509640145652,-0.16797906318631103,-0.5396186966103772,-0.5164955835097009,-0.30615350569523586,0.2285038776718987,-0.22954265456770068,-0.5947571189270795,-0.7433843387691597,0.9034126868461907,-0.27335440690421325,-0.3070565743928846,-0.36845158412476336,-0.33357311479061635,-0.41752778156445514,0.3005510964883289,-0.3046687282774735,-0.25331196725002153,-0.20991787197283884,0.7273812096650165,0.16533490663468642,2.1037097984547137,-0.480994930282192,-0.32574033986661105,-0.44929509409061896,0.5931569107247329,1.473709172336195,0.4565589836958486,-0.4957495277311749,-0.49670783348689346,0.06219105633927945,-0.48002142980358303,3.7327911434104633,1.7309784484378692,-0.5236384212966773,-0.5191623492303337,2.294904869569644,-0.5206682122671968,-0.4154338911747065,-0.2293288134612613,-0.5161094232730438,1.650978748127787,-0.5670019233034216,-0.1002359971219658,-0.447935896170859,-0.5998665482467975,0.3100302938923005,-0.3157839615069132,-0.2947223983034198,-0.15412339213457432,-0.3922839143643588,-0.23964666872357585,-0.2527290793363816,-0.3878706550948332,-0.024466175849361286,0.8727168039386051,4.15978508453747,-0.15794480271881173,-0.8884608122159324,-0.2993019202863956,-0.3095696528996101,-0.33522942561588975,-0.3396639642480243,-0.49893358985191416,-0.21585025266328509,-0.31756840753249194,-0.38083259898238764,1.1526530444102203,-0.5123347237417335,0.07879571909244998,-0.4427144714791825,0.15532627970838614,-0.2218782531815794,0.7284943222392716,-0.1452174549122835,-0.3425915517453018,1.2836884255048153,-0.2865927388900307,-0.33213527489269834,-0.2830827620365079,0.6728571822049509,0.07276295188477828,-0.37099678118071133,-0.3291067325540082,-0.2758932760786847,-0.3014802694024719,0.41074612581359926,-0.2701914562147034,-0.3137257965376381,-0.22370825692169077,-0.5556787521488354,-0.2938444481468964,-0.08456118127620002,-0.20495568362279692,-0.4613920332082983,1.719471155266095,-0.27784254710902223,-0.18689805281054397,0.5854766718956432
TR20020,-0.4852662138315635,-0.18810295713211728,0.45890523796970006,0.09586897571307157,0.8798550990149789,-0.2029913757267298,-0.28846690959239957,-0.34420397326654556,-0.39482486038761255,-0.22679378726497978,-0.14848404547843222,-0.31968605687993906,-0.4239910789500382,0.8893245770922258,-0.6259835202084972,-0.67756119454595,-0.9028991410488156,1.2151523949939878,-0.5575746675405168,-0.7366611045336653,0.5121240647143889,-0.5125619587448369,-0.4809267267117707,-0.5226098469239926,1.7923429170773078,-0.7452512479878765,-0.5563509640145652,-0.48341255984178727,0.28347253195808453,-0.5128982247131953,-0.23851619342834715,-0.4642286032838235,-0.4843233418065444,-0.5947571189270795,1.746328703031085,-0.40600577101901864,-0.272645201075047,-0.4420296516219319,-0.4331901010262467,-0.37137736558001827,-0.46038423807912693,0.2206218788084113,-0.3046687282774735,-0.25331196725002153,-0.20991787197283884,2.914553173620384,-0.7401234052100811,-0.38587171573430823,0.5424900912726301,-0.32574033986661105,-0.44929509409061896,-0.4977633839337437,-0.45171313832985865,-0.8013037051619213,-1.0079069554032787,-0.5289708553538092,-0.17950436282972115,-0.40151395888229513,0.0419617138472818,-0.5834877910511347,-0.5007307218862127,0.826634041122364,-0.34307812060238235,-0.2558519680670094,-0.4472706976449396,-0.46564608430871623,-0.4800167225504914,-0.6969861695731483,-0.5670019233034216,-0.4283018300088611,-0.3610514925546184,-0.5998665482467975,-0.3304528728092536,-0.3157839615069132,0.19368833858745885,-0.30543105246251945,-0.31364332947723284,-0.23964666872357585,-0.37245706262709727,-0.39450234096443343,-0.40255080103603147,-0.5247933071773396,-0.33254646074207256,-0.15794480271881173,-0.0052454426127303755,-0.2993019202863956,-0.24283556121968758,-0.33522942561588975,-0.3396639642480243,-0.49893358985191416,0.49126684505639007,-0.31756840753249194,-0.23767549618228487,0.1460518956611719,-0.5123347237417335,-0.5660109917994994,-0.4427144714791825,-0.27638011825436387,-0.2218782531815794,-0.13794341132165205,-0.1452174549122835,-0.12528794033416837,-0.3218331691671977,-0.38617902971975865,-0.33213527489269834,-0.18869949751250922,-0.3656453855408949,-0.18868665021652947,1.2800517603717831,-0.46316683733856,-0.2758932760786847,-0.3014802694024719,0.2976165301633821,-0.2701914562147034,-0.07367330589431852,-0.22370825692169077,-0.5996242150479557,-0.2938444481468964,-0.32696847876400464,-0.20495568362279692,-0.4613920332082983,-0.3992722997428346,-0.27784254710902223,-0.18689805281054397,-0.18428360859852225
TR20021,-0.4437847632998585,0.6573803395775025,-0.46473628021976104,0.3189963479292115,-0.5724379716870003,-0.5852642882985057,-0.44774021198602015,-0.7120568094459268,-0.4544704472699907,-0.6882992870048054,-0.5882618186888872,-0.36260365023655283,-0.3820241057348548,-0.40100720566221937,-0.6573142691443241,-0.3439893269853785,-1.3365830580025357,-0.7258572333509353,-0.6283722605675266,-0.7255437617115396,-0.5881633940381484,-0.4352012285194058,-0.7074695491370012,-0.5226098469239926,-0.39299658759876027,-0.34384635898711374,0.016706806070685268,-0.5009911040472662,-0.5603281110115655,-0.5164955835097009,-0.4400025790483789,-0.5189817191591031,-0.363511317652614,-0.41479258091119564,-0.7742909609437654,-0.40600577101901864,-0.2763661357125309,-0.16637016327823806,-0.4331901010262467,-0.33890118961870197,-0.4213880988449029,-0.20550051279361312,-0.3046687282774735,-0.25331196725002153,-0.20991787197283884,1.4309605864972321,-0.6435362572180775,-0.08616963639402717,-0.2365367598569661,-0.32574033986661105,-0.44929509409061896,0.2751523257083687,-0.4756167309206416,-0.49359994199189894,-0.6162010245903861,-0.5289708553538092,-0.5003332386401885,-0.48002142980358303,-0.38341902227495434,-0.023677140868107793,0.5560139364695271,-0.024133511742432463,-0.34307812060238235,-0.573409419426573,-0.4421285859352961,-0.12140503526996581,-0.5297079638648843,-0.6621362338336223,-0.558554586971254,4.427839048315589,-0.447935896170859,-0.5998665482467975,-0.3304528728092536,-0.3157839615069132,-0.2501713326725064,-0.10265110289986029,-0.37838678616316573,-0.2359856204224077,-0.37245706262709727,-0.43745496533950257,-0.40812133455439153,1.1976958519864735,-0.33254646074207256,-0.15794480271881173,-0.5855296407738427,-0.21927677380843513,-0.3095696528996101,-0.33522942561588975,-0.3396639642480243,-0.49893358985191416,-0.5554896926331678,-0.31756840753249194,-0.38083259898238764,0.6017998351838336,-0.5123347237417335,-0.3450537015389847,-0.4427144714791825,-0.3141197918118263,-0.2218782531815794,-0.41371833309551354,-0.1452174549122835,-0.25138077218798116,-0.3218331691671977,-0.39066986011730465,-0.21239261763598088,-0.2830827620365079,-0.3656453855408949,-0.18868665021652947,-0.37099678118071133,-0.46373382870100244,0.8845670445813435,-0.3014802694024719,-0.35531411272575075,-0.2701914562147034,-0.3137257965376381,-0.22370825692169077,-0.5952752474576797,-0.2938444481468964,-0.2145014170702399,-0.20495568362279692,-0.4613920332082983,-0.3992722997428346,1.7119199988557259,-0.18689805281054397,-0.18428360859852225
TR20022,-0.35550413684257604,0.07710792552578562,-0.46473628021976104,-0.5453406917121585,-0.6045626993939204,-0.13351658603701563,-0.44774021198602015,-0.08143472650903956,-0.35114615263249077,-0.7318272192244688,0.27041317397744435,-0.6036401974236342,-0.4239910789500382,-0.09464214564904756,-0.6285539553992214,-0.6746079152807463,-0.04358944753070967,-0.8598532331800744,1.645212817169831,1.9708675014581374,-1.0822763906457993,-0.49599727920949827,1.0432253109416905,3.75955372875374,-0.42567481706867083,-0.7174140010495819,0.1019406686200798,-0.5126655744701698,2.3291815199292243,-0.25830924193399524,-0.38730809790706927,-0.3898732150754747,-0.37432154964049175,-0.5947571189270795,-0.6631666806508746,-0.40600577101901864,-0.2763661357125309,0.7776163151335391,-0.4331901010262467,-0.37137736558001827,-0.23954866239794184,-0.03475537377381917,-0.26936303722442234,-0.25331196725002153,-0.20991787197283884,-0.6572237554441046,-0.7752057621140024,-0.38587171573430823,-0.41139905553985445,-0.32574033986661105,-0.44929509409061896,-0.4977633839337437,-0.4756167309206416,-0.8013037051619213,-0.04654431729389738,-0.5289708553538092,1.8251015539595583,-0.48002142980358303,-0.38341902227495434,-0.18151223591184532,-0.5583338595672794,-0.35539019160624924,-0.34307812060238235,-0.4572727892374481,-0.32149808970380256,-0.25030468813834733,-0.24538089246909237,-0.46642711317138347,0.052567632563267644,-0.43563882387926617,1.7007018044347748,-0.5998665482467975,-0.3304528728092536,-0.3157839615069132,-0.22407045047766178,-0.30543105246251945,0.05768732317537264,-0.23964666872357585,-0.3231137229788197,-0.43745496533950257,-0.40812133455439153,-0.5247933071773396,1.3761603694727003,-0.15749929480097785,-0.11940351872067514,-0.2993019202863956,-0.22896274011534748,3.222787538476247,-0.3396639642480243,0.6721614965022855,1.1601750550734113,-0.31756840753249194,-0.38083259898238764,-0.5987986282487505,-0.5123347237417335,-0.5895730213519981,-0.4427144714791825,-0.3141197918118263,-0.2218782531815794,-0.41371833309551354,-0.1452174549122835,0.6353995215225805,-0.3218331691671977,-0.21448871822993085,-0.33213527489269834,0.9956015056263517,-0.3656453855408949,-0.18868665021652947,-0.37099678118071133,-0.46373382870100244,0.43060973415088893,0.8152161850754475,-0.35531411272575075,-0.2701914562147034,-0.3137257965376381,-0.22299820255162503,2.453066166453035,-0.2938444481468964,-0.32696847876400464,-0.07207298794314193,-0.4613920332082983,-0.3992722997428346,-0.27784254710902223,-0.18689805281054397,8.331034927277503
TR20023,-0.5260612855710061,0.3333452191170633,-0.46473628021976104,-0.38902776830568886,0.2486267787573149,-0.3690258414037972,-0.12148932882366162,-0.3179358156021139,-0.4421087732404187,-0.47846935074464286,0.29110723679919775,-0.6036401974236342,-0.4239910789500382,-0.5172922866260811,-0.4105239304437952,0.11564552198763053,-1.4091063215065445,-0.6761125296648808,-0.5832680746021272,0.05081458398021587,1.6630923376159716,-0.5053850451266144,0.5368474433714225,-0.49205108562455074,-0.27949199019908894,-0.6198752218992848,-0.2909729787476814,-0.129012176221314,1.084660060877682,-0.5164955835097009,-0.07900719882378372,-0.24621079792885425,-0.4843233418065444,-0.2705484510611937,-0.38143086797737585,-0.40600577101901864,-0.26537104939481443,-0.34311090500014424,-0.3949938340070629,-0.35818869815251814,-0.4719883055928083,1.3437334525226465,-0.26407787048450493,-0.25331196725002153,-0.20991787197283884,2.009730536845669,-0.8013187598535866,2.0021170850142225,0.41490829581607297,-0.32574033986661105,-0.44929509409061896,5.325129680459666,-0.4756167309206416,1.4904261187509529,-1.16803831076704,-0.5289708553538092,0.13740151295799183,-0.16531784296222826,-0.38341902227495434,-0.5834877910511347,-0.5583338595672794,-0.6298544203647838,-0.34307812060238235,0.43873478025654294,-0.5074752304367945,-0.46564608430871623,-0.5297079638648843,-0.05247274507784452,-0.5670019233034216,-0.43563882387926617,-0.447935896170859,-0.5998665482467975,-0.3304528728092536,-0.3157839615069132,-0.3487368421543094,-0.30543105246251945,-0.46281911797427294,-0.23964666872357585,-0.37245706262709727,-0.43745496533950257,-0.40812133455439153,1.0848602996822843,-0.33254646074207256,-0.11319177378851082,-0.07939593253635481,-0.2993019202863956,-0.3095696528996101,-0.33522942561588975,-0.3396639642480243,0.9468240754318137,-0.5554896926331678,-0.31756840753249194,-0.38083259898238764,-0.5987986282487505,-0.5123347237417335,-0.5895730213519981,-0.4427144714791825,-0.3141197918118263,-0.2218782531815794,0.2972384916413562,-0.1452174549122835,-0.3425915517453018,-0.3218331691671977,-0.3865327441777907,-0.33213527489269834,-0.2830827620365079,2.7053528305131977,-0.18868665021652947,-0.3698239460521728,-0.46373382870100244,-0.15055164188634915,-0.3014802694024719,2.4315369020722817,-0.2701914562147034,-0.3137257965376381,-0.22370825692169077,-0.6247304820974964,-0.2938444481468964,-0.32696847876400464,-0.20495568362279692,-0.4613920332082983,-0.3992722997428346,-0.27784254710902223,-0.18689805281054397,-0.18428360859852225
TR20025,4.4065691205910085,-0.6263860352355399,-0.46473628021976104,-0.1721891235007483,-0.05936885348464828,1.3026286648512484,-0.2887762054395758,-0.030509349510035026,5.590017778680197,-0.20173701685604858,-0.6631732971881427,2.306630710660748,-0.253430469498033,0.6287229868622323,-0.37987863089216134,-0.6801914588915221,0.5119803413120055,-0.7486039790986095,0.5892954974194652,-0.8228992109258627,-0.8129348000968101,2.798970080988381,0.31025720266326934,-0.5226098469239926,0.5965697372097322,-0.7617187741639193,-0.5563509640145652,0.5276767850670149,-0.5603281110115655,5.480821630332018,-0.2660344224688088,-0.5189817191591031,0.28596853751571794,-0.5947571189270795,-0.14423780711149314,-0.40600577101901864,-0.2763661357125309,-0.5557906460552219,1.4073315356384484,-0.37137736558001827,2.825855319854162,-0.42617639745972513,-0.3046687282774735,-0.25331196725002153,-0.20991787197283884,-0.6572237554441046,-0.8013187598535866,-0.38587171573430823,-0.480994930282192,-0.32574033986661105,-0.44929509409061896,-0.4977633839337437,-0.4756167309206416,-0.8013037051619213,-1.16803831076704,-0.5289708553538092,-0.5003332386401885,-0.1431066920311586,-0.38341902227495434,-0.5834877910511347,-0.5583338595672794,-0.6298544203647838,-0.34307812060238235,-0.1584753366928569,-0.5074752304367945,-0.46564608430871623,-0.5297079638648843,0.6003323899804859,-0.5670019233034216,-0.43563882387926617,-0.19225502957891574,-0.5998665482467975,-0.3304528728092536,-0.3157839615069132,0.31452512576861247,-0.30543105246251945,-0.46281911797427294,-0.23964666872357585,-0.37245706262709727,-0.43745496533950257,-0.40812133455439153,-0.5247933071773396,-0.33254646074207256,-0.15794480271881173,0.4592257938000118,-0.2993019202863956,-0.3095696528996101,-0.33522942561588975,0.4216637483992863,-0.49893358985191416,-0.5554896926331678,-0.31756840753249194,-0.38083259898238764,-0.3500973944689443,-0.5123347237417335,-0.5895730213519981,-0.4427144714791825,-0.3141197918118263,-0.2218782531815794,-0.41371833309551354,-0.1452174549122835,-0.3425915517453018,-0.3218331691671977,-0.39698746898164894,-0.33213527489269834,-0.2830827620365079,-0.3656453855408949,-0.18868665021652947,-0.37099678118071133,-0.46373382870100244,-0.2758932760786847,-0.3014802694024719,-0.3099271271139663,-0.2701914562147034,-0.3137257965376381,-0.22370825692169077,-0.6247304820974964,-0.2938444481468964,-0.32696847876400464,-0.20495568362279692,-0.4613920332082983,-0.3992722997428346,-0.27784254710902223,-0.18689805281054397,-0.18428360859852225
TR20028,-0.4297926693818473,1.5316912911636564,-0.21534188670351614,1.1451724450183378,0.12868459981279184,-0.7569096143691187,-0.3659174015057596,-0.03495860775440679,-0.4293954133224298,-0.3086044161956686,0.2540791405507032,1.1512367456714512,-0.051723010206746564,-0.42979962104744446,-0.2835444320220209,-0.08736679139039286,-0.7674703945054878,0.11052735725954171,-0.5376917836306486,-0.06402044299467763,1.8588320174593338,-0.3353499705881675,0.04726355100296245,1.6161830376275041,0.08735189962421648,-0.15829316202296456,-0.02758464867442568,-0.011108936759470526,0.17486880539283367,-0.0953878959573161,0.029538341073097628,-0.14451169426882343,1.2214586389989848,0.18762816305550192,2.3445739126874225,-0.40600577101901864,-0.2763661357125309,-0.2944854655172726,-0.4331901010262467,-0.37137736558001827,-0.2863810145547515,-0.29409506629110815,-0.29289368767309865,-0.25331196725002153,-0.15648221783906932,0.37430479963802293,-0.5208833864988557,1.7443818760395768,-0.2969596003442738,-0.32574033986661105,-0.44929509409061896,0.5640908887726858,-0.4756167309206416,0.013230208559233285,0.5990640210051656,-0.5289708553538092,-0.5003332386401885,1.1262132139263017,-0.36983599253896393,2.0824624294652128,-0.554240088189744,0.571893660610064,-0.34307812060238235,-0.19801389505608727,-0.3873614057167963,-0.39615326458363626,-0.10152031214595042,-0.37935177657219843,-0.5348169170455895,-0.43563882387926617,-0.11250740242534563,-0.41419587345899106,-0.3304528728092536,-0.3157839615069132,-0.2578645825923432,0.15422053663225427,0.03992903035819215,0.21354611483666824,-0.32339361512897674,-0.41437823185106737,-0.40812133455439153,1.2529995122038051,1.115509880080234,-0.1489525771141118,0.2335806850739315,-0.2993019202863956,-0.3095696528996101,-0.33522942561588975,-0.19601811303578184,0.4858994677341451,-0.4737547517166221,-0.31756840753249194,-0.38083259898238764,0.38500013988098575,-0.3077133190456888,-0.5895730213519981,-0.4427144714791825,-0.3141197918118263,-0.2218782531815794,-0.3517032760597994,-0.1389143626804613,-0.3425915517453018,0.7387193014185894,0.32292443327220904,-0.33213527489269834,-0.2830827620365079,-0.3656453855408949,-0.18868665021652947,-0.37099678118071133,-0.1396482364155216,0.016798167542975192,-0.3014802694024719,0.8038559850640552,-0.24200577024310554,-0.27918123275347967,-0.22370825692169077,-0.20928063491462873,-0.2938444481468964,-0.32696847876400464,0.3988705842102094,-0.4613920332082983,1.2608765300738634,-0.27784254710902223,-0.18689805281054397,-0.18428360859852225
TR20029,-0.07765298501273418,-0.40246546963814883,-0.46473628021976104,-0.00895772529280594,0.7704083473484317,-0.06977016167055489,0.8855779495821847,0.6006058778135437,0.43494316453636117,-0.251706946271458,0.7056444268600621,1.517508684400418,0.44513245789367023,-0.5172922866260811,0.7272934869257657,1.6162241491888618,-0.18309925227121648,1.6874234219978836,1.5578189173906574,0.37258792965607873,0.2912684499064161,-0.30888181876793636,0.2184652857337659,0.9023776336179341,0.23296827780603546,-0.243320404266292,0.7089708742785191,-0.2027573996942358,-0.5603281110115655,-0.5164955835097009,0.3789002054128722,1.4284838624613807,-0.230129256303477,0.5803228340776649,-0.5078776222928605,-0.40600577101901864,0.8972640890695436,-0.012402912370513806,0.0831460969904125,0.2889307643488504,2.0399455760341367,-0.4884547463380185,-0.3046687282774735,-0.25331196725002153,-0.20991787197283884,-0.6572237554441046,-0.7120592387783029,-0.38587171573430823,-0.47829197123256606,-0.32574033986661105,0.0820005811524377,-0.4977633839337437,-0.10730824467841665,-0.34862990555744333,-0.17754140599615822,1.3735562513267208,-0.5003332386401885,-0.007492352009845608,-0.38341902227495434,-0.5264401404556611,-0.3773369037690081,-0.5203671858518867,-0.34307812060238235,3.175064170286955,-0.5074752304367945,-0.4092687689062145,-0.33664418120454437,-0.5995647583012914,-0.5316518943888342,-0.2398396441735297,-0.447935896170859,-0.1343560892800353,-0.3304528728092536,-0.3157839615069132,-0.06525249693342006,-0.30543105246251945,0.06682694497472395,-0.23964666872357585,-0.21647481376897845,-0.43745496533950257,-0.40812133455439153,-0.5247933071773396,-0.33254646074207256,1.585761463790478,1.2959882331456574,-0.2993019202863956,0.06549842795607981,-0.33522942561588975,-0.3396639642480243,-0.49893358985191416,-0.5554896926331678,-0.31756840753249194,-0.38083259898238764,-0.2877109528701102,-0.08819986289362727,-0.5895730213519981,-0.4427144714791825,-0.3141197918118263,-0.2218782531815794,6.633412698918642,-0.1452174549122835,-0.3425915517453018,-0.3218331691671977,-0.39698746898164894,-0.33213527489269834,-0.2830827620365079,-0.3656453855408949,-0.18868665021652947,-0.36687163693550673,0.1634753516761314,-0.2758932760786847,4.199003101496184,-0.35531411272575075,-0.2701914562147034,-0.3137257965376381,-0.08701264705017991,-0.6176467925290555,0.3422418544383109,-0.32696847876400464,-0.20495568362279692,-0.4613920332082983,-0.3992722997428346,-0.27784254710902223,-0.18689805281054397,-0.18428360859852225
TR20032,0.11317628153367498,-0.5236797661618018,-0.46473628021976104,-0.59994066509799,-0.5320523772575787,-0.3455836079270987,0.3041579924994258,-0.575236639049419,-0.34272947682950844,0.5025196234967219,-0.5165978547095151,-0.0067475442027747305,0.19823990068055866,-0.4452591257600762,-0.38139233161558783,-0.08841787168443242,-0.7915148456672112,0.512377330377131,0.6696441378771514,-0.76065203211405,-0.6668533392351167,0.23180288243296449,-0.6880853502305385,-0.5226098469239926,0.011643102597693328,0.7630463585974097,-0.5563509640145652,-0.3869422221868775,-0.4045882326497447,-0.5164955835097009,-0.0427829250730187,1.8522551505579532,-0.46038440430367317,-0.2713528168700762,-0.714745559049511,-0.40600577101901864,0.3669985576919609,-0.37767480068072584,-0.09692201895716865,-0.37137736558001827,-0.45477868753715933,-0.5030237174123751,-0.3046687282774735,-0.25331196725002153,-0.20991787197283884,0.012411134361315032,0.15219245319695626,-0.38587171573430823,-0.4719176701667159,-0.32574033986661105,-0.44929509409061896,-0.4977633839337437,-0.4756167309206416,-0.7190104831595241,-0.5635314897066777,-0.12757459046783037,-0.5003332386401885,-0.29562677062844217,-0.3800619157385795,-0.5834877910511347,1.493284345048256,-0.5914586624454469,-0.34307812060238235,-0.573409419426573,-0.29349941446182015,0.594178964759015,-0.265590142842937,2.1377392852396615,0.1988680764039724,0.10702495410271193,-0.447935896170859,0.6647776084573357,-0.3304528728092536,-0.3157839615069132,-0.34769008359220765,-0.30543105246251945,-0.45217793215759317,0.2347351988590716,-0.33220198573686077,1.254544934072526,-0.40812133455439153,-0.12033626084837093,-0.33254646074207256,-0.15794480271881173,-0.1427170830936864,-0.2993019202863956,0.274955942545921,-0.33522942561588975,0.10800994122361011,-0.03529087267145394,0.3404307242520658,0.7883960011510124,3.0611539003153467,-0.5019498073387701,-0.21331041146307073,-0.27421296948943746,-0.18541795102910005,-0.3141197918118263,-0.2218782531815794,-0.39187164009620645,-0.1452174549122835,0.18558671962506984,-0.3218331691671977,-0.39698746898164894,-0.33213527489269834,-0.2830827620365079,-0.3656453855408949,-0.06708418551305752,-0.37099678118071133,-0.30167435634171963,-0.2758932760786847,-0.3014802694024719,-0.2807859794041667,-0.2701914562147034,-0.3137257965376381,-0.22370825692169077,0.5644557736575229,-0.2938444481468964,-0.32696847876400464,-0.20495568362279692,-0.4613920332082983,-0.3992722997428346,4.584903487460722,-0.18689805281054397,-0.18428360859852225
TR20034,0.19487816109502157,0.28412036014500897,-0.46473628021976104,0.06490639569131051,0.14016883960137813,-0.7569096143691187,-0.007373220117772406,0.15064998063210916,0.5141183615025668,-0.501536077433869,-0.2383983979873678,-0.6036401974236342,-0.3712368203661633,-0.3932305431432556,0.11498726410425866,-0.6801914588915221,1.1374220055306257,0.9984785996378045,0.1260696970316611,-0.3111700747050347,-0.6606928268853064,-0.27343178104226507,-0.3001702079720329,-0.5226098469239926,-0.42567481706867083,0.18974393238346748,0.3242877260347101,0.2431449877943008,-0.5603281110115655,0.08664712748031426,-0.4095059662912345,-0.5189817191591031,0.3383157590797562,-0.5947571189270795,1.4513928842736061,-0.40600577101901864,-0.2763661357125309,0.12349281505123896,0.9116834765702118,1.073638124707052,0.6435971571119252,-0.5724064409217076,-0.3046687282774735,-0.25331196725002153,-0.20991787197283884,-0.6572237554441046,0.09791214354406819,2.91707111905616,0.6802558702350615,-0.32574033986661105,-0.44929509409061896,-0.4977633839337437,-0.4756167309206416,-0.5180415582744021,-0.080751763410826,-0.47268815412463266,-0.5003332386401885,0.8768483066248284,-0.38341902227495434,0.8172130570601989,-0.4150808951930942,-0.6298544203647838,-0.34307812060238235,-0.3531465954113721,0.4442336937375135,-0.46564608430871623,0.009796941834238702,1.0876250816508823,0.01249189740600785,-0.43563882387926617,-0.447935896170859,2.579389286558183,-0.3304528728092536,-0.3157839615069132,-0.3487368421543094,-0.30543105246251945,-0.3695306228772897,-0.2255547006816493,-0.2763388054143363,-0.43745496533950257,-0.40812133455439153,-0.5247933071773396,-0.33254646074207256,-0.15794480271881173,0.5110788772000091,-0.2876765221228545,-0.29119970889024516,-0.33522942561588975,-0.3396639642480243,3.0442508735213933,-0.14009163000730396,-0.31756840753249194,-0.38083259898238764,0.7610623406802458,-0.42130850224507277,2.6371457047333613,-0.4427144714791825,-0.3038120395626515,-0.2218782531815794,-0.41371833309551354,-0.1452174549122835,0.05495490894282607,-0.3218331691671977,-0.3950890521436036,-0.33213527489269834,-0.2830827620365079,-0.3656453855408949,-0.18868665021652947,-0.37099678118071133,-0.46373382870100244,-0.2758932760786847,-0.3014802694024719,-0.35531411272575075,1.7470223021198534,6.757091738816466,-0.22370825692169077,-0.6247304820974964,-0.2938444481468964,-0.32696847876400464,-0.20495568362279692,-0.4613920332082983,-0.3992722997428346,-0.27784254710902223,-0.18689805281054397,-0.18428360859852225
TR20037,-0.452274425238704,1.3021917507847123,0.3992932338665509,-0.6053110108983746,-0.4242095261987934,0.21949759903752764,-0.44774021198602015,-0.5904802799802594,-0.26694201735848777,-0.6489634400091251,-0.04418416825468544,-0.19019707921122309,-0.10984628296955924,-0.1845532907241984,-0.5078291826082093,4.2071306122965584e-05,-0.35167035041583866,-0.6125099784480831,-0.6072727983727624,1.54547588155042,-0.40713910806680276,0.04194653814784983,-0.9440275080678745,1.835429133440616,-0.37795639830298555,0.6048021744359179,1.874463925900006,-0.11072068725718448,-0.5407367508847971,-0.4097667156013284,-0.445679327499834,-0.43885543698960655,-0.02551698418150236,-0.44823121668045185,-0.4260608444947979,-0.38195293072041026,-0.23144896787678676,-0.2997729608523924,-0.39033222715230914,-0.368722503955002,-0.44941585155474084,-0.4732053562849145,-0.1555570754755392,-0.25331196725002153,-0.20991787197283884,-0.4433709908252297,0.09883615514940232,-0.37357477927282723,-0.27389931585396105,-0.32574033986661105,-0.44772973549375567,-0.4977633839337437,0.712763654503793,-0.731002246583426,1.338414199260868,0.32841936375258574,-0.16901163287690388,-0.4242303871805171,-0.38341902227495434,-0.10611735635127506,1.1529206439216704,-0.5913118803189633,-0.34307812060238235,-0.5316315202498539,0.2065647984496841,-0.03337037600598539,0.4593473906003871,-0.680934903005618,1.146028391116062,-0.21963553418711565,3.810993956095487,0.4650001920049625,-0.3304528728092536,-0.22466719589804876,-0.31992119588377016,-0.28620081780015005,0.6132660095869045,0.6592531795241328,3.407321782802777,0.2782304403566521,1.8627667767034308,0.5937856837269574,-0.2324140721745568,-0.15794480271881173,-0.4029405917802351,-0.017641919811545784,-0.3095696528996101,-0.33522942561588975,-0.32849856098737706,-0.49893358985191416,-0.5463494411758337,0.07197809594464949,0.2873908512588816,-0.5223003190742851,0.22825623054672964,0.3822341712768967,2.6167514546819857,-0.26356470047145164,-0.2218782531815794,-0.3782148184821469,-0.1111683978560676,-0.3425915517453018,-0.16275412485245286,-0.17490404071776353,-0.33213527489269834,-0.2830827620365079,-0.3656453855408949,-0.18868665021652947,-0.37099678118071133,-0.40863560924483133,0.2552928570042046,-0.3014802694024719,-0.28835986223888754,-0.2701914562147034,-0.09842763021972904,-0.22370825692169077,2.8433337820869693,-0.2938444481468964,1.4235426685235266,-0.20495568362279692,0.98715035026141,-0.3992722997428346,-0.0878700143877538,-0.18689805281054397,-0.18428360859852225
TR20041,-0.51368366402815,-0.3358070524333677,0.04467128336322345,0.3358945695682065,-0.35964863377373746,-0.38518276923861433,-0.386569928755846,-0.624945593227918,-0.47003127360820535,-0.0925923509918178,-0.34156646817052144,-0.6036401974236342,-0.04876758955778995,-0.49749619798866523,-0.6210140121730972,-0.6712547127817129,-0.3798998357797645,-0.08985932645692314,-0.6154075307852016,-0.65774619564874,0.08186091270396101,-0.47788548057083036,-0.08872813289591004,0.050425001102250844,-0.3236163897044852,-0.07509282561118566,-0.36567773430967787,-0.37410921653116663,-0.487286133470196,-0.5049883695281079,-0.38870819281662095,-0.19196439469406573,-0.20174890565829937,-0.5659476904660856,0.05855964318754226,-0.2399068878075285,-0.2760330964886994,-0.19795318910546356,-0.4331901010262467,-0.37137736558001827,-0.3341495514412506,-0.5189135017984178,-0.3046687282774735,-0.25331196725002153,-0.20991787197283884,0.6630451291207391,0.36737541630150494,-0.38587171573430823,1.523217280302267,0.926410672067777,-0.4375965857602149,0.7912031653346874,0.4208887164488229,-0.06824863222592101,0.012921914825682359,-0.32080580745570153,0.2889950876668042,-0.48002142980358303,0.9938118480456208,3.1377705765656145,0.8667921550875407,-0.5241345937649659,-0.34307812060238235,-0.2176002421712485,0.10844641807619933,-0.41987580276528036,0.32737721444890333,0.031521045356872474,-0.29777854779708024,0.6806428156772452,0.6392671755737873,-0.002438829174033933,-0.16869356127021615,-0.3157839615069132,0.046563444102792145,-0.19207275887692454,0.018286589802309943,-0.05978488793881247,-0.17401352816573923,-0.17211086366683073,1.0491744054800347,0.6555169358756154,-0.3187464982578807,-0.15794480271881173,-0.5425316472041921,-0.13256153970805956,-0.3095696528996101,-0.33522942561588975,-0.3396639642480243,-0.4831971665304891,2.2447230170577157,-0.31756840753249194,2.2368232804088337,-0.3461199182796737,0.7102565238935058,0.12274255941530862,-0.014983124366768815,0.7480081795302246,-0.2218782531815794,-0.3980773673829661,-0.12547394542142873,-0.3425915517453018,0.4306660522646281,-0.3954472439998386,0.39575808704311066,-0.2830827620365079,-0.3656453855408949,-0.18868665021652947,-0.37099678118071133,-0.4594647172661417,-0.2758932760786847,-0.3014802694024719,-0.35531411272575075,-0.2701914562147034,-0.18486743127721467,-0.21277341962267854,0.24973485267039178,-0.2938444481468964,-0.32696847876400464,-0.20495568362279692,0.4023827750674362,0.4433048320417646,-0.2639088648612013,-0.1627593424616408,0.05513638766190903
TR20042,-0.42988388251038717,-0.4616793501238413,1.3608460436554375,-0.13170161420110646,-0.45651333018716245,-0.5597950947843484,-0.13436728318790883,-0.5138127659959608,-0.4131125265852916,0.2829446277843959,-0.2754522171231486,-0.5476891799091669,0.06283237794753146,-0.48249537042192414,-0.11138239502551715,0.23346905933898754,0.367063784310268,0.003639736464645507,-0.5500209874432517,-0.5772241597090513,0.29478517962837225,-0.22541856319048367,0.5783581985467142,-0.46529715043709713,-0.2241167477919183,-0.5165973749347288,-0.49510418674984147,-0.4840809455530222,-0.3993410006572964,-0.09341584987007512,-0.36449927901691787,-0.4811659424706066,2.7942216928632386,-0.3664321386057324,0.562980139995853,-0.40600577101901864,-0.12005812935053835,-0.3907870793809054,-0.36214576710030966,-0.37137736558001827,-0.45920533878988834,-0.3834100634131593,-0.18752067579599552,-0.25331196725002153,-0.08049327672857527,-0.03784773451648093,-0.2384452717111678,-0.38587171573430823,0.38406902287978945,-0.32574033986661105,0.958619920349672,-0.4977633839337437,-0.4756167309206416,0.11555720850580631,0.0350842112566901,0.4880164217435084,-0.5003332386401885,0.688864072820543,0.1217592527678238,0.21730759584544743,5.121294868410526,-0.39289302492281075,-0.34307812060238235,0.28794198547782207,-0.2438743459529639,-0.21077208685729554,-0.5297079638648843,0.6126709503257652,0.8272232986109649,-0.13275968636838847,-0.447935896170859,-0.5189570550625044,-0.3304528728092536,-0.3157839615069132,-0.1859531203991783,2.2336413930800902,0.32032312747156866,-0.19123492945617365,-0.37245706262709727,-0.29353204859144616,-0.40812133455439153,-0.5247933071773396,1.2454000692126528,-0.15794480271881173,-0.6722804880298293,-0.2993019202863956,-0.08798596761943404,-0.33522942561588975,0.45112865995133117,-0.012763944256177563,-0.5554896926331678,3.3356693698912117,-0.38083259898238764,-0.49293237844391685,-0.5123347237417335,-0.5895730213519981,-0.4427144714791825,0.8039111100751443,-0.2218782531815794,-0.2387337099416435,-0.1452174549122835,-0.3425915517453018,-0.3218331691671977,6.2912872829910205,-0.33213527489269834,-0.2830827620365079,-0.3656453855408949,-0.10750359404506789,-0.37099678118071133,-0.28840008797394956,-0.2758932760786847,-0.27771500695292,-0.09183308831192993,-0.22881498751138188,-0.26493138243807796,-0.22370825692169077,-0.4046803184794726,-0.2938444481468964,-0.32696847876400464,-0.20495568362279692,-0.4613920332082983,-0.3992722997428346,-0.27784254710902223,-0.18689805281054397,-0.18428360859852225
TR20044,-0.15487629996277477,-0.4740062277364162,0.17873898559861753,-0.6165065200587854,-0.5501546535345028,-0.37563549369985877,-0.4340187234931105,-0.6081786840804084,-0.40597856984392644,-0.5293077872129819,-0.24421177051405057,0.1458362248084139,-0.27287056976672514,0.5422831938230263,-0.23322102306584305,-0.18700407604439293,0.11305040403744646,-0.6655121044620812,-0.4179586909350593,1.9266797916122218,-0.7408293701239305,2.648794476668289,-0.31683575865759145,-0.5056763681855863,-0.39905172874381245,0.31734822997872075,-0.5207719745583224,-0.48071673747313964,0.07736939059852693,0.12426769899075783,-0.36989600848646265,0.4101322085856795,-0.00853346725997873,1.4308658066414697,-0.7990046287221425,-0.40600577101901864,0.10206465715121281,-0.3165580970504572,-0.4331901010262467,-0.37137736558001827,5.076270042485023,-0.5666228796023546,-0.3046687282774735,-0.25331196725002153,-0.20991787197283884,-0.06455721169810384,-0.5294358660086931,-0.38587171573430823,-0.23722846197596487,-0.32574033986661105,-0.44929509409061896,0.2273955272900353,-0.4756167309206416,-0.2193163480244829,-0.43984717983556215,-0.5289708553538092,-0.5003332386401885,-0.48002142980358303,0.07531191693890053,1.1732471508708864,0.27612772314015027,-0.46926254214784413,0.7268016004152339,-0.41945631549980184,3.740081265565912,-0.1245238754011578,-0.5297079638648843,0.02127397618346076,4.643793153937381,-0.14805421587933246,-0.43788883586377986,-0.36851117856232785,0.10569618089616765,0.5694997938234714,-0.3487368421543094,-0.30543105246251945,-0.264513074155154,-0.06598208143185129,-0.37245706262709727,-0.001354535885710157,-0.40812133455439153,0.07179270248145479,-0.33254646074207256,-0.15794480271881173,1.2029081741420788,5.053078919420535,0.14534243596181146,-0.33522942561588975,0.48762189902955183,1.9058780104495021,1.8889123629710112,-0.31756840753249194,-0.1451413820368237,-0.523471767540988,0.3469597337223054,-0.3177380551067024,-0.4427144714791825,-0.09724135940781832,-0.2218782531815794,-0.41371833309551354,-0.10851121191520138,-0.3425915517453018,-0.3218331691671977,-0.3386827895830014,-0.23397313630643413,-0.2830827620365079,-0.3656453855408949,-0.0979222722212982,-0.34044240395274994,-0.41902489215076194,-0.2758932760786847,-0.3014802694024719,-0.25330601789231705,-0.2701914562147034,-0.3137257965376381,-0.22370825692169077,-0.1956450072735015,-0.2938444481468964,-0.32696847876400464,-0.20495568362279692,-0.4613920332082983,-0.3992722997428346,-0.27784254710902223,-0.18689805281054397,-0.18428360859852225
TR20045,0.06463721518120003,-0.45479566272141686,-0.2407252812875177,-0.5675786464311776,-0.5900886642976615,-0.5638490148592661,-0.44774021198602015,-0.7010870865330789,-0.3222926190915039,-0.48619701192425313,-0.5714454811255295,0.8051148078894592,-0.4239910789500382,-0.5172922866260811,-0.4002421896808984,-0.6503715418664789,1.9451336065557363,-0.47133660738788163,0.4743197705543649,-0.8207121926657724,-0.6501176963738913,0.3400582441353749,-0.6637301346643405,-0.5226098469239926,-0.42567481706867083,1.1228383925462306,-0.5563509640145652,-0.1464124842371303,-0.41379947525150035,0.18163040220973492,-0.32738403577825625,-0.4957292391010152,-0.43197612024250615,-0.5947571189270795,-0.7168389520848558,0.24726186732097652,0.17716380414238808,-0.4168430756883664,-0.188564150613413,-0.37137736558001827,-0.45313747480116057,-0.36543899744506564,0.6330986143765468,-0.25331196725002153,-0.20991787197283884,0.3496313161950508,1.4457141506401028,-0.38587171573430823,4.004969992272414,-0.32574033986661105,-0.44929509409061896,-0.4654457314683562,0.1984066320361864,-0.3924537948103281,0.3895738428783213,1.2738597142213262,0.028000203800027608,-0.35736534892736327,-0.06703381744883635,-0.3494994643162696,-0.5583338595672794,-0.3817375833100567,-0.34307812060238235,-0.25624937221137495,1.6441171672667216,-0.10400949974109779,0.43254961403441083,-0.29867467036269196,0.001654423274428488,-0.43563882387926617,-0.447935896170859,1.7290555664760772,0.25421375853712924,-0.15626847861874318,-0.3487368421543094,0.8612244796621558,-0.011254383926356202,0.1531081386916858,-0.2858057457872958,-0.43745496533950257,5.290215437389938,0.604412635720084,-0.15709725296701282,-0.15794480271881173,0.03972680049286643,-0.2499488148751363,0.0419688384708604,-0.08622829880557335,-0.3396639642480243,-0.49893358985191416,-0.5554896926331678,-0.31756840753249194,-0.38083259898238764,-0.5836787701320025,-0.12941274948120868,0.8442242757841838,-0.4427144714791825,-0.2159329098361521,-0.21732726026166777,-0.3103528687306762,-0.1452174549122835,-0.3425915517453018,-0.3218331691671977,0.45981192853060643,-0.33213527489269834,-0.2830827620365079,-0.3656453855408949,-0.18868665021652947,-0.21011615561773267,-0.17430141439068006,-0.20023717328733934,-0.3014802694024719,-0.35531411272575075,0.12056330040308356,-0.23448060205748852,-0.22370825692169077,0.32478777807113657,-0.2938444481468964,-0.32696847876400464,-0.20495568362279692,-0.4613920332082983,-0.3992722997428346,-0.27784254710902223,-0.18689805281054397,0.07112359100370529
TR20048,-0.41324660786472067,-0.38287706929402837,-0.19937983216537897,-0.5364673760533799,-0.49566874842228137,-0.3562178040656511,-0.44447854668852527,-0.7351798017996818,-0.3480421423999416,-0.5123206098942632,-0.524173245015303,-0.2307970134602688,-0.4239910789500382,-0.5172922866260811,-0.46833016184408105,-0.5805951920050944,-0.35221622444221284,-0.598044814890096,-0.42115447866851746,-0.05084862847367915,-0.44899068589263885,-0.3867964558328312,-0.20820047248156934,-0.5216726581764082,-0.4136036002053088,-0.34910332665138066,-0.5350950203310856,-0.3762257712834106,-0.5384244113627012,-0.35461443766695105,-0.301189532834098,-0.09358707389947597,-0.38770165589938943,-0.5522734717150839,0.5951660579142805,-0.2830361186877918,-0.266789461053147,-0.3416115984369979,0.2237893053524405,-0.2256413670676055,0.3413135099477595,-0.3685409074952377,0.018736842381295613,-0.24168820691257673,-0.20443768130741533,1.2299603535751058,0.5813378245413333,-0.21154595950226657,-0.3389193150398452,-0.30301610332874424,-0.4463311014811738,1.3435795621320115,4.391618305388764,-0.5517060418421814,1.5134340217788516,0.30084794363180634,0.7340083423488324,-0.46732633595388157,0.653750207647175,-0.5834877910511347,-0.1781066967289475,-0.3420146703304306,-0.34307812060238235,0.12142334098634847,-0.26678011629592135,-0.39799926065174035,0.03810320251154471,-0.5429831154741918,-0.38400904438681605,-0.43563882387926617,3.18585328668296,-0.4536803309630509,-0.2981544404969999,-0.3148464343928345,-0.34017554854882726,0.13956892927044903,0.08208007741605544,-0.18773750342544876,-0.08398704127992605,-0.36609725871371834,0.3401215619580223,0.08917686650495021,-0.33254646074207256,-0.15794480271881173,0.37851382747750756,0.10053134925652504,-0.290978868033302,0.21268355682544993,-0.2646207012804111,-0.4324877345304786,0.6713473761725216,-0.2940051898370196,-0.38083259898238764,-0.5987986282487505,-0.3585944948537462,0.8607851772238281,-0.2806041938442888,-0.28401395090126613,-0.2218782531815794,-0.30423157310768195,0.1639430395564063,-0.3425915517453018,0.3978296720068013,0.6740196133555255,0.38153702308474774,-0.2830827620365079,0.11141940526057593,-0.18868665021652947,-0.37099678118071133,-0.44148775583340794,-0.2758932760786847,-0.3014802694024719,-0.3261166536194105,-0.21958735474838237,-0.11177162207987293,-0.21985367605561967,-0.1105837590776675,-0.2938444481468964,-0.32696847876400464,-0.20495568362279692,1.8176319541334947,-0.3977364056438125,-0.25608309811927454,0.07595651440558164,0.4609637372191877
TR20060,-0.2225906462625372,-0.4647492621729501,-0.46473628021976104,-0.6165065200587854,-0.4559138139405718,-0.2870661529326333,-0.44774021198602015,-0.7538316183807675,-0.12269813517257655,-0.7594621562393408,-0.48636060070457915,-0.6036401974236342,-0.4239910789500382,-0.4790240183859792,-0.3702252187314417,1.2672860004515272,-0.6347970120952873,-0.6898047455518302,0.7680598737597863,-0.42000736978483205,-0.8593755855030717,4.245010736233598,0.086679998682499,-0.5223415065560945,-0.42567481706867083,-0.688430324568005,-0.5563509640145652,-0.45420410426082036,-0.5603281110115655,0.5884136670844682,-0.445679327499834,2.1389325186994554,-0.2637890225706414,1.4618256824690679,0.11604072694972052,-0.40600577101901864,-0.2698275454834944,-0.3443972922880509,-0.38561641556668613,0.6839729507127316,-0.37597736053688086,-0.49295751899149404,-0.1645340866293695,-0.1870770803776879,-0.19868424013789868,1.9605039821390027,-0.7641047296648014,-0.29969783541509254,-0.480994930282192,-0.32574033986661105,0.08912342589201074,-0.4565342424837778,-0.44160119431266687,-0.7326106494874809,-0.5053311181038075,-0.5289708553538092,-0.5003332386401885,-0.2578888672692551,-0.38341902227495434,0.009396797212972992,-0.5583338595672794,-0.6269921688983534,-0.29524677500211316,1.259128326282116,-0.5074752304367945,-0.46564608430871623,-0.5269793823105672,-0.2546791016290219,1.8935194316718151,-0.43563882387926617,-0.22448751999638658,-0.5040332278500753,-0.3304528728092536,4.827910994162599,-0.23629114393439368,-0.30543105246251945,-0.4265900555357714,-0.23964666872357585,-0.37097528065567753,-0.43745496533950257,-0.40812133455439153,-0.5155375747962294,-0.33254646074207256,0.194979535453655,0.9813567298949458,-0.2993019202863956,-0.2528135526652115,-0.3151443988272371,-0.3396639642480243,3.142570138988406,-0.541691428413923,-0.31756840753249194,-0.38083259898238764,-0.5934045167043972,-0.5123347237417335,-0.04604367376327124,-0.4427144714791825,-0.3141197918118263,-0.21508822321718724,1.2189578570527002,-0.1452174549122835,-0.3425915517453018,-0.30792292714907804,-0.3375455304394554,0.4300661332744731,-0.2830827620365079,-0.35869020316993905,-0.18868665021652947,-0.37099678118071133,-0.448441738131599,-0.2758932760786847,-0.3014802694024719,-0.35531411272575075,-0.08040389390647305,-0.3137257965376381,-0.22370825692169077,-0.6247304820974964,-0.2938444481468964,-0.32696847876400464,-0.20495568362279692,-0.44643989504069664,-0.3901198080065566,-0.27784254710902223,-0.18689805281054397,-0.18428360859852225
TR20064,-0.5135992918842508,0.14119824322794697,1.2906491527141888,-0.5486031330534346,-0.6179856345773256,-0.7569096143691187,-0.08532983250832994,-0.7212512125666853,-0.46423610179472674,-0.514591037780662,-0.4497890857054147,0.9344674526694949,0.3031901717257279,-0.5172922866260811,-0.6187863016744696,-0.6801914588915221,1.2781795223314163,-0.8007503416196733,-0.5852835998203877,0.07995825912793444,-0.820217672996181,-0.5023003570378773,-0.7954561488619539,-0.5226098469239926,-0.2863870380190999,-0.342812957708662,-0.5563509640145652,-0.4252184439169318,-0.4798027929289077,-0.5164955835097009,-0.3118047978756082,-0.029281486394199113,-0.28281167885938746,-0.5518630809962664,-0.8039764371810866,-0.34873710364137966,-0.27114532658498586,-0.40020875731026306,-0.4331901010262467,-0.2833326112738918,-0.43187105625019073,-0.4493306550600418,-0.29825657745330897,-0.25331196725002153,-0.20991787197283884,0.3082455033329763,-0.2466453374924592,-0.38587171573430823,-0.24327287433890793,4.430618171058059,-0.44929509409061896,1.8788962254215096,1.380924601015124,-0.6834423834964395,0.34977713571069036,1.636120751865767,0.13379875783505418,-0.48002142980358303,0.2520017346428408,-0.5834877910511347,-0.40236407346713293,-0.3110008301888318,0.5116421068112947,-0.4609314305665281,-0.4993561066847258,-0.4215878152477963,-0.3297672683440704,-0.559554160912837,-0.4448320487526682,-0.43563882387926617,0.09258717362484091,-0.355329666121076,-0.3038848075201417,-0.3157839615069132,-0.2613197368705,-0.30543105246251945,0.15029398563183424,0.09491996876529829,-0.22429532972924932,-0.18012255353241707,2.838714433202027,1.1291414637876382,0.19806470710848748,-0.15794480271881173,-0.8884608122159324,-0.0973197666588344,-0.3095696528996101,-0.0390085338388734,-0.3396639642480243,-0.49893358985191416,1.0385394010642721,-0.26838919877419376,-0.38083259898238764,-0.5539021846876683,-0.45181411927803744,0.008728204003157798,-0.4409306395447316,-0.29488973788460243,0.32031614836547584,-0.41371833309551354,-0.1407682133368796,-0.3425915517453018,0.1715577932174337,-0.39698746898164894,-0.33213527489269834,-0.2830827620365079,2.3164054163638625,-0.18868665021652947,-0.37099678118071133,-0.3882239201969036,0.7534311793218372,-0.3014802694024719,-0.2778859424823219,-0.2701914562147034,-0.3137257965376381,-0.22370825692169077,-0.28406768456749637,-0.2938444481468964,-0.32696847876400464,-0.20495568362279692,0.7067031576248746,-0.3992722997428346,-0.27784254710902223,-0.18689805281054397,-0.019256002382608113
TR20066,-0.4742111826525351,0.09102289225607255,-0.46473628021976104,-0.5591032961370854,-0.5657654337216997,0.7349329732006245,-0.37862664904427434,-0.43184121016369187,-0.47267656311673245,-0.6526357887289931,-0.04383690927632166,-0.6036401974236342,-0.30165308308684113,-0.38857080032023045,-0.629496448302487,-0.6693832771362279,1.0930242513855195,-0.8763335817375519,-0.6283722605675266,-0.7143270089685005,-0.8854143502528767,-0.5125619587448369,-0.3247150966699219,-0.23679130939144133,-0.42567481706867083,2.1045465400825902,-0.5563509640145652,-0.477241131774718,-0.5198875796993061,-0.5034930818355845,-0.34568709468675946,-0.5189817191591031,0.0074444466859283735,-0.30428256814799853,-0.7909799554199872,0.2396095884903437,-0.2722786183322684,-0.3609340226650027,-0.2640171359833807,-0.37137736558001827,-0.42970974088658676,-0.08690748726251854,-0.3046687282774735,-0.25331196725002153,-0.20991787197283884,-0.5701378494428866,3.4892883010959954,-0.38587171573430823,-0.26948306386343046,-0.254246896546904,-0.44929509409061896,-0.4247114791211709,-0.27044181334545275,0.5739418563962002,0.7296424019980534,-0.17146749835333724,1.2193677449239422,-0.4492416168545557,-0.31119705928846875,0.23318406464324448,2.3858136068696645,-0.5970119195640767,0.20207053316499027,-0.5730750953051225,-0.08065535513107362,-0.21021382191734467,2.281463095547532,-0.6969861695731483,2.673097253644328,-0.2550064150847403,-0.3625724449155153,0.298843442654342,0.8054599276646291,-0.3157839615069132,-0.34283925123124864,-0.2551939278019111,-0.3213426755864936,-0.12517243776470383,-0.10023725023316266,-0.41035322019610776,-0.40812133455439153,-0.5247933071773396,-0.33254646074207256,-0.15794480271881173,-0.8884608122159324,0.21150272072013804,-0.3095696528996101,-0.33522942561588975,-0.3396639642480243,-0.49893358985191416,-0.5505460470132155,-0.31756840753249194,1.8011830310654946,-0.5987986282487505,1.810392394924328,0.8774163711144045,1.4885323632418348,0.7360794501128328,-0.20045298491111904,-0.41371833309551354,-0.1452174549122835,-0.13452476225002544,-0.14648202878824595,-0.39698746898164894,-0.33213527489269834,-0.2830827620365079,-0.3656453855408949,-0.17721201330183525,-0.37099678118071133,4.128495977885731,-0.2758932760786847,-0.3014802694024719,0.03143255871560886,-0.2701914562147034,-0.3137257965376381,-0.22370825692169077,-0.25590384641736874,-0.2938444481468964,0.4355164961736805,-0.06448403549040806,0.5592178117844468,0.5046058684501038,2.3232023640840014,0.09414828884461765,-0.18428360859852225
TR20069,2.004731337910706,1.1599308456936122,-0.46473628021976104,0.7064440565489746,-0.4820667369574269,1.609169650226372,-0.4473043860195446,0.05468408298195147,0.6393202367446295,-0.7487186556082188,-0.5101542714443204,-0.5891343780680316,-0.14606660492288265,-0.2572640428284508,-0.6318955211471629,-0.6381021021414225,-0.6022265285216231,-0.7971064454562109,0.23559805844200307,2.087690726851295,-0.39613997468110923,0.4282917836147599,-0.5520205631454934,2.5599761623263464,0.24488323296242842,-0.7285253714922207,-0.36164899149525087,-0.32193057200742564,3.6713929712082125,3.355519390025437,-0.44208999327716514,-0.5167390465465594,-0.43493706233737706,-0.4343435947556651,-0.7651614413174003,-0.40600577101901864,-0.2763661357125309,-0.335605500547944,-0.40986399850885485,-0.3381854780746308,0.11904476258161784,-0.4140689421026019,-0.2736960967207516,-0.25331196725002153,-0.20991787197283884,-0.6568125919051055,-0.7792585199922821,-0.38587171573430823,-0.480994930282192,-0.32574033986661105,-0.44929509409061896,-0.4977633839337437,-0.1798785859823128,-0.7482773081541916,-0.42458869191491677,-0.5289708553538092,-0.5003332386401885,-0.48002142980358303,-0.38341902227495434,-0.5834877910511347,-0.5583338595672794,-0.3244069310743345,-0.34307812060238235,-0.22197799576156152,-0.5074752304367945,-0.447007478846891,-0.5297079638648843,-0.6596239692898993,-0.5670019233034216,-0.43563882387926617,-0.447935896170859,-0.5998665482467975,-0.3304528728092536,2.3683154040519154,-0.06433339185450153,-0.30543105246251945,-0.35665241311642665,-0.23964666872357585,-0.3133010334791956,-0.43745496533950257,-0.40812133455439153,-0.5247933071773396,-0.33254646074207256,-0.15794480271881173,0.6118817358589064,-0.2993019202863956,-0.3095696528996101,-0.33522942561588975,-0.3396639642480243,1.3392618613893892,-0.5554896926331678,-0.31756840753249194,-0.38083259898238764,-0.5082156944862513,-0.25732277283986454,0.3034785092523753,-0.4427144714791825,-0.3141197918118263,-0.2218782531815794,-0.4115020019216708,-0.1452174549122835,-0.3069832628362607,7.005528559904376,1.2894514285438452,-0.33213527489269834,-0.2830827620365079,5.034796126159195,-0.18868665021652947,-0.37099678118071133,0.34751407743832996,-0.2758932760786847,-0.3014802694024719,-0.32732734864503504,-0.2701914562147034,-0.3137257965376381,-0.11322379693946337,-0.4163408691363697,-0.2938444481468964,-0.13022370573764408,-0.04199364270243359,-0.4609098141946063,-0.3992722997428346,-0.27784254710902223,-0.18689805281054397,-0.18428360859852225
TR20075,-0.5194300911261598,-0.06746131727916338,-0.46473628021976104,-0.5880148238946931,0.844989725609359,-0.3217007309639961,-0.38107289801739547,-0.5415603568204668,-0.451529537739316,1.1034512791037114,-0.5947439862850112,-0.6036401974236342,-0.061590831373540454,0.4945807706504015,0.8938576872846924,-0.6794018668657558,0.09579038720351758,0.7660145875732844,-0.6283722605675266,-0.3566832501631263,1.657330886794894,-0.5125619587448369,-0.7781168634065346,-0.40804853523208773,-0.37414751919561406,1.813254248019715,-0.5563509640145652,-0.3695196346473534,-0.4967895948027659,0.4556797958278627,-0.26577985975798124,-0.07901439370165093,-0.4251044999091265,-0.5502543493785015,-0.6609279130991863,-0.267869795740886,-0.26647319358878907,-0.22587222907127213,-0.4331901010262467,-0.35123345007039036,-0.3355249339453622,-0.5029436681207576,-0.3046687282774735,-0.25331196725002153,-0.20991787197283884,-0.5965536383823674,1.3898522769371544,-0.3435950388299142,-0.480994930282192,-0.32574033986661105,-0.44929509409061896,0.305012958332486,0.38566592768979857,1.1275887471735848,-0.8430140170189715,-0.503613078310432,-0.12403606238794315,0.7351811648095035,-0.1433417324697255,-0.3768246039882868,-0.24741047175148093,-0.6166379130593224,-0.34307812060238235,-0.36064681013598615,0.34173590721897346,-0.45008165778288695,-0.3965842410400308,-0.6855510344086163,-0.34718564285615305,4.292998971911229,-0.25204015699571286,0.23563346435242274,-0.23749803804458294,-0.3157839615069132,-0.3487368421543094,-0.2997450362334468,-0.2127244376391315,-0.17160025700298137,-0.3218789046693032,-0.3770414570707752,-0.40812133455439153,0.60562563768456,-0.33254646074207256,-0.15794480271881173,-0.8884608122159324,-0.23920080525223983,-0.29714233558617087,-0.33522942561588975,-0.3396639642480243,-0.49893358985191416,0.7719340857198188,0.6632860158151819,0.8148588474641287,1.068581184683582,0.6589135790480526,1.9595967701971584,-0.3417156062381301,0.05283064645651118,-0.2218782531815794,-0.051506495541785005,-0.04307028374363583,-0.3425915517453018,-0.21734460703108982,-0.289919445754813,-0.07695700547848248,-0.2830827620365079,-0.3656453855408949,-0.18868665021652947,-0.3632722463686126,-0.46373382870100244,-0.2758932760786847,-0.3014802694024719,-0.329073001937796,-0.2701914562147034,-0.13943514567505375,-0.22370825692169077,-0.1834337139960018,-0.06813640529408091,-0.32696847876400464,-0.20495568362279692,2.734886190524928,0.7412233780678747,1.2799485816933411,-0.18689805281054397,0.006469505133096772
TR20076,1.234340693606805,-0.3526620503183779,-0.46473628021976104,5.463223475993821,-0.19531110888038808,0.8509103388221855,-0.3592956585957591,0.7097551687345862,1.377204801681342,-0.6448329025290502,-0.3376501585811965,3.062569311816251,-0.4239910789500382,-0.5172922866260811,-0.6556577664658575,-0.6693166232639229,0.005695178850509011,-0.7085487265744891,0.513250275671038,-0.8228992109258627,-0.5330679617274977,0.3069766356543066,1.15288206596234,-0.40152826480017545,0.9651715712364399,-0.7549416916726441,0.733402851407728,-0.13970634760107303,3.134028135565105,-0.06667403809364225,-0.40258186055672424,-0.49074656480285356,0.010489189028767257,-0.29730592592809973,0.36146198544063923,-0.40600577101901864,-0.2763661357125309,0.08696828771115822,-0.3838457276916246,-0.37137736558001827,-0.3108720693968738,-0.04049891044736354,3.6186348996276805,0.2134436514516904,0.5922342837651738,-0.6572237554441046,-0.8013187598535866,-0.1297808645423028,-0.480994930282192,-0.32574033986661105,-0.44929509409061896,-0.4977633839337437,-0.4756167309206416,0.2155326826875905,0.5293540560888286,-0.5289708553538092,-0.5003332386401885,-0.48002142980358303,-0.38341902227495434,1.8886912286218394,-0.5583338595672794,-0.6298544203647838,-0.34307812060238235,-0.13583591646860135,-0.5074752304367945,-0.46564608430871623,-0.5297079638648843,-0.6579285001150715,-0.5670019233034216,-0.43563882387926617,-0.447935896170859,-0.5998665482467975,-0.3304528728092536,-0.3157839615069132,-0.3487368421543094,-0.30543105246251945,-0.46281911797427294,-0.23964666872357585,-0.37245706262709727,-0.43745496533950257,-0.40812133455439153,-0.5247933071773396,-0.33254646074207256,-0.15794480271881173,1.8801628642158403,-0.2993019202863956,0.5648196055046218,-0.33522942561588975,-0.3396639642480243,1.3080465198554352,-0.5554896926331678,-0.31756840753249194,-0.38083259898238764,0.07214167030849208,-0.5123347237417335,-0.5895730213519981,-0.4427144714791825,-0.3141197918118263,-0.2218782531815794,-0.41371833309551354,-0.1452174549122835,-0.3425915517453018,3.6714324269161893,-0.39698746898164894,-0.33213527489269834,-0.2830827620365079,3.020461231819555,-0.18868665021652947,-0.37099678118071133,-0.46373382870100244,-0.2758932760786847,-0.3014802694024719,-0.35531411272575075,-0.2701914562147034,-0.3137257965376381,-0.22247073359100478,-0.6247304820974964,-0.2938444481468964,-0.32696847876400464,-0.20495568362279692,-0.4613920332082983,-0.3992722997428346,-0.27784254710902223,-0.18689805281054397,-0.18428360859852225
TR20079,-0.5083887419164125,-0.1995974162852223,-0.46473628021976104,-0.4271099924341486,0.0781539447430123,-0.36394375319393646,-0.44774021198602015,-0.6948077146758744,-0.3359523028734938,0.0723487640444844,0.5584516350865658,-0.5961418885462081,-0.17755825383787552,-0.49436885381213824,-0.31493230173986386,-0.6801914588915221,0.19625720205763691,0.14056189533414068,-0.5620415072134186,-0.8228992109258627,-0.017156229112826344,0.24955177659060468,0.34869959978110104,0.351250573836507,-0.2715617085704077,0.24921986667721846,-0.5088340433965541,-0.1342701438163622,0.11332499965089705,-0.42838196383143845,-0.445679327499834,-0.36349600706769225,-0.3880368568912616,-0.5947571189270795,-0.40591193652960345,-0.40600577101901864,-0.21145463461870362,-0.1661572440029983,-0.4139835580549163,-0.37137736558001827,-0.4459022693593632,-0.4858331320375505,-0.3046687282774735,-0.25331196725002153,-0.20991787197283884,-0.4677052643485276,0.27743255641111386,-0.38587171573430823,-0.13890034536752474,-0.011585908783803662,-0.44929509409061896,-0.4977633839337437,-0.24990886876040047,0.2339682374929272,-0.9361910884373863,-0.5289708553538092,-0.49213402730811723,0.7707190062992149,-0.357821084935096,0.47668848746800624,-0.14468874739885274,-0.5579801057633109,-0.34307812060238235,-0.3745054911704497,1.34334053736054,-0.1933691077958948,3.278415808007412,-0.28674450770185994,-0.43909135248558795,-0.43412397191099844,-0.447935896170859,0.042416764210827705,1.8103935465380752,-0.3157839615069132,-0.24235893950169862,-0.30543105246251945,-0.09774753574083764,0.1357846308085047,-0.21469667540327472,0.9951041828271281,0.801052535858277,4.172200810548922,-0.32133942941821436,-0.15794480271881173,-0.49137535775805813,0.8180523862245148,-0.3095696528996101,5.38792886996886,-0.12393662019625615,-0.426784473229744,-0.5554896926331678,0.6479120535745773,-0.011143508346793247,-0.5535752688364953,0.8916163133307335,0.18222403139420007,-0.20230974730634924,-0.3141197918118263,-0.2218782531815794,-0.4086313253536459,-0.1452174549122835,0.30859304587554964,-0.2889133065866815,-0.39698746898164894,-0.33213527489269834,-0.2830827620365079,-0.3656453855408949,-0.18868665021652947,-0.3503710599546884,-0.4468241451269839,-0.2758932760786847,-0.3014802694024719,-0.35531411272575075,-0.18847366991929426,-0.2895463439242181,-0.22370825692169077,0.20482084240400478,-0.2938444481468964,0.8701551032873214,-0.20495568362279692,0.811595839332329,-0.3992722997428346,-0.27784254710902223,-0.18689805281054397,0.25930815771412263
TR20080,5.062033503262927,-0.5982254958619853,-0.46473628021976104,1.9396468835512848,-0.171548464924615,1.171081896043409,-0.34020366948369835,-0.13552718634701805,-0.47556650367807135,-0.7431109722743423,1.3732626742080931,0.7072823269723497,-0.39635789588229414,4.236093645524932,-0.586970026091506,-0.6801914588915221,-0.3884778561942172,-0.6613161028193063,5.552807794601364,2.4030852692685607,-0.6147259270444151,-0.4142578199169281,-0.6332619121246846,-0.5226098469239926,-0.32826517548681555,-0.5321952754813601,0.16324923641876699,0.521861829379271,-0.5603281110115655,-0.5164955835097009,0.6019225963689177,-0.4614135330588734,0.4765303013950505,4.530530490241876,-0.47240624030507217,-0.40600577101901864,1.1199547194277555,-0.18443281512774115,-0.04613218613270042,-0.25957343488780166,-0.07943795794871088,-0.28354857212052315,-0.3046687282774735,-0.06424974418567372,7.0455711981547715,-0.6572237554441046,-0.7278920701924946,-0.38587171573430823,-0.480994930282192,-0.32574033986661105,-0.44929509409061896,-0.4977633839337437,-0.4756167309206416,-0.7041785652404874,-1.1586125186118488,-0.5289708553538092,-0.5003332386401885,0.4096035879625587,-0.38341902227495434,-0.3688252121595047,-0.5583338595672794,-0.5456320593728775,-0.34307812060238235,-0.4573106372511972,-0.5074752304367945,-0.46564608430871623,-0.5297079638648843,-0.6969861695731483,-0.5670019233034216,-0.43563882387926617,-0.447935896170859,-0.5998665482467975,-0.3304528728092536,-0.3157839615069132,-0.18562122134290215,-0.30543105246251945,0.5420719564591829,-0.23964666872357585,1.1136220765097684,-0.43745496533950257,-0.40812133455439153,-0.5247933071773396,-0.33254646074207256,-0.15794480271881173,3.1576474793800524,-0.2993019202863956,-0.3095696528996101,-0.33522942561588975,0.617622452151677,-0.49893358985191416,-0.5554896926331678,-0.31756840753249194,-0.38083259898238764,-0.5209109267068001,-0.5123347237417335,-0.5895730213519981,-0.4427144714791825,-0.3141197918118263,-0.2218782531815794,-0.41371833309551354,-0.1452174549122835,3.3843412693852386,-0.3218331691671977,-0.00100189451568471,-0.33213527489269834,-0.1849729258135912,-0.3656453855408949,-0.18868665021652947,3.723936848816342,3.3973772922327483,-0.2758932760786847,-0.3014802694024719,-0.35531411272575075,-0.2701914562147034,-0.3137257965376381,0.5781459995596786,-0.6247304820974964,-0.2414881984729359,-0.32696847876400464,-0.20495568362279692,-0.4613920332082983,-0.3992722997428346,-0.27784254710902223,-0.18689805281054397,-0.18428360859852225
TR20081,0.9203144149980634,-0.23519068502383048,-0.46473628021976104,3.5381644223527187,1.6587357062901007,0.0303734146728851,-0.14201532595444863,0.5445408404287992,4.638138297021554,-0.706517419201692,0.8764765520495829,-0.6036401974236342,-0.0013002501348262571,-0.5172922866260811,2.100305724246588,-0.6798940800766231,-1.314046258913656,0.49468234976516584,-0.6283722605675266,-0.8228992109258627,1.872948819038251,-0.5125619587448369,0.2346368959722124,0.037524638042551975,-0.35264200177399324,-0.7455787992859572,-0.03216950629452504,-0.36604402894893173,-0.5603281110115655,-0.5164955835097009,1.4139521876378238,-0.5178463075017065,-0.4843233418065444,-0.5947571189270795,-0.056402524336814086,-0.40600577101901864,-0.2763661357125309,-0.37529720210721557,-0.2606925791567347,-0.3644160003052061,-0.4719883055928083,-0.3972585908629598,5.179857609991221,-0.25331196725002153,-0.20991787197283884,-0.6572237554441046,-0.8013187598535866,-0.3713584709570952,-0.480994930282192,-0.32574033986661105,-0.44929509409061896,-0.4977633839337437,-0.4756167309206416,-0.515211583544483,-1.16803831076704,-0.5289708553538092,-0.5003332386401885,0.08796296393467555,-0.38341902227495434,-0.5834877910511347,-0.5583338595672794,-0.6298544203647838,-0.34307812060238235,0.5167269205888627,-0.5074752304367945,-0.46564608430871623,-0.5297079638648843,-0.6250834257355609,-0.5670019233034216,-0.43563882387926617,-0.447935896170859,-0.5998665482467975,-0.3304528728092536,-0.3157839615069132,0.46313931089041577,-0.30543105246251945,-0.46281911797427294,-0.23964666872357585,-0.37245706262709727,-0.43745496533950257,-0.40812133455439153,-0.5247933071773396,-0.33254646074207256,-0.15794480271881173,0.16506261294403593,-0.2993019202863956,-0.3095696528996101,-0.33522942561588975,-0.3396639642480243,-0.49893358985191416,-0.5554896926331678,-0.31756840753249194,-0.38083259898238764,-0.5045923771357513,-0.5123347237417335,-0.5895730213519981,-0.4427144714791825,-0.3141197918118263,-0.2218782531815794,-0.41371833309551354,-0.1452174549122835,4.05259242740099,-0.3218331691671977,-0.39698746898164894,-0.33213527489269834,1.9631866919753298,-0.3656453855408949,-0.18868665021652947,1.2365961967298975,-0.46373382870100244,2.912092657078727,2.0555245099691595,0.02383052018261764,-0.2701914562147034,-0.3137257965376381,-0.22370825692169077,-0.6247304820974964,3.9448710675407526,-0.32696847876400464,8.106619862770655,-0.4613920332082983,-0.3992722997428346,-0.27784254710902223,-0.18689805281054397,-0.18428360859852225
TR20082,-0.49758226651265514,-0.12060031411383126,0.35371157069501274,-0.4328608106161565,-0.23700473875691652,-0.3416765690143156,-0.44774021198602015,0.03103506994905886,-0.22772309442024705,-0.36269804445294085,-0.3929222126374332,-0.0859569525261312,-0.15843011463768433,-0.40143460936634473,-0.5013745342403908,-0.304848122279536,-0.5981714643257,0.24993399078594322,-0.6101599020637843,-0.6212296180332927,2.8735207782987184,-0.5017225749036094,-0.7121362984813153,0.2677847041798401,-0.41006817908513316,0.6740631270850089,-0.40534725711431124,0.012707874084201196,-0.313365167986841,-0.3854737083068542,0.26322690961281864,-0.2818214362744731,0.11454116358908883,-0.449659376381937,1.039924853215262,-0.39050373519438186,-0.27457155744886347,-0.15775580426749763,-0.180541850444767,-0.3656455560347643,-0.3500184605012949,-0.3120661322592018,-0.3046687282774735,1.2524052904012515,-0.20024784024465384,-0.3762309217890997,-0.09066788078364954,1.8112285945947209,0.9699620008138684,4.528065427225886,1.7380573518647213,-0.06592384987424872,0.48518213700512275,0.19621148830850219,-0.23138916489926542,0.9133332476449987,-0.10733623275926722,0.1304799490581781,0.5258930383111612,0.3846587869790818,0.589054445885381,-0.3975227778289812,-0.04913918643324045,-0.3960410109936897,0.17502323284316262,-0.2697397515811691,0.03271259017252789,-0.39974690941976193,-0.33879287588013646,-0.0923149639384936,-0.1773526213505116,-0.49168081692062515,-0.2615059160467434,-0.11100901750285781,-0.22922765119826036,-0.025112581963329945,-0.38708206759004227,-0.10492418179734929,-0.28313853823874024,-0.36132474489426614,-0.34218290475776775,-0.5137510338594198,-0.3060776802396062,-0.15353661911077107,-0.8555953640587113,-0.2793047731308705,-0.29698172405384854,-0.3319450172617596,-0.3396639642480243,-0.49893358985191416,-0.5554896926331678,-0.31756840753249194,-0.38083259898238764,-0.4675419140028193,-0.15229917739714144,0.5018297472930702,-0.32683820520658724,-0.23553703541757992,-0.21199560691628597,-0.37905913511980127,-0.11747149008788978,-0.3425915517453018,0.4238622429654428,0.6186118105941782,-0.2660300552140984,-0.2580415933306942,-0.3573746065045334,-0.18868665021652947,-0.365435924967813,-0.42848030693031675,-0.26701568633648365,-0.3014802694024719,-0.35531411272575075,-0.24901522205346094,0.8577233896597978,7.398989140214217,1.4308498803648553,-0.2938444481468964,4.261508155586489,-0.15853728228166705,0.9884396163744058,2.234606443343381,-0.20972838222632828,-0.17978122786922762,-0.18428360859852225
TR20083,0.7716005302267109,-0.452522747069673,-0.40166752545230194,-0.18013968430294627,-0.30046781571743636,-0.08868845535350453,0.07899061575512116,-0.5084320127989496,-0.47556650367807135,0.04027555082999556,-0.5443142657604029,-0.03243266043017634,-0.4239910789500382,-0.20540225190104494,-0.45490677807029933,0.11697859943372953,-0.9216668099555878,-0.15186077178371468,2.5479683782172406,0.3388216931858964,-0.7367888721455126,1.4769424820165216,-0.8519431783936808,-0.5226098469239926,0.0209602068757252,0.42180710697579327,-0.3687054704738944,0.04931313153616804,-0.5603281110115655,-0.5164955835097009,-0.42803813163948257,-0.12505017544700167,-0.2750461892143487,3.171217935745545,-0.7430354399299356,-0.2186187417961165,1.2769144284435765,0.23617146983539364,0.3494358715073149,-0.37137736558001827,-0.27731967099825133,0.08417786124664908,-0.01721006375417202,-0.25331196725002153,-0.20991787197283884,-0.6570350607485281,0.2727523301868861,-0.33990119163702753,-0.0993349841607952,-0.32574033986661105,-0.44929509409061896,-0.4977633839337437,-0.4756167309206416,-0.03935845854422841,-0.9768154736351736,-0.4690042555704482,-0.5003332386401885,-0.48002142980358303,-0.38341902227495434,0.4632338528936021,-0.4084611797741006,-0.5119027498913319,-0.34307812060238235,-0.2583751689836163,-0.4871774210566227,1.1990180877668153,-0.45588097676921485,-0.29252395372116347,-0.5593185579573673,2.095861327381431,-0.4384006948313893,-0.5028676793479775,-0.1742903533044735,-0.3157839615069132,-0.17694078448644915,1.7954135205637698,-0.4356837110896942,-0.23964666872357585,-0.29293476349423747,3.9204251534852865,-0.40812133455439153,-0.5247933071773396,-0.33254646074207256,-0.15794480271881173,-0.8884608122159324,-0.2993019202863956,6.879502916054983,-0.33522942561588975,-0.3396639642480243,-0.49893358985191416,-0.5554896926331678,1.2092582174875675,0.48891743725659204,-0.5987986282487505,0.40456542113744004,-0.5895730213519981,-0.25325210418270855,0.20715598557419643,-0.2218782531815794,-0.40405090759437085,-0.1452174549122835,0.8319373047936425,-0.3218331691671977,-0.21096500584421932,-0.33213527489269834,-0.2830827620365079,-0.3656453855408949,-0.03925819099492403,0.9262195348688921,-0.15013757662070673,-0.2758932760786847,-0.1799632093545731,-0.35531411272575075,-0.2701914562147034,-0.3137257965376381,0.8696537493732345,-0.5102709726363909,0.1623768435966666,-0.3040316384420423,-0.20495568362279692,-0.4613920332082983,-0.3992722997428346,-0.27784254710902223,-0.18689805281054397,-0.18428360859852225
TR20084,0.015594196293542518,-0.18034552553110028,-0.46473628021976104,-0.6165065200587854,0.9339205641620589,-0.2767844715832042,2.6566200294154947,0.48293066838481324,0.17373399255304994,1.015554262164303,-0.2958376052974675,-0.058008710346633616,-0.4239910789500382,-0.3222502548166815,0.9112795257996007,-0.292640209205838,-0.5509143700424428,0.6956211389609432,-0.3668624029694255,-0.7623088641292699,0.7139743742164693,-0.16180045265450324,0.8982063714313993,-0.5226098469239926,6.693823412290064,-0.3327603622365798,1.3555964541008358,0.3461877849430208,0.396535770458806,-0.5164955835097009,0.7755598214244118,-0.3926695181655918,6.6204851482521585,-0.5947571189270795,1.1379363521339787,-0.40600577101901864,-0.09904311473020913,0.9857892648627092,-0.1941472378929437,0.21037989308886507,-0.10308529075049579,-0.1833468713385133,-0.3046687282774735,-0.25331196725002153,-0.20991787197283884,-0.6572237554441046,-0.7712991270012174,-0.3740275734448585,-0.38774284307009665,-0.32574033986661105,-0.44929509409061896,-0.4977633839337437,-0.4756167309206416,4.119564260732785,0.3498355600422307,-0.5170766537438863,0.15491137380385112,1.3255977683269606,-0.38341902227495434,0.07451722855308915,-0.5583338595672794,2.608911548261814,-0.34307812060238235,0.09792603245044654,-0.5074752304367945,-0.46564608430871623,0.0690049432039328,5.689276930382403,-0.5670019233034216,-0.43563882387926617,-0.447935896170859,-0.5092842040914857,-0.3304528728092536,-0.3157839615069132,0.6000604369526441,-0.30543105246251945,-0.46281911797427294,-0.23964666872357585,-0.37245706262709727,0.28842713654921653,-0.40812133455439153,-0.5247933071773396,-0.33254646074207256,-0.15794480271881173,-0.8884608122159324,-0.2993019202863956,1.0575155573448682,-0.33522942561588975,-0.3396639642480243,1.7899816369937698,-0.5554896926331678,-0.31756840753249194,0.07025354829464674,-0.5470369518130367,0.68771642275562,-0.5895730213519981,-0.1718875251317345,-0.3141197918118263,-0.2218782531815794,0.6392500536392037,-0.1452174549122835,-0.3425915517453018,-0.3218331691671977,-0.38321946950761726,-0.33213527489269834,-0.2830827620365079,-0.3656453855408949,-0.18868665021652947,1.6561678533169066,-0.35803996825511497,-0.2758932760786847,-0.3014802694024719,-0.35531411272575075,-0.2701914562147034,0.7279765862990254,-0.2102780856935904,-0.2723501605360542,-0.2938444481468964,-0.1651436594153842,-0.20495568362279692,-0.4613920332082983,-0.3992722997428346,-0.27784254710902223,-0.18689805281054397,-0.18428360859852225
TR20086,-0.3670425976028656,1.1624694268111442,2.352730146038024,-0.49723498828851853,-0.299089706942806,-0.15034916721765254,-0.0673625555678191,4.416250296635878,-0.42386358118385276,-0.3392551926620522,0.36368436327723,-0.40584844252599983,-0.3446380345255541,-0.12471677214664877,0.27255494129565067,-0.44447260309555664,-0.35310002048491407,-0.5484657428478352,-0.22176274513951127,-0.2125720014792967,-0.5309479473561056,0.49912500824065,0.2100465647531892,-0.47798924933066606,-0.35549377792617914,-0.35792414470673684,-0.20702435930472987,-0.33244650719752206,0.3307357353767478,-0.35931700910575654,-0.4078258523997725,0.5597531910417777,-0.29669458660609344,0.046158274464706814,-0.6514785695368657,-0.032426455461609945,-0.1271118521919759,-0.2666995000984889,-0.31249423362409523,-0.13535160304631555,0.9653557582208651,1.2551989359938647,0.18172205787551302,-0.25181496781262336,-0.20991787197283884,0.08283904326822701,-0.5919463255416508,-0.3370176076993547,0.011124523457777176,-0.30468298142435857,-0.434873417550287,-0.2792872707287173,-0.45742102650002137,-0.38978669632385754,0.19408602954400267,5.32938598981801,-0.3483723241933511,-0.4578418587079604,-0.05395877093874475,-0.026025586175640127,0.3524576873354751,-0.5572217314431456,-0.07147800168611343,-0.2100621794328853,0.40826351517531817,-0.2839643422511164,-0.48201324563901615,0.06117319238524771,0.5678224072117952,-0.33640689434346366,0.8480910098165578,-0.4666695879812762,-0.20672236060561164,0.08102099268951923,-0.3413329401296877,-0.30543105246251945,-0.17962874093066739,-0.1857126778287133,-0.29828564283547543,-0.2671011387238779,-0.40056307762199106,-0.3382612931292537,5.155766487888987,-0.15794480271881173,0.024339267345050954,0.7937414120774869,-0.10856432019823085,-0.2652029746013514,-0.11674374988518656,0.12657493133535005,-0.01784076676545975,-0.31330999469596077,-0.3208384710326077,0.19952988031554375,-0.27905477816230767,0.07986416434662054,-0.433079352050924,-0.19020509273034888,-0.20317242837127356,-0.3983517702902038,-0.14058282827123778,-0.3243448568550093,-0.30101128651641895,0.3871885296789659,-0.3031520106000836,-0.2784680821289692,1.998233422822679,-0.15010318359087016,-0.36573924439760747,-0.33350925372120827,-0.2577863039937757,-0.27061793389617694,-0.326989480265791,-0.257148552213156,-0.2792509141731149,0.025662837845393166,-0.40889634819581,-0.18396236694774046,-0.32696847876400464,-0.1918374397655211,-0.4273721515409602,0.6556803640381279,-0.27784254710902223,-0.15109944844819648,-0.18274063251024641
TR20087,-0.36982231769511714,-0.32731756488217867,2.1965324616085677,0.3293478206568257,-0.48089106224008693,-0.3424991035222699,-0.4409357033481428,-0.7265333368863582,-0.31043213992706714,-0.40388716240408506,-0.5757540647459691,-0.600695407028136,-0.42325222378779903,1.3418617039162688,-0.4068110796127491,-0.09639582747723972,-0.6372144542120876,-0.4776030045780783,-0.4048486980739407,0.03865343698850155,0.42268439958718496,-0.47179728039569147,-0.727201482118231,-0.043209766973719116,-0.40819303860150413,0.25275372997763834,-0.38473393498405317,0.18664411567124053,-0.5161776723341853,-0.5164955835097009,-0.39308667144285536,0.06070692513003938,-0.3887631257069847,0.8776755333041287,-0.39791633813071675,-0.10255095127471203,-0.2654764718829338,0.19806779120395174,-0.34355354441216385,-0.37137736558001827,-0.20061031234456286,-0.4271369889591333,-0.18501410774654942,-0.21013380700663453,-0.05081017567282793,-0.23020105136933547,0.3160992187980525,-0.31399659874239605,0.06333207108559182,-0.17469253493668724,1.6893830357314878,-0.13298829357008088,0.32166224764975065,-0.3986634515918054,-0.6826684391062288,-0.4139274942267223,-0.4727733393206704,-0.4643367781982305,0.05826134953047028,5.381734530884741,2.3822714784437116,-0.44367352476420197,-0.22914563161288176,-0.3830591422777471,1.0562926076169472,1.092843539720699,1.7151604132824325,-0.457863137485392,-0.4388403334472935,0.16265469867235072,-0.09647890446820041,0.3713357530992576,0.8580484007884269,4.0765849173496305,-0.3094451000305411,-0.22329260828449213,-0.20582950082486812,0.48362512498708904,-0.13652444428881957,-0.3221671315081589,0.7805863466322315,-0.25880966445607706,-0.25874363489660257,-0.07769768901898144,-0.3885401834003926,-0.2993019202863956,-0.3095696528996101,-0.16919797900383338,-0.3092940673790639,-0.4931540307411363,-0.4898600505585114,-0.2503728367734851,-0.38083259898238764,-0.3381649659011324,-0.03293188123030912,2.4601914887564513,-0.08048737458558436,-0.07870403076615726,-0.003284755363921633,-0.38342847371966265,-0.12949062184366836,-0.2892585505112378,0.05453296895746915,-0.3634293694506351,-0.30416934698675496,0.17485020976932106,-0.10787123891151656,-0.18868665021652947,-0.37099678118071133,-0.36679498193988785,0.01477018666946537,-0.3014802694024719,-0.3297205829980137,-0.2701914562147034,-0.19592935664430522,0.021869118782470567,-0.24363557976532393,-0.2938444481468964,-0.16773032265077234,0.6572820180014786,1.9740986291039353,1.0027295575592734,-0.27784254710902223,0.07862776102739075,-0.18428360859852225
TR20091,-0.5270076217796069,-0.16471258878871609,-0.46473628021976104,-0.6165065200587854,-0.48772710463627594,-0.7569096143691187,-0.3379683040427428,-0.7391907094781056,-0.47556650367807135,-0.3030104101382161,-0.5308611957097168,-0.586135054517061,-0.4239910789500382,-0.5172922866260811,-0.6135597501199971,-0.6693935315781209,0.2871322304483229,-0.8112403457266105,-0.595579120529881,-0.8228992109258627,-0.9316805462403176,-0.5125619587448369,0.29801340686025724,-0.39075459928307205,-0.35621648832091113,0.6743583845931381,-0.5563509640145652,-0.4902523736200915,-0.5603281110115655,-0.5164955835097009,-0.4313474468802411,-0.43184591212948076,-0.4328979229701546,-0.5929513997642822,-0.703231897355114,-0.40600577101901864,-0.274938140191642,-0.3662037747271858,-0.4331901010262467,-0.37137736558001827,-0.4719883055928083,-0.11774647685810018,-0.3046687282774735,-0.25331196725002153,-0.20991787197283884,-0.6170266457421006,3.047632242388233,-0.38587171573430823,-0.480994930282192,0.8050020432754947,-0.44929509409061896,-0.2805802556380949,0.48427428338753326,-0.40227726824332083,3.406401838466349,0.25779754169366903,-0.24543713632139133,-0.07385211289584707,-0.3353152194050566,-0.5834877910511347,-0.25420439020781643,-0.6298544203647838,-0.27706760121012,-0.44867498211410994,0.8456382513587283,-0.20773512558396295,0.9052597306274459,0.014232210048592079,-0.32831555949915353,1.705613558881426,2.4849136164384227,0.23839112807645862,0.775824090130805,-0.3157839615069132,-0.3487368421543094,-0.008459156153836212,-0.13426005669281452,-0.1476909527344587,-0.13907640212848696,0.026667211921675427,-0.40812133455439153,0.9090541236570374,-0.32883978733837416,-0.15794480271881173,-0.8884608122159324,0.035622876176754054,-0.3095696528996101,-0.33522942561588975,-0.3396639642480243,-0.49893358985191416,2.2153248044377327,-0.2870825392258382,0.5086250844677246,-0.5987986282487505,5.278422168591495,-0.08582920099093914,2.682110085967377,-0.30187240876307564,-0.19239759876258558,-0.3904151938962527,-0.14058282827123778,-0.3425915517453018,-0.25652216538319816,-0.3917041391021831,-0.33213527489269834,-0.2830827620365079,-0.3656453855408949,-0.18868665021652947,-0.37099678118071133,-0.46373382870100244,-0.2758932760786847,-0.3014802694024719,-0.3445304802882114,-0.2701914562147034,-0.2535558906826289,-0.22370825692169077,0.30027023589189533,-0.2938444481468964,-0.24284913456826931,-0.20495568362279692,2.2750066423908724,-0.3992722997428346,6.045595120207333,2.417255433044995,-0.15158237086336668
TR20092,-0.24667319252526804,1.416421997396643,-0.46473628021976104,0.11762587339785423,0.2790697466036689,-0.7535313476400206,6.74524400994468,2.1332438378298506,0.6386338546242409,1.7052856349546912,2.074166337704476,-0.6036401974236342,-0.4239910789500382,-0.5145193747895604,-0.17610024104975025,-0.6738901043482315,-1.4091063215065445,1.9392663363862714,-0.5069868003506605,-0.8192873171326832,0.8376834481235889,0.5102174702068049,6.32198662684539,-0.5168665620349494,1.104928135406918,-0.766848873367662,0.7575753082942897,0.9214673666029339,-0.5572534617569106,-0.5164955835097009,2.0735750839342564,-0.4674002490706006,-0.4843233418065444,-0.5917038119790768,-0.5106106632001163,-0.40600577101901864,-0.2763325921935838,-0.5557906460552219,-0.4331901010262467,-0.33154220681940577,-0.471329508931175,6.058256494649003,0.39050557486232346,-0.2197909210243601,-0.20991787197283884,-0.6545453186757677,-0.7990667501736093,-0.38587171573430823,-0.4663308453594181,-0.32574033986661105,-0.44929509409061896,-0.495376066783006,-0.47215916076003545,-0.5046653467811871,-1.1650976194128377,-0.5289708553538092,-0.4969000249348008,-0.48002142980358303,-0.38341902227495434,-0.5834877910511347,-0.5583338595672794,-0.6283865990999478,-0.3408759574760342,0.013594349815151856,-0.5074752304367945,-0.46564608430871623,-0.5297079638648843,-0.666071702429208,-0.5670019233034216,-0.43563882387926617,-0.447935896170859,-0.597487387386845,-0.3304528728092536,-0.31320236510582694,0.2729356209475478,-0.30543105246251945,-0.4179637234770374,-0.23964666872357585,-0.37245706262709727,-0.43745496533950257,-0.40812133455439153,-0.5196578260342594,-0.33254646074207256,-0.15794480271881173,3.107623480108946,-0.2993019202863956,-0.3095696528996101,-0.31181906326620185,-0.3396639642480243,-0.4954715767212006,-0.5539077260347831,-0.31756840753249194,-0.38083259898238764,3.4838627361367838,-0.5123347237417335,-0.5895730213519981,-0.44038456854438957,-0.3141197918118263,-0.2218782531815794,-0.40421977092190176,-0.1452174549122835,2.0205369957007226,-0.3189043310128449,-0.3912295348926718,-0.33213527489269834,-0.2830827620365079,-0.36484498756963407,-0.18868665021652947,-0.37099678118071133,-0.46373382870100244,-0.2758932760786847,-0.28726806457891774,-0.21081906920237733,-0.2701914562147034,-0.3137257965376381,3.6470415615191905,-0.6247304820974964,5.145216090513832,-0.32696847876400464,-0.20495568362279692,-0.46095669659871524,-0.3983920797328687,-0.27784254710902223,-0.16907674323146685,-0.18428360859852225
TR20093,-0.45334617949904704,-0.3920454797022318,-0.46473628021976104,-0.5996782703520429,-0.6187953708064869,0.6483318400060042,-0.4276359819195644,-0.8160883575095269,-0.4705460601984967,-0.6382336166544272,-0.5257294796961186,-0.45209255836641726,-0.4239910789500382,-0.5172922866260811,-0.6573142691443241,-0.6700241797545446,-0.08658352560799647,-0.9155606760427036,-0.6283722605675266,-0.6367209973755991,-1.0901079731471774,-0.003196869268434767,-0.2430074679086569,-0.5101300172766714,-0.42567481706867083,3.972290175724358,-0.3304818461640094,-0.5203742896730794,1.039569440196812,-0.5164955835097009,-0.445679327499834,-0.4647353159243145,-0.23476620335770876,-0.0758755096828879,-0.8039764371810866,-0.3489444557129194,-0.2763661357125309,-0.5353060374498669,-0.18301719982112852,-0.37137736558001827,-0.38235728610217184,-0.0320537101817339,-0.2901733812628471,-0.25331196725002153,-0.20991787197283884,-0.535201430378255,-0.09416623169872881,-0.38587171573430823,-0.480994930282192,2.6964919622738206,-0.44929509409061896,0.14556108347036925,0.836647041235903,0.6946127932611702,0.14615860290366012,-0.5289708553538092,-0.5003332386401885,-0.48002142980358303,-0.171479585939078,-0.5834877910511347,-0.5583338595672794,-0.6088278807460071,-0.34307812060238235,-0.573409419426573,-0.3185948878773053,0.9647329013007813,6.286754614206581,-0.42980745413258464,-0.5462764818372897,-0.43054673111846264,-0.35584515562693253,-0.5998665482467975,-0.2883633938117716,-0.3157839615069132,-0.3487368421543094,-0.30543105246251945,-0.42331113002854387,8.329701595634136,-0.16914011190418093,-0.13431408755454322,-0.40812133455439153,0.12666785657003113,-0.33254646074207256,-0.15794480271881173,-0.38322712950218457,-0.2993019202863956,-0.3095696528996101,-0.33522942561588975,-0.3396639642480243,-0.49893358985191416,-0.5554896926331678,-0.31756840753249194,-0.3360489132051186,-0.5987986282487505,-0.5123347237417335,-0.5187885232631967,-0.2699133371487022,-0.2972727128669385,0.7166900453834881,-0.41371833309551354,-0.14314732167928307,-0.3425915517453018,0.9300851340334557,-0.39698746898164894,-0.33213527489269834,-0.2830827620365079,3.1046134185221117,-0.18868665021652947,-0.37099678118071133,0.4367818645899292,7.502696382139144,-0.3014802694024719,-0.35531411272575075,-0.2701914562147034,-0.3137257965376381,-0.22370825692169077,0.8814936118761549,-0.2938444481468964,-0.27966949388833545,-0.20495568362279692,1.7781268311854106,1.1142480437198505,-0.27784254710902223,-0.18689805281054397,-0.18428360859852225
TR20094,-0.5167187808803132,2.837383922419756,-0.3967987034381921,-0.45383052406309776,-0.565633072991933,0.2803357763937213,-0.42121106363958516,-0.6905118791295844,-0.46940435528537516,-0.8011983652474486,5.5087312632115495,-0.26853395704702454,6.807562030967391,-0.5119862260065736,-0.5615512780943446,-0.6400965910896242,-0.7610758701965323,-0.8598256279061088,-0.1258164815963668,0.2977322592084422,-0.8510202347452318,-0.4904534357559013,2.263884531795238,2.130403284122646,-0.3997744391385445,-0.5073198304214855,0.7786829546962565,-0.5047563435538898,2.724070666557039,-0.5164955835097009,-0.36768131290226264,-0.4975496511798163,-0.06400923141482404,-0.5632555273506423,-0.7510891881353596,-0.40600577101901864,-0.267743055377499,0.5710047734227938,-0.4331901010262467,-0.37137736558001827,-0.4719883055928083,-0.3452665759574951,-0.3005105456218031,-0.25331196725002153,-0.20991787197283884,-0.045772911730688336,-0.5982897726554801,-0.36256473151080354,-0.4316712484120491,-0.3219377742109909,-0.44929509409061896,-0.07680095473184327,-0.46333173303156044,0.6529877332948413,0.18030762468904857,0.19228031449234412,-0.45863075940670706,-0.43877816470977693,-0.38341902227495434,-0.0777647718572125,-0.5583338595672794,-0.5733677653563424,-0.3355925784527381,-0.5215008685696771,-0.36915488578791494,-0.39081625175770623,0.186711071067401,-0.6624208746439948,-0.44195078674789784,-0.40355316411764375,-0.3923333877465286,-0.574464800479426,-0.3304528728092536,0.3420475635382955,-0.32891651133207495,-0.2947830819960912,0.09881945179290595,-0.013888841079475531,-0.057216180329609276,-0.43745496533950257,-0.40812133455439153,-0.06993734770479017,-0.31189002257216625,-0.15794480271881173,-0.8630278328999204,-0.2993019202863956,-0.2518298070297373,1.7913891723773467,-0.3396639642480243,-0.4859152760132806,0.4520692282297455,-0.31682591503791724,-0.38083259898238764,-0.490044621758556,-0.5123347237417335,-0.5023119727646713,-0.4427144714791825,-0.3141197918118263,-0.21928320066834045,-0.4099400161420102,-0.04393541404996437,-0.33802987802272866,0.13015056116349624,-0.38256576936998843,-0.33213527489269834,3.659125092711904,-0.3656453855408949,-0.18868665021652947,-0.3599761752315128,-0.2999733822543923,-0.12226337806912567,-0.3014802694024719,-0.35120338077828145,-0.2701914562147034,-0.3137257965376381,-0.2172163312525184,-0.10177187714802545,-0.2938444481468964,0.021228066146613666,-0.20495568362279692,-0.4613920332082983,-0.3992722997428346,-0.27784254710902223,-0.135130463168914,-0.18428360859852225
TR20095,-0.20580515028299345,-0.23760528892399482,-0.10338157352058804,-0.36951434569875413,-0.48750909872842474,-0.23900663668215874,-0.3840674441741473,-0.6462165544405428,-0.4100323018717657,1.0045508932811236,-0.4644575621803741,-0.3059982348564193,0.06460563033690545,-0.26142341058323165,-0.6055628406377441,-0.22721174270711444,-0.7510161917104924,-0.40392452836382775,-0.20006407274472365,0.07477237492029594,-0.37521418576819116,0.05433304109240689,-0.5405374356310338,-0.1513068793553619,-0.4043841594941326,0.05579159836343906,-0.23652316021895411,-0.33552108146920273,0.18427062542772915,-0.5037314610329433,-0.40698579545404145,-0.44206461704604966,-0.28253234469949395,-0.41104981755557934,0.5012541203564476,-0.3833648995885141,-0.23113030444678975,-0.366292491091869,0.8153255333283442,-0.3521999665145207,-0.05766299460630479,-0.36227705042618064,-0.24497743333252403,2.1401406332434507,-0.20542947943338302,0.057653073842716646,0.034413206479822635,-0.29054662688561833,-0.26123584629075286,3.367488530669308,-0.35336362079054334,0.5134693097734674,0.23446966829234137,-0.37417093648322447,-0.17094919392067842,-0.3495831674619314,0.5322587649481424,-0.16331778671725042,-0.014313993091423173,0.7064691830268758,-0.2218026252622164,-0.04703763939581195,1.4616987790364218,-0.17086425319339685,-0.03853432524155357,-0.034137059856851275,0.25104348169764173,-0.3453681389511976,0.2252141615536524,1.3895022806838724,0.19459335359846128,0.1660610331447216,0.022140572849330985,-0.30078352768165423,-0.22666607130238547,-0.07494508374621403,0.07974345994011063,-0.031969101963456745,0.3389629260956507,0.04096558665786533,1.0458369933280656,0.31894844514541637,-0.2037178071853609,-0.15748757090840326,0.09436705970831716,-0.03990565403040275,-0.20780217073188223,1.666244005463434,-0.3085301187349143,-0.13588953521350963,0.30433112534725804,-0.030311164190283298,2.2032237432878228,-0.3807457555164065,-0.2745525300476979,-0.33808069040650296,0.31752557519709995,0.03556793234028572,-0.030354799018551298,-0.35803565084220723,-0.06837534520374546,-0.02974243599569611,0.1779546261935082,-0.15604523948699225,-0.20540113565949505,-0.23897338767501555,-0.3000035519208294,0.035011396435434286,-0.23539277476727055,0.031032839896194778,-0.20690053901458583,0.060596867461901904,-0.34174306615944794,-0.24534782954508932,-0.27735209548805523,-0.21537018989034748,1.6472347568871442,-0.28992740815389023,0.7741582238270486,-0.20213574500648052,-0.3282560517683573,1.0024960298015273,0.09618547518717971,0.10030970441025044,-0.0002536820938616635
TR20102,-0.24346705105709268,-0.11472025180438464,0.6326690899906668,-0.5882028734626218,-0.5549118538808256,-0.2633595333640924,-0.44774021198602015,-0.5595217712601845,0.27472560736061546,-0.5692933048388062,0.5151857386711661,-0.5959237559243193,-0.4239910789500382,-0.21002029680171644,0.7440584364474888,0.034199617251934065,-0.7745407628470973,-0.6383761201538727,-0.00038181305813036066,0.46830311517533413,-0.8960892461464749,-0.460012434880207,-0.225541733698777,-0.2861298913636332,-0.337953401318899,0.3955338021508699,-0.3792592936748778,-0.2315202648010461,-0.5603281110115655,-0.5164955835097009,-0.41126244899594483,-0.45839202435076026,0.007416513269938998,-0.5735317109498345,-0.8039764371810866,-0.40600577101901864,-0.23998579344881193,-0.2206379635549623,-0.4271372394125161,2.447064109008949,-0.11334864926857252,-0.4036225095465386,-0.3046687282774735,1.3991699411265641,-0.20991787197283884,-0.6473822624499191,0.14357980548956203,-0.1977238216192065,-0.437896567483038,-0.32574033986661105,4.392590607930057,-0.46598592731998295,-0.45895665123615653,0.23166761055421578,-1.0376741523231339,0.6158460496012623,-0.392325936693191,-0.05225150545008646,-0.34337669233779883,-0.5834877910511347,2.08574887504818,0.019644257481303298,-0.34307812060238235,-0.5636004758632636,-0.4290641777160582,-0.06848896249515928,0.12535126148007472,0.17994266443504572,3.1234581499581426,-0.29076057178156517,-0.447935896170859,0.254546591592651,-0.3304528728092536,-0.28040250346255247,-0.3433924163250422,-0.30543105246251945,0.8566879232940199,-0.23964666872357585,-0.020303344997130667,-0.2686536432193624,-0.40812133455439153,-0.5201258865748996,-0.33254646074207256,-0.1576487744313037,-0.27043360822055545,-0.19072508838162514,-0.3095696528996101,-0.33522942561588975,-0.3396639642480243,-0.49893358985191416,-0.5554896926331678,2.653558985537108,-0.37982013920929475,-0.558506249591687,0.990492608463124,3.3583040758279488,4.606901147973238,-0.27858298466245357,-0.20834966536876018,-0.41371833309551354,0.16505534995025728,-0.3425915517453018,-0.22345968716808767,1.7269783035366604,-0.33213527489269834,1.189801167244734,-0.3656453855408949,-0.13071104720503696,-0.37099678118071133,-0.35932403692888165,-0.21484691304956305,-0.3014802694024719,-0.35531411272575075,-0.2701914562147034,4.0815516894379815,0.6484008076607534,0.612636257397829,-0.2938444481468964,-0.32696847876400464,-0.20495568362279692,-0.4596038043658573,-0.3962005115447904,-0.27784254710902223,0.11713660831259574,-0.18414501793191065
TR20103,-0.49069111465147036,-0.42933900742188486,0.1819133219929675,-0.2950423435531935,-0.07677818241161696,-0.6446336540333524,-0.44774021198602015,-0.4953362896412542,-0.4057084343064468,-0.6645760510472228,-0.07143756733442146,-0.6036401974236342,-0.4239910789500382,-0.5172922866260811,-0.6370649519196192,-0.6801914588915221,-1.3206747292339145,-0.12858952583069364,-0.6283722605675266,-0.8228992109258627,0.1994593569523621,-0.4820302317488857,-0.49984662159794835,-0.5226098469239926,0.08180460902681384,-0.7563026442491766,-0.4075840744437937,-0.24631386854304607,0.0159145209920554,-0.5164955835097009,-0.34179228521109745,-0.47361217070032385,-0.4416690155908099,-0.2857164920286913,1.2161769168299936,-0.40600577101901864,-0.2748231338409664,-0.5171990274180223,-0.38420709256408614,-0.37137736558001827,-0.4480982582314742,-0.3438657133541916,-0.02267010733474841,-0.25331196725002153,-0.10983734475146632,3.3262218563959585,-0.8000939072604691,-0.3090873566666885,-0.3859976254160074,-0.32574033986661105,-0.44929509409061896,2.2602082791140052,-0.4756167309206416,-0.4534204086861763,-0.9560358863839564,0.1865479701053397,-0.5003332386401885,-0.2181824875005372,-0.38341902227495434,-0.5655075066653401,-0.5583338595672794,-0.6298544203647838,-0.34307812060238235,0.33835553979162825,-0.5074752304367945,-0.46564608430871623,-0.5297079638648843,-0.6847218633523137,-0.5466038979741954,-0.43563882387926617,-0.447935896170859,-0.5998665482467975,-0.3304528728092536,0.428123422490302,-0.18886361981575375,-0.30543105246251945,-0.3284521215460896,-0.23964666872357585,-0.37245706262709727,-0.43745496533950257,-0.40812133455439153,1.5136169397126578,-0.33254646074207256,-0.15794480271881173,-0.5474382379626465,-0.2993019202863956,-0.3095696528996101,-0.33522942561588975,-0.3396639642480243,-0.49893358985191416,-0.5554896926331678,-0.31756840753249194,-0.38083259898238764,-0.23875530415696403,-0.47966456434597576,-0.5895730213519981,-0.4427144714791825,-0.3141197918118263,3.373431889606566,-0.12827598582050942,-0.1452174549122835,-0.28850961900454664,-0.3218331691671977,-0.3959308030057558,0.3770564138923868,-0.2830827620365079,-0.3656453855408949,-0.18868665021652947,-0.37099678118071133,-0.36892953765731823,-0.2758932760786847,-0.3014802694024719,-0.35531411272575075,-0.2701914562147034,-0.30407491991816066,-0.14832077008842653,-0.6247304820974964,-0.13010306704390545,-0.32696847876400464,0.7557448746878598,-0.4613920332082983,-0.3992722997428346,-0.27784254710902223,8.044558161369626,-0.18428360859852225
TR20104,1.1425780059675144,-0.6040937508173968,-0.46473628021976104,-0.27799105831239596,-0.5695883230343749,-0.5155251125169491,-0.4392486350908179,-0.7607027635020018,0.8145770378057202,1.4865517917424464,-0.5036399502390886,-0.5766462854649,0.766222492399197,-0.5172922866260811,-0.3763942631891797,1.8460723370010457,0.35539247774636124,-0.8498877292784842,1.3073490537808667,0.877043573330091,-0.8553101461791079,-0.405896691676404,-0.8641197982958856,-0.5226098469239926,-0.3188113422151857,-0.7060050663995319,-0.48904871442140835,0.21999656266186401,-0.5603281110115655,2.2826613060579652,-0.13597833350699676,-0.3553979883872524,-0.31454403942328685,3.4043034484051757,-0.4518502836941162,-0.40600577101901864,-0.2763661357125309,-0.253356558850133,0.11014005296328883,0.08791981274047728,-0.3928749170159667,-0.5612395647410883,0.6664806601823485,-0.25331196725002153,0.6220236489058464,-0.6572237554441046,-0.6836082767908034,-0.38587171573430823,-0.4636917357361613,-0.32574033986661105,0.1416416699406183,-0.4977633839337437,-0.4756167309206416,-0.7695021186285852,0.9445563055695692,0.004616244646895213,-0.5003332386401885,-0.3820292004114847,-0.38341902227495434,-0.5751703805869577,-0.5583338595672794,-0.5007534242005146,-0.34307812060238235,-0.289650244344959,-0.47256299830289905,1.1147572994969024,0.2395967493234334,-0.4514277800334908,-0.008888376333935617,-0.43563882387926617,-0.447935896170859,-0.5998665482467975,-0.3304528728092536,-0.3157839615069132,0.5508372538372281,-0.30543105246251945,7.417358200801889,-0.23964666872357585,1.7047542976414864,-0.43745496533950257,-0.40812133455439153,-0.5247933071773396,-0.33254646074207256,8.29674912035623,0.0034354487291504564,-0.2993019202863956,-0.2893325998269982,-0.33522942561588975,2.1940481089383628,0.007140246938861376,-0.5554896926331678,-0.31756840753249194,-0.38083259898238764,-0.5891546106391492,-0.5123347237417335,-0.5895730213519981,-0.4427144714791825,-0.3141197918118263,-0.2218782531815794,-0.3791435667835667,-0.1452174549122835,-0.1110128519187529,-0.3218331691671977,0.17351813263839938,-0.33213527489269834,-0.2830827620365079,-0.3656453855408949,-0.18868665021652947,-0.37099678118071133,-0.013826182602927612,-0.2758932760786847,-0.3014802694024719,-0.35531411272575075,-0.2701914562147034,-0.3137257965376381,-0.22370825692169077,-0.19253046279836938,-0.2938444481468964,0.0281170366000454,-0.20495568362279692,-0.4613920332082983,-0.3992722997428346,-0.27784254710902223,-0.18689805281054397,-0.18428360859852225
TR20105,0.5380151096772525,0.12499264981486363,-0.46473628021976104,1.3042273935199549,-0.41358952411633115,0.9677396151841275,0.1162185886334253,-0.2722048928095927,-0.20579284588070407,0.46834010971292334,0.3039815418859442,-0.486993777868619,0.08775642542039865,0.21178546124765468,0.12683982637259805,-0.6591903618945177,0.7432749644871556,-0.35221985022621394,-0.023061011234774453,0.2260080012695713,-0.03942885068521703,-0.40027644727943273,0.07697703253943115,-0.5226098469239926,3.700396022736729,-0.2561802527648826,-0.5487754445506273,-0.4280256639041185,-0.4274194091398893,-0.07007635936503609,-0.445679327499834,-0.5127510303945468,2.5335470548506422,-0.509592836958056,0.021401916810170722,5.750050133107608,0.06126136231776092,-0.14129891861876073,0.7950891004704985,7.288100289950445,-0.3711577428544057,-0.5407469460870482,-0.2341156384515908,-0.25331196725002153,-0.20991787197283884,-0.6572237554441046,0.869371581701789,-0.38587171573430823,0.3453762705001045,-0.32574033986661105,-0.44929509409061896,-0.4977633839337437,-0.35549031288259797,0.18333408531084855,0.7551738348812265,-0.5289708553538092,-0.3670783939297021,-0.48002142980358303,-0.36614759259439417,-0.5834877910511347,-0.5583338595672794,-0.6298544203647838,-0.34307812060238235,-0.5325524885844154,4.158683603498327,-0.4372936688917465,-0.5297079638648843,-0.6883231883878967,-0.5670019233034216,-0.43563882387926617,-0.447935896170859,-0.13940279413447995,-0.3304528728092536,-0.3157839615069132,-0.18152779964882973,-0.2751269285150647,0.7341342519409411,-0.23964666872357585,-0.009354622652751386,-0.43745496533950257,-0.40812133455439153,-0.5247933071773396,-0.33254646074207256,-0.15794480271881173,3.213536161096175,-0.2993019202863956,-0.2348652139281926,-0.33522942561588975,-0.3396639642480243,-0.49893358985191416,-0.5507437928380137,-0.31756840753249194,-0.35714574940723903,-0.5460289612719201,-0.2447395665708271,4.731073467064729,-0.4427144714791825,-0.3141197918118263,-0.2218782531815794,-0.22668108993912725,8.46653679436947,-0.12138441854171772,-0.3218331691671977,-0.3919056220213153,-0.07111273261888129,-0.2830827620365079,-0.3252114880272035,-0.18868665021652947,-0.2951669237320977,-0.46373382870100244,-0.2758932760786847,-0.3014802694024719,-0.1977548252049406,-0.2701914562147034,-0.3137257965376381,-0.22370825692169077,0.7301153557098248,0.6924753314873926,-0.32696847876400464,0.2768805925975021,-0.4613920332082983,-0.33007622875531156,-0.27784254710902223,-0.18689805281054397,-0.16414484484356065
TR20106,-0.2814208338425194,-0.420920363994906,-0.46473628021976104,0.01064753547521025,0.5582963849345635,-0.2993454180870944,0.92322768952482,0.13682002027645088,-0.3072159979619792,0.012524356965518785,-0.6395211023284756,-0.49989086913779207,-0.4239910789500382,-0.5172922866260811,-0.6179866107262443,-0.6782841326994113,1.4837660782644646,0.4609487049791734,-0.5656004526438607,-0.7875755523613738,0.7747813746571057,-0.4420677633051702,-0.05126176210157167,0.011259322629479977,-0.42567481706867083,-0.2625790365738675,-0.18059036887510033,0.03746042492360178,-0.5159235690899989,-0.5164955835097009,-0.3078336195866979,-0.3863731444291201,-0.3940146079129821,-0.5947571189270795,-0.8030751151797576,-0.40600577101901864,-0.25996095898178245,0.4913463495737326,0.23211876566267878,-0.3596751759748199,-0.05335192171526585,-0.4615982090003997,-0.3046687282774735,-0.25331196725002153,-0.19092190174384538,-0.6572237554441046,-0.49726307122947533,0.8457284321907653,0.3758324468781734,-0.32574033986661105,-0.44929509409061896,-0.4977633839337437,3.346321444906733,0.182926894702227,-0.19072583014711783,-0.08427639266281968,2.518191578387817,0.871258675750706,-0.38341902227495434,-0.5834877910511347,-0.5583338595672794,-0.38617162671424893,-0.34307812060238235,-0.23190679136840972,-0.23009643897975637,6.335085309444631,0.018248889575660013,-0.5265977053466588,-0.5585109314863332,-0.4272067562968603,-0.14340905952703162,-0.2625063446911119,-0.3304528728092536,-0.3157839615069132,-0.04232593135372942,-0.006691593056409131,-0.46281911797427294,-0.00679172509899874,-0.34795826736629076,2.491910183695781,-0.40812133455439153,-0.5247933071773396,-0.33254646074207256,-0.15794480271881173,-0.8884608122159324,-0.23898145811707866,3.008423687580968,-0.33522942561588975,-0.3396639642480243,4.461358711133872,2.6446529618327066,-0.31756840753249194,-0.38083259898238764,-0.5481266713169465,-0.5123347237417335,-0.5895730213519981,-0.38831366493398994,0.17581709365533443,-0.2218782531815794,-0.20694518853395613,-0.1452174549122835,-0.3425915517453018,-0.3218331691671977,-0.39698746898164894,-0.23927627279014632,-0.2830827620365079,-0.3656453855408949,-0.18868665021652947,-0.37099678118071133,-0.46373382870100244,-0.2758932760786847,-0.24865854245342986,-0.35531411272575075,-0.2701914562147034,0.18183103955311022,-0.22370825692169077,-0.25746111865493476,-0.2938444481468964,-0.32696847876400464,-0.20495568362279692,1.1095402149309515,-0.3992722997428346,-0.17455333310756324,-0.18689805281054397,-0.18428360859852225
TR20114,-0.524189136107726,-0.3354941575514393,-0.4210637375131523,-0.528350631912082,-0.6150425548213353,0.16964613260900974,-0.44304453866979904,-0.7863024365533628,-0.45615752015500505,-0.8392211937064162,2.221500605358046,-0.5019631290457354,-0.22208659161548797,0.563674227990471,-0.6573142691443241,-0.6446905810577189,-1.2098363078786842,-0.9155606760427036,-0.13720147539681185,0.8228320297920949,-1.0634706161042733,-0.4551944003886657,-0.44228872917688256,0.6739158484535752,-0.42567481706867083,-0.7425408763312228,-0.491940511410905,-0.5203742896730794,2.9565624298253503,-0.3880525378055539,-0.445679327499834,-0.4499092794062439,-0.07878600847318915,-0.5852853011367698,-0.7790301701765602,-0.34016655135107093,-0.2763661357125309,-0.5400878495062923,-0.4331901010262467,-0.37137736558001827,-0.466995320367798,-0.5586179504406201,-0.21995061435820928,-0.25331196725002153,-0.20991787197283884,2.0660320413055406,-0.7438151539030211,-0.38587171573430823,-0.34899688283510416,-0.3014924725694718,-0.44929509409061896,-0.4878621167436039,-0.45534455280021596,-0.4210894743616323,-0.7220464385644866,-0.5289708553538092,-0.2123106271256479,-0.46103142208810927,-0.38341902227495434,-0.5274431223057531,-0.5583338595672794,-0.5642550416704851,-0.3366528792172761,-0.5575195616542409,-0.5074752304367945,-0.28852722769364786,-0.28533353782945925,-0.6969861695731483,-0.5612612270363413,-0.43563882387926617,-0.42896786528544173,-0.5218829422816885,-0.3304528728092536,0.24084898461571538,-0.3487368421543094,-0.24418392633962427,1.7725423803326215,-0.23964666872357585,-0.37245706262709727,-0.43745496533950257,-0.40812133455439153,-0.2529951659089694,-0.3280740895460608,-0.15794480271881173,-0.822904114389956,-0.2993019202863956,-0.3095696528996101,-0.33522942561588975,-0.3396639642480243,-0.49893358985191416,-0.5554896926331678,-0.31756840753249194,-0.38083259898238764,-0.5987986282487505,-0.5123347237417335,-0.5895730213519981,-0.1651526494608485,-0.3141197918118263,-0.2218782531815794,-0.3926737409019781,-0.1452174549122835,-0.3425915517453018,-0.311283090637326,-0.3586743725591158,-0.33213527489269834,-0.2830827620365079,-0.3656453855408949,-0.18868665021652947,-0.37099678118071133,-0.46373382870100244,-0.2758932760786847,-0.3014802694024719,-0.35531411272575075,-0.2701914562147034,-0.3137257965376381,-0.22370825692169077,-0.2614302637482434,-0.2938444481468964,-0.10931924367205811,-0.20495568362279692,-0.4613920332082983,5.268149980138295,-0.27784254710902223,-0.17330784189520834,-0.18428360859852225
TR20117,-0.5137452328899145,-0.499185410216125,-0.39077763120264575,-0.6096798834183943,-0.4844959456449109,-0.2963196661471195,-0.3744230373031062,-0.8003844484844412,-0.4573400002435953,0.32513218691449863,-0.6324987540993412,-0.6036401974236342,-0.34243788804244196,1.1098857373820856,-0.3818492978717166,-0.6329594995320487,0.32365380221288637,-0.6058847126963333,-0.6245772626340449,-0.4673596287798177,0.49459029879569805,-0.5110434899952729,-0.9378473251936094,-0.45469970844518065,-0.3602988254154786,2.590745694699172,-0.5491956201815799,-0.4823208631801035,-0.5425535890807296,0.5029222185771525,-0.3877917670576417,0.5177523432855221,-0.388148590555219,-0.343121945776894,-0.7708601223580612,0.02021134898497508,-0.2663222477535273,-0.3365813805594594,-0.4331901010262467,-0.3666365412496321,-0.29039158370539636,-0.5579975684305858,-0.3046687282774735,-0.25331196725002153,-0.20991787197283884,-0.5290985887065399,1.0529103706199396,-0.38587171573430823,-0.4709918534843636,-0.13203087367705876,-0.44929509409061896,-0.009168434108171421,-0.00957876854664599,-0.2680265245808252,-0.1135472881821942,-0.4982937270348832,-0.40545597758567503,-0.40747202116996595,-0.269166968902144,0.06541700298640124,-0.3679009059129866,-0.6176164605692129,-0.34307812060238235,-0.5196273918890965,-0.198481063157307,-0.40531625313136266,-0.339217477629754,-0.4275427033370117,-0.25387204383802353,3.6920955236793436,0.17879884831222323,1.1141626438177534,-0.18147668770645553,-0.3157839615069132,-0.34654120224355944,-0.2956562155743383,-0.41602548012813895,-0.009675567615561372,-0.29089319722250356,0.19313019393750575,-0.40812133455439153,-0.08121694749402057,-0.33254646074207256,-0.15794480271881173,-0.8792282923272431,-0.26193979159727926,-0.24295601986892928,-0.31026382940381003,-0.3396639642480243,-0.49893358985191416,0.7398772903442167,0.20073502970971424,0.9353651060382943,-0.350233609406933,0.5746984508529808,1.741774523248223,-0.37764707806064074,0.24747259719395262,-0.2218782531815794,-0.30319728522655537,0.03945696797791828,-0.3425915517453018,-0.23992309688845778,0.012457164482344345,-0.33213527489269834,-0.2830827620365079,-0.3656453855408949,-0.18868665021652947,-0.37099678118071133,-0.46373382870100244,-0.23856187306019808,-0.3014802694024719,-0.34607904369307996,-0.2701914562147034,-0.06205392917014625,-0.22370825692169077,0.04483960668136463,0.21543907140890148,-0.3190765164437897,-0.20495568362279692,5.244762484442298,0.191391254291627,-0.05013182215490815,-0.18689805281054397,-0.04772252530463136
TR20118,-0.49560066129512714,-0.22595143049141686,-0.3274716484484202,-0.6112192659279507,-0.2777718435250777,-0.4892040082624105,-0.40819252025389424,-0.10543441999469053,-0.379500190273987,-0.2833493252785881,-0.39816968164381933,-0.35213328438589225,0.9611653222050939,-0.5172922866260811,-0.6207284082630168,0.20091120632849513,0.34403309919752556,-0.04041828078449038,2.641644906154236,3.045588156450698,1.0535258524768578,-0.4837110525031201,-0.7705457442332022,-0.5226098469239926,-0.30367348935255534,0.9236180023347003,-0.5563509640145652,-0.10662125489494355,0.5855377634846216,1.572919752176319,0.8849199619959416,-0.43445454387126786,-0.01772356112047429,0.4272799272162143,-0.5786459368488249,-0.3185130707374223,-0.26838517416877117,-0.4606334732960026,-0.10080669133613009,0.5442073322602631,0.006228723735956726,-0.5379652332033455,-0.2984703158141145,-0.25331196725002153,-0.20991787197283884,-0.4611626245342046,1.5681607303962732,-0.3767920010214705,-0.09133252272253257,-0.32574033986661105,4.14259635627716,-0.24082532609289106,-0.4756167309206416,-0.2903100306376346,0.9854533376478783,-0.5289708553538092,2.8431647999606176,-0.48002142980358303,-0.1641469585043645,0.7128050927628227,0.16161825992738443,0.013167496150214215,-0.34307812060238235,-0.513218461560915,-0.1171914120153828,-0.3554222545648233,0.52645274996469,-0.25179556646307394,2.8807336537987043,-0.07026747987021156,4.610195923579129,1.2598562065799945,0.9870373150544857,-0.3157839615069132,-0.3487368421543094,0.3300185290329843,-0.4016840115544712,0.5426723118333037,-0.21130504111313622,0.2193311031390762,-0.40812133455439153,-0.5247933071773396,-0.33254646074207256,-0.14310235471939828,-0.7683219213373271,-0.2993019202863956,-0.3095696528996101,-0.33522942561588975,-0.3396639642480243,0.18189084361672317,-0.5554896926331678,-0.31756840753249194,-0.38083259898238764,-0.25681740493426836,1.3958681021670232,-0.5895730213519981,1.5462702703446736,-0.21467214981642774,-0.1154639427667944,-0.13623367013040194,-0.10069414164730428,-0.3425915517453018,-0.3218331691671977,0.23775088725773574,-0.33213527489269834,-0.2830827620365079,-0.3656453855408949,-0.15710271210883364,-0.37099678118071133,-0.46373382870100244,0.8840703962041576,0.06567136499102352,1.4758480356822068,-0.20219681607965254,-0.002685359640942114,-0.22370825692169077,2.195299628886156,-0.2938444481468964,5.852569990578307,-0.20495568362279692,-0.4613920332082983,-0.3992722997428346,-0.27784254710902223,-0.18689805281054397,-0.18428360859852225
TR20119,-0.521600963585408,-0.32508007129253985,-0.08752118811963647,0.5165620986443356,0.20751709327681628,-0.5654647076427478,-0.19602962799313609,-0.4477971707641977,-0.47425830013178627,0.1731229367371728,-0.42146818680330106,1.609478851104267,-0.4239910789500382,-0.07301134842806926,-0.635722613542241,-0.6746489330483185,-0.9778398466696245,0.4933572966148158,-0.5802901814868592,-0.7250632804271258,0.5261909836022145,-0.5037519749619889,-0.16853507881668814,-0.5226098469239926,-0.25265404202714803,-0.3331871016037976,-0.4821034584038993,-0.3365904986071787,-0.5603281110115655,-0.5003291397615495,-0.023945284471777527,1.6121202768022926,-0.4651610184378516,-0.5947571189270795,0.3857104547667175,-0.40600577101901864,-0.25347028806552757,-0.4406900345152153,-0.4331901010262467,0.5307556255473352,-0.4387942001154249,-0.12152880588701967,-0.16636057807625274,-0.25331196725002153,-0.20991787197283884,0.8138422939310768,-0.5391057549017254,-0.24519571586585412,-0.04693588825387325,-0.32574033986661105,-0.44929509409061896,1.4179976396790213,2.3448333504819914,-0.2467406355151384,-0.29877189394257514,-0.5289708553538092,0.09571787165979381,-0.3171536917914931,2.9104325593618996,0.3526612196639534,-0.5084246893688148,1.5754063638468638,4.03295532024013,0.2234426620470576,-0.4514532765475204,-0.46564608430871623,-0.3269499524302633,1.4599105102433618,-0.5332125779747515,-0.18324258449162362,-0.3181577110689369,-0.3750779028550755,-0.3304528728092536,-0.3157839615069132,-0.33163978563998175,-0.24162841342768152,0.07575205762874258,-0.15679244152786556,-0.3577874211100418,0.739841777014022,-0.37064906723044494,-0.5247933071773396,-0.33254646074207256,-0.15794480271881173,-0.8884608122159324,-0.05079989507674002,-0.3095696528996101,-0.33522942561588975,-0.3396639642480243,-0.49893358985191416,-0.5554896926331678,-0.31756840753249194,-0.38083259898238764,-0.3592782812893841,-0.5123347237417335,-0.14230215606992933,-0.36633734089799974,-0.08004791782014914,-0.2218782531815794,-0.1200438986033792,-0.1452174549122835,-0.3425915517453018,1.2289240218205757,-0.38490297123192163,-0.33213527489269834,-0.2830827620365079,-0.07322412673027387,-0.18868665021652947,5.223750322673321,-0.46373382870100244,-0.2758932760786847,-0.3014802694024719,0.4596807294074463,-0.2701914562147034,-0.3104681901696917,-0.22370825692169077,-0.5597998262409309,-0.2938444481468964,-0.32696847876400464,-0.20495568362279692,-0.1368720319662076,-0.3992722997428346,-0.27784254710902223,-0.18689805281054397,0.4596271072345336
