Patient ID,Neisseria_subflava,Prevotella_jejuni,Veillonella_dispar,Bacteroidaceae_unclassified_SGB1468,Actinomyces_graevenitzii,Prevotella_melaninogenica,Megasphaera_micronuciformis,Candidatus_Saccharibacteria_unclassified_SGB19850,Veillonella_atypica,Porphyromonas_pasteri,Prevotella_pallens,Veillonella_rogosae,Alloprevotella_tannerae,Streptococcus_mitis,Actinomyces_SGB17168,Lancefieldella_parvula,Veillonella_tobetsuensis,Haemophilus_parainfluenzae,Veillonella_parvula,GGB4936_SGB6889,Neisseria_sicca,Prevotella_salivae,Selenomonas_SGB5880,Trueperella_pyogenes,Streptococcus_sp_263_SSPC,Leptotrichia_wadei,Tannerella_sp_oral_taxon_HOT_286,Rothia_mucilaginosa,Lautropia_mirabilis,Isoptericola_variabilis,Streptococcus_infantis,Campylobacter_concisus,Streptococcus_parasanguinis,Streptococcus_gordonii,Streptococcus_oralis,Fusobacterium_pseudoperiodonticum,Prevotella_nanceiensis,Capnocytophaga_leadbetteri,Actinomyces_bouchesdurhonensis,Leptotrichia_sp_oral_taxon_215,Prevotella_sp_A2879,Stomatobaculum_SGB5266,Actinomyces_sp_ICM47,Streptococcus_salivarius,Neisseria_sp_oral_taxon_014,Prevotella_nigrescens,Streptococcus_sp_A12,Actinomyces_oris,Fusobacterium_nucleatum,Gemella_sanguinis,Streptococcus_sanguinis,Corynebacterium_matruchotii,Neisseria_elongata,Rothia_dentocariosa,Actinomyces_dentalis,Selenomonas_sputigena,Corynebacterium_durum,Prevotella_oris,Bacteroidetes_oral_taxon_274,Gemella_haemolysans,Prevotella_denticola,Actinomyces_naeslundii,Selenomonas_noxia,Haemophilus_parahaemolyticus,Porphyromonas_sp_oral_taxon_278,Streptococcus_cristatus,Candidatus_Nanosynsacchari_sp_TM7_ANC_38_39_G1_1,Porphyromonas_endodontalis,Candidatus_Nanoperiomorbus_periodonticus,Bacteroidaceae_bacterium,Lautropia_dentalis,Kingella_denitrificans,GGB12788_SGB19831,Prevotella_histicola,Actinomyces_sp_ICM58,Prevotella_shahii,GGB1188_SGB1538,GGB6675_SGB9425,Actinomyces_SGB17154,GGB1474_SGB2040,Tannerella_forsythia,Lachnospiraceae_bacterium_oral_taxon_096,Prevotella_koreensis,Stomatobaculum_longum,Bifidobacterium_longum,Bifidobacterium_dentium,Porphyromonas_gingivalis,Propionibacterium_acidifaciens,Prevotella_intermedia,Pauljensenia_hongkongensis,Prevotella_multiformis,Prevotella_pleuritidis,Prevotellaceae_bacterium_Marseille_P2826,Limosilactobacillus_fermentum,Scardovia_wiggsiae,GGB4964_SGB6927
TR10001,0.6311244941008554,1.9074181517492694,1.9645242427405762,0.506385037426079,1.266304511464229,0.05887449971692891,2.5222348512274007,0.7898091391347174,0.07986504465068933,-0.23536477935743752,0.46949563306956454,1.3153041062918158,0.5378895573480482,0.18248288280892921,0.42446948267827017,1.4466908635541331,2.4128403205552273,0.026703092596545783,0.10320262897968861,1.2369215481002966,-0.5642358068797211,0.07336135421401987,-0.20039506398700638,0.17680010088196602,0.950449921212639,0.24370618117407192,0.1801852392884523,-0.8319862947899074,-0.0483790697597443,0.1924904839309372,0.0814141263847411,0.31653622139539084,-0.4778609265096024,0.26226476041936514,-0.19438251702558937,-0.18477908895967474,0.20130079988952604,0.4163199769958131,-0.0600970425112058,0.5028057434614643,-0.4264235998302522,0.160807059635281,-0.5939333001067633,-0.2481045170066818,-0.2890310503044196,-0.1725016615637033,-0.18967486892957686,-0.5627448491560788,-0.3648927127219556,-0.20178743044067823,-0.3163448377571767,-0.41813759199715206,-0.362955300370335,-0.558681645288829,-0.40312689379675315,-0.6072070098531994,-0.37670089093296133,-0.28801052491696527,-0.09516158926151197,-0.22694449022363902,-0.5238616232154117,-0.24561462710742385,-0.3866528553898529,-0.16181282296094776,-0.4531785680144446,-0.3281344399069973,-0.5215936323623397,-0.4781667552735072,-0.40546342752941095,-0.3396504112214389,-0.2706507214630709,-0.35090296966683404,-0.251323172458313,-0.6483503090561807,-0.3965099704236764,-0.40657883324101596,-0.2682416903041644,-0.1791508604148871,-0.49359661021390305,-0.30421298081227416,-0.46306793363597265,-0.3779365121158661,-0.2894039883180919,-0.7098970328771137,-0.3356767070596111,-0.1681376956102761,-0.49501611559149034,-0.36124648335375376,-0.38697817476842694,-0.2907534052640902,-0.3260014633885843,-0.2178556379071428,-0.2436106473728118,-0.2169539839931523,-0.237656892145502,-0.2275336130780769
TR10002,0.29330795423878503,-0.24075780352539186,-0.39605793625546987,-0.6400940425101971,-0.6934368573825701,0.4422405746117332,-0.683369126356103,-0.09017834442337373,-0.5500504689223187,1.169302822117806,1.9686563199436629,0.32422850066820397,0.3303062684062339,-0.14720312394379118,-0.5115642660231378,-0.7498976178034237,-0.42328185228010734,0.9638513415986534,0.053119051142563455,0.0985058237424214,1.0802394155186477,-0.4072847685870538,-0.582883649834665,-0.5183778878779043,-0.11670198011406939,-0.405034404534861,-0.4579207179263223,-0.7959164361429345,-0.3516776951632913,-0.11295625585563164,0.01082187063697864,-0.07102920829989914,-0.1904737461359298,1.4896126326055936,1.5449377846079095,0.3995208525392699,7.243406343098463,-0.4521778160724857,-0.4070681831878564,-0.23135916335810836,-0.38604838603646935,-0.5947216909847051,-0.34219757518279925,-0.21106607614426012,-0.004367217044876378,-0.0947631074633614,-0.11263061135558854,-0.5225868796510099,0.15935468316154766,-0.20910618524889854,0.6400068204452426,-0.6575878224994213,-0.26411267693930085,-0.5396691193355228,-0.481392569193862,-0.740922463317786,-0.5552898802535124,-0.03926692360518008,-0.18255197522294506,0.5213374938699582,-0.6042643885223655,-0.3880408373669034,-0.4736796339503773,-0.10794218219251281,0.4431067689680844,-0.4125869379755356,-0.5200805236404006,-0.062485649271400934,-0.3872596692384057,2.834683775356149,-0.2959635478862172,0.48563865138739243,-0.25815989981258475,0.5925965020049248,-0.27497098747567666,0.11576323456063208,-0.06752238513311257,0.023666081733714702,-0.4426749105001456,-0.23857938214081537,-0.39104924319280443,-0.32433107368156905,-0.25519453806506065,-0.7076201239592981,-0.3356767070596111,-0.1681376956102761,-0.49501611559149034,-0.36124648335375376,-0.38697817476842694,-0.2907534052640902,-0.3260014633885843,-0.2178556379071428,-0.2436106473728118,-0.2169539839931523,-0.237656892145502,-0.2275336130780769
TR10004,-0.9164425756570445,2.500901767208305,1.2103473260585353,0.06267327741997944,-0.291882567979056,1.1787182402856864,1.9996621677317812,-0.7466475900681618,0.430185380964718,-0.19180678568359494,0.4358074565352432,-0.32860160727422943,-0.5211321521141603,0.04081452595670413,-0.522457336415221,0.900964951599922,-0.42328185228010734,-0.29488616551513513,1.6459038286267353,-0.20138625247326877,0.2643671980199579,0.7617380494560664,-0.3450995317175143,-0.3528683392110448,2.2003419099357173,0.08960391731601537,-0.6428556938874879,-0.6807170521419069,-0.4105183451607895,-0.6667931935357772,-0.08340753500062241,2.3375833061282685,0.4940613319356963,3.7556673470601023,3.3709904530771837,-0.4141125716407085,0.801049295513181,-0.5628223312292716,-0.4070681831878564,-0.4451250607124886,-0.5889989995622139,-0.6182830387127055,-0.6670554094664997,0.10230436044797028,0.05352580865347397,-0.24893484246567615,-0.4351294629616395,0.5992286061334473,-0.21315934049422108,0.3155836281122903,0.9921379623404462,-0.520672865723057,-0.4457419004435901,0.2284283294678557,-0.4848435939307016,-0.7005013780467773,-0.5507361090034807,-0.22020367682804348,-0.21533478458569788,-0.34981078115361536,0.3696740904670519,-0.3430081756484602,-0.5245054115367236,-0.2533871383508061,-0.5115923830297454,3.7473302385277942,-0.5832305611825049,-0.44737997991106837,-0.36042387670376663,-0.3471906403817906,-0.2959635478862172,-0.3648298076218833,0.04698018774303272,-0.6483503090561807,-0.3965099704236764,-0.40657883324101596,-0.2682416903041644,-0.1791508604148871,-0.07863522049244215,-0.30421298081227416,-0.43864290763410574,2.354277858183649,-0.2894039883180919,0.8350494213105759,-0.05620948529234274,0.006903524158193657,-0.39876358842737997,-0.2940431078986314,-0.38697817476842694,-0.2907534052640902,-0.3260014633885843,-0.2178556379071428,-0.2436106473728118,-0.2169539839931523,-0.237656892145502,-0.2275336130780769
TR10005,0.3703191857231151,-0.6111656801200464,0.4138231552936669,-0.25856799508458883,-0.4860090247848048,2.6962666889450486,-0.4542390086271392,-0.5496319417851367,-0.5707978250762907,-0.23703521124025428,1.6783085992277285,-0.41721511238290776,-0.36223815701442136,-0.1829404576409422,-0.522457336415221,-0.7176209433949575,-0.42328185228010734,1.6736958363201675,0.07988948198224764,-0.20138625247326877,-0.08543353710573155,-0.42612695077978197,-0.5212103183481683,-0.5658054973874331,1.1494661148476317,-0.057486578362909276,-0.22831319531172983,-0.44542142003767693,-0.3448061021490751,-0.33539484460658764,-0.2514967341639344,0.5326578597191706,-0.449756655390034,-0.07966881913264477,0.11020775020267991,1.0510790513761055,-0.3722981035505328,-0.05106943044611144,-0.4070681831878564,0.88211303145769,-0.43541360132056744,-0.6155367814067185,-0.30616001143991795,-0.2660176476952133,-0.11619703480452948,0.15938258924189413,-0.3216657262666825,-0.5324031134350279,-0.06752391078717446,0.10774889676937346,-0.34829021861893517,-0.301768757787617,-0.3189647024375962,-0.42134427349495,-0.2880078398446113,-0.4444004603152972,0.118938785815541,-0.2522206599063703,-0.18021425956922227,0.32441007986029263,-0.4065044837161957,-0.3159081118319369,-0.4327997739138053,0.29207475161640184,0.4852406799331567,0.7420630976795463,-0.330407895025567,-0.14328933820157286,-0.4238857183329132,-0.3119517593349145,-0.2959635478862172,0.16781218147698362,-0.25815989981258475,-0.632748742031326,-0.3802216145730166,-0.40657883324101596,0.431429794708419,-0.16008339716588366,-0.49359661021390305,1.131439991284833,-0.253847462434279,-0.23996032302904238,-0.1867931628921197,-0.5127713664082968,-0.3356767070596111,-0.1681376956102761,-0.05091063077044877,-0.34698255976714976,1.0587675500360048,-0.04118238074898941,-0.1439883234241531,-0.13299540846232694,-0.2353918393832853,-0.2169539839931523,-0.237656892145502,-0.2275336130780769
TR10006,1.1186866260534643,-0.5058471264665646,-0.65500999752159,-0.5530659727910145,-0.7256632150976845,0.41038333078459033,-0.5301455943026001,-0.5929888517832477,-0.597379607864686,0.7028188732511359,-0.5066552946403755,0.0014877736100372624,-0.006405495918099218,-0.008395834563681478,-0.45548431992949706,-0.9021339470613619,-0.42328185228010734,2.060709595957568,-0.6849581315665796,-0.20138625247326877,0.41276293088331545,-0.47401301095244397,-0.6091337699396552,-0.204226350411591,0.1740085241171783,-0.4658092046788216,-0.16945605571193292,-0.5297089589191055,-0.32858619164465996,-0.670651579416452,-0.42019912165061474,-0.8131381745875347,-0.5591999158312368,-0.5430031498905981,-0.5399223117950385,0.4720598800086214,0.4709596561339088,4.740036868580891,-0.4070681831878564,-0.4998902432547109,-0.5889989995622139,-0.6182830387127055,-0.60641252823883,-0.27029248765651676,0.013691595086543211,0.14721012186469734,-0.4351294629616395,-0.6756172491223809,2.055601504579334,-0.5450750795186082,-0.506503594203403,-0.530759466948605,3.3818905601789795,-0.6399560730447453,-0.52243556818587,-0.7803508257257589,-0.5552898802535124,0.1834300581142444,-0.05669886139635457,-0.34981078115361536,-0.4078989884026961,-0.40853112952086,-0.5245054115367236,-0.2533871383508061,1.327945093770485,-0.23483888904897812,-0.5832305611825049,1.5899743074455004,-0.45793308377995545,0.17103937307307773,-0.2959635478862172,-0.3648298076218833,-0.25815989981258475,-0.6117026398863608,-0.3965099704236764,-0.40657883324101596,-0.2039793885433075,-0.1791508604148871,-0.49359661021390305,0.7717326542208699,1.7446818447158632,-0.3779365121158661,3.4076176096469144,-0.7098970328771137,-0.3356767070596111,-0.1681376956102761,3.941817634321454,-0.36124648335375376,-0.38697817476842694,-0.2907534052640902,0.01771680840046527,-0.2178556379071428,0.6192139390962157,-0.2169539839931523,-0.237656892145502,-0.2275336130780769
TR10008,1.2529516677950863,-0.35826075191068174,-0.6353915975036568,2.433736888772973,0.6776506051739735,-0.9256222494386958,1.1630070190841486,0.5775421902206923,-0.2945786968956204,0.9743386818266432,-0.5398646669163738,-0.5581803680853857,-0.5153849318243894,-0.5581109347742251,0.9048917494191591,4.8184837793147,-0.42328185228010734,-0.8324256707562928,-0.6963001392735313,-0.20138625247326877,-0.7070279785230587,0.016583578539932444,1.2697456979293569,0.2555364271293372,-0.8697333992133611,-0.4573784978668562,0.16806365710865323,-0.5267338547018872,-0.3156545281041029,0.4497470411599002,-0.42019912165061474,-0.2724170855398638,-0.6422288962069052,-0.5430031498905981,-0.5142210047460712,-0.5746578542354841,-0.34456606151040975,-0.5628223312292716,1.0978126696589041,-0.4998902432547109,-0.5295107234283702,0.6461246241110538,-0.07586876323632287,-0.2571280489099289,-0.3230563412976476,-0.2914228123062626,-0.42937693085647555,0.018184724289068446,-0.5578060177745826,-0.5450750795186082,-0.48975553045063636,1.8614698011781894,-0.4457419004435901,-0.54492210897886,4.284523530016187,1.1382155926821205,-0.03410850634517866,-0.34113787306813287,-0.21533478458569788,-0.34981078115361536,-0.5848643674425207,0.17143322666286837,4.168737800431737,-0.2533871383508061,-0.5115923830297454,-0.40170111311310464,1.4316294632713389,-0.4736275944635049,-0.45793308377995545,-0.16675850945651463,-0.2959635478862172,-0.3648298076218833,-0.25815989981258475,-0.4556000400854757,0.626875244041119,-0.40657883324101596,-0.2682416903041644,-0.1791508604148871,-0.4504553792131666,0.27911814299289806,-0.46306793363597265,-0.3360499552782089,-0.2894039883180919,1.9530116999581122,-0.3056698584733742,-0.1681376956102761,-0.49501611559149034,-0.33523411769481654,-0.38697817476842694,0.764901170548838,-0.3260014633885843,-0.2178556379071428,-0.2436106473728118,-0.2169539839931523,-0.237656892145502,-0.2275336130780769
TR10011,-0.10369818226997655,0.5721170141164347,-0.7965401645627276,-0.6288578799882482,-0.7357099421800621,-0.5613615811445754,-0.6185995269182641,-0.8546830801063385,-0.7337259535954861,0.444492818579933,0.37678767009476893,1.3371574619238675,0.1193718944631432,-0.4482784559753572,-0.522457336415221,-0.8763959790183009,-0.42328185228010734,1.6521168306649288,1.5095175088908872,-0.20138625247326877,-0.6193710716029951,-0.6703395769329605,-0.538362742447408,-0.6735774788290179,-0.28921196988744796,-0.44626654987206893,-0.04209580725242535,-0.8262072704284479,-0.3457915223129236,-0.6497740119799241,0.11560987521257797,-0.49775228874624505,-0.6926671927477385,1.232115889741535,0.279892879896441,0.22087289252188014,0.485515061249883,0.014104391308738607,-0.4070681831878564,0.36991582184242267,-0.5889989995622139,-0.6182830387127055,-0.6670554094664997,-0.2314349298880952,-0.20969616323630977,-0.0733704091407223,0.8830335144602636,-0.5842634053114368,2.712234479754562,0.2991779789550258,-0.003813562157403156,0.39617787595835513,-0.270469699761951,-0.3956669721415025,0.8485381297603285,3.1057923072194504,-0.5219481590713494,0.32202489654692085,-0.21533478458569788,-0.34981078115361536,2.60070385787835,-0.24840222646076715,0.9522761902422525,-0.2533871383508061,2.4421296774816144,0.9864969033559582,3.721163223954829,0.31092493584456726,5.087897605365473,-0.3471906403817906,-0.2959635478862172,-0.3648298076218833,-0.25815989981258475,-0.5800465571165749,-0.3965099704236764,-0.40657883324101596,-0.2682416903041644,-0.1791508604148871,-0.49359661021390305,-0.30421298081227416,0.37673132568017914,-0.3779365121158661,1.0316906730415385,-0.4986909616605242,-0.3356767070596111,-0.14734208256146497,1.3331860652227123,-0.36124648335375376,0.7307086432289379,-0.2907534052640902,6.0192042757596536,-0.12761858951678764,-0.2436106473728118,-0.2169539839931523,-0.237656892145502,-0.2275336130780769
TR10013,4.034192188688156,-0.7365309972017879,-0.7965401645627276,-0.7017910127208812,-0.6224214896361839,-0.838702866200558,-0.8895541344479047,-0.7626476365950494,-0.8780489825576728,2.456876624414446,-0.7008533910033116,-0.01532819835089731,-0.415934366093698,-0.5545573589253363,-0.3040301678260677,-0.78062596465724,-0.42328185228010734,0.13196165095816564,-0.6999867327583725,-0.20138625247326877,-0.485414477763509,-0.8783393234052579,-0.6091337699396552,0.08593175964974938,-0.3410319122435792,-0.4658092046788216,-0.3662003743855246,0.854931533379985,-0.3669490728896705,-0.04443026552282552,-0.3081200559149657,-0.5840698890580304,-0.6775319689986288,-0.5430031498905981,-0.44656991132543833,-0.5114366716336065,-0.17605865352084862,-0.39847861312852817,-0.4070681831878564,-0.4998902432547109,-0.5889989995622139,0.3151107878931659,-0.6592838694280962,-0.22614965779633892,-0.3230563412976476,-0.07909862908293257,0.8263545429597289,-0.3941399602893957,-0.5578060177745826,-0.40608588270194734,-0.3109358334636907,0.8399172974794693,0.3136426178589028,-0.13593422501535174,0.5493686679796131,-0.2345258985104061,0.08011901308012202,-0.2798103639720998,-0.038033662973661876,-0.34981078115361536,-0.5215511203524846,4.687516607905036,-0.11824676323344588,-0.2533871383508061,1.1380870977028168,0.12783378963936903,-0.273354795568923,-0.33959976009400705,-0.20002101253092344,-0.2268319243367584,0.5156666644644755,-0.3648298076218833,-0.25815989981258475,-0.6483503090561807,-0.3965099704236764,-0.40657883324101596,-0.2682416903041644,1.0428437305432328,-0.49359661021390305,0.5384761615199883,-0.3022929150535007,-0.3779365121158661,-0.2894039883180919,-0.7098970328771137,-0.3356767070596111,-0.1681376956102761,-0.3244708226441626,-0.36124648335375376,-0.38697817476842694,-0.2247553145015806,0.061473238309958975,-0.2178556379071428,-0.2436106473728118,-0.2169539839931523,-0.237656892145502,-0.2275336130780769
TR10014,-0.22746565879316474,-0.6654585234158137,-0.49143166998235693,1.490407627233534,1.2073846988403865,-0.912257404513819,-0.3230073769083643,1.7169223878715616,-0.6153432580968159,1.2822031625550903,-0.22384567173496348,-0.5964941156545284,-0.44720239843240545,-0.4972872412874801,-0.522457336415221,-0.16075898325922752,-0.42328185228010734,-0.7914636052733973,-0.5659640662616091,-0.20138625247326877,0.5050642876085865,-0.5458645323807141,0.1848077516082243,-0.5724803606504708,-0.8232690907866484,-0.4658092046788216,-0.6428556938874879,-0.10960200201357405,-0.18217488772826296,4.0467008511184055,-0.33772109223756386,-0.6954070836630868,-0.6008241153830759,-0.5430031498905981,-0.4494408832358399,-0.5710945682215454,-0.1882012143011285,-0.5199434925148838,0.4354943855336586,-0.4998902432547109,-0.5752320623687607,-0.6182830387127055,5.215756684109296,-0.25074079546784656,-0.30044148398236603,-0.24721086857922248,-0.3369000181865648,-0.16937392602521265,-0.5578060177745826,-0.5450750795186082,-0.3241854127881015,-0.04846720870096848,-0.4457419004435901,-0.26874241610719923,0.13117068879948743,-0.20847771382161387,-0.12473306290521596,-0.2877277607464527,-0.21533478458569788,-0.3420057896742178,-0.14390011098775404,0.064728521518912,0.08077853311203613,-0.2533871383508061,-0.5005120943519551,-0.38562772232857695,-0.39807500713463656,-0.407123918712873,-0.45793308377995545,-0.3183594928364924,-0.2959635478862172,-0.20624146002177335,-0.25815989981258475,-0.18452624445832247,-0.35813515520383393,-0.40657883324101596,-0.25084113282232745,-0.1791508604148871,1.3758169744668838,-0.30421298081227416,-0.28749309546213414,-0.3779365121158661,-0.2894039883180919,1.1188251335557888,0.2853497644139893,-0.13467190772377874,-0.4209099970119026,0.3831931197843794,-0.38697817476842694,-0.012654580066339743,-0.3260014633885843,-0.20457723285902835,-0.2436106473728118,-0.16008069638849617,-0.05902249386954935,-0.2275336130780769
TR10015,2.154801939063835,-0.6879945309873514,-0.7869067728259804,-0.11566119974805485,-0.15749225371940348,-0.8887332340870413,-0.5622045520660957,-0.14684685091951402,-0.7948569949970862,1.1994810039909711,-0.6474687623723321,-0.6388674018292183,0.3600455051038362,-0.5559553805310291,1.6876130395619164,-0.6873332743836185,-0.42328185228010734,-0.8215260369069254,-0.6965118097128523,-0.20138625247326877,0.6943618199539541,-0.7787449318151233,-0.2973073073042484,-0.15941456569433354,-0.9094822447832641,-0.4658092046788216,0.35267524219289687,0.43645519848347075,-0.2863764830220592,0.5023373692595083,-0.42019912165061474,-0.6888741895976216,-0.6677608328768253,-0.5278389124027186,-0.5312864893730593,-0.6023942356736224,-0.41336346071842117,-0.5222333835495137,-0.4070681831878564,-0.4998902432547109,-0.58635519439021,1.2102366739081345,-0.5896160541846295,-0.26039923816447386,-0.3230563412976476,-0.24754685071044827,-0.38440138674230906,-0.3495739731389563,-0.5509301484302679,-0.539255886093112,-0.4871130581696444,0.9326500995918138,0.7367733221034353,-0.10632972267343391,0.8069475511975305,-0.46939117934563795,1.5330200194825703,-0.2363293135235621,-0.21533478458569788,-0.34981078115361536,-0.14686685135021085,-0.2540061633051171,-0.21781288408118565,-0.2533871383508061,-0.3055723583233146,-0.18328577278689778,-0.32517876929533635,-0.3699293061193799,-0.2602704262263633,4.577762641951866,-0.2959635478862172,2.2301754524596205,-0.005142554137398319,-0.6483503090561807,-0.3965099704236764,0.9899366859860428,-0.2682416903041644,-0.09536581832073189,0.9531118163565198,-0.30421298081227416,-0.32512083822176696,-0.3779365121158661,-0.2894039883180919,-0.6511527827974672,-0.3356767070596111,-0.16006522635750278,-0.35798835317289407,-0.11404325454222758,-0.3351024152833172,0.8412901820897961,-0.3260014633885843,-0.2178556379071428,-0.2436106473728118,-0.2169539839931523,-0.237656892145502,-0.2275336130780769
TR10018,0.26550312684134314,-0.6667524750207798,-0.6343637952968348,2.9191391097211676,1.8990775819840011,-0.4412088795062842,0.3035526601823798,-0.14219357105648076,-0.8095550850298334,0.7584440504897089,-0.38213754106775666,-0.6189697363283062,-0.37915566064178036,-0.5585921143036264,-0.522457336415221,0.8227624998781552,-0.42328185228010734,-0.7688166624375714,-0.7061075362954056,-0.20138625247326877,-0.21003826997277997,-0.6232879562574052,0.11218953998221286,0.12625154179269238,-0.9344612561571926,-0.4658092046788216,-0.30694178404196254,-0.2436466282674732,-0.3796277943560846,1.9379476171766028,-0.4179227649981107,-0.6055946828785906,-0.6893338954754176,-0.5419956747768557,-0.5165269449507023,-0.5368534624532529,-0.4001868237942723,-0.4917098909670299,-0.4070681831878564,-0.4998902432547109,-0.5889989995622139,-0.6182830387127055,3.0804533169431925,-0.27029248765651676,-0.3230563412976476,-0.2466160149698391,-0.4351294629616395,0.17372987854353558,-0.5578060177745826,-0.5437098072149341,-0.4714815320003956,-0.339771093390914,5.907132510741693,-0.17749232452655525,-0.4135818432762563,-0.5380832852813674,0.8708520841994919,-0.30112270345244957,-0.21533478458569788,-0.34981078115361536,-0.6042643885223655,-0.15934273784209738,-0.3386343932409429,-0.2533871383508061,-0.5115923830297454,-0.4159467604639402,-0.4747317651799324,-0.49513062632986604,-0.41315577196930753,-0.3471906403817906,-0.2959635478862172,-0.07979530141900883,-0.25815989981258475,-0.5918781267137228,0.8125052086588453,-0.40657883324101596,-0.2682416903041644,-0.1791508604148871,1.6892652676778919,-0.30421298081227416,-0.4216923228934902,-0.3779365121158661,-0.2894039883180919,2.5949360773400727,-0.3356767070596111,-0.1681376956102761,-0.44085253284587483,-0.36124648335375376,-0.38697817476842694,-0.16684954689077178,-0.3260014633885843,-0.2178556379071428,-0.2436106473728118,-0.2169539839931523,-0.237656892145502,-0.2275336130780769
TR10020,0.9115597786942318,-0.6664147574464632,-0.6416215214064104,0.3484230123060373,1.1071095056453766,-0.8168165757179898,-0.352012174253857,0.0638723548003272,-0.6904143130563066,1.0474451229551598,-0.5485281593511598,-0.6231774332771216,-0.027125276383507747,-0.5516832866010749,0.7768557402561208,-0.05325741011870565,-0.42328185228010734,-0.8219932594234323,-0.6584875671826,-0.20138625247326877,0.26475755846449855,-0.695049753008567,0.2515074344791135,0.32813007515761594,-0.8860513463420582,-0.4658092046788216,0.04354701808414917,0.7560758550325551,-0.2966417155310263,0.9123305100320322,-0.3711776551413403,-0.6711221917419197,-0.6221030635164635,-0.5360724159184745,-0.5101436137882136,-0.5679853297329285,-0.4303943814515363,-0.5590981128432803,0.25125915605852384,-0.4998902432547109,-0.5169832361445286,0.7783812960526506,0.5684652692852845,-0.2460989109490883,-0.29984727815094264,-0.2582156603528149,-0.3820607012650355,0.6345999114206908,-0.5578060177745826,-0.5305718589812176,-0.468863871665704,0.5237520717406381,0.18018146442795113,-0.09212586800345536,0.1363535931090583,-0.17293391913856448,0.5461591767034182,-0.2820159245020981,-0.21533478458569788,-0.34981078115361536,-0.18047167997195757,-0.23828640200327383,-0.22561989463100843,-0.2533871383508061,-0.38237473752728857,-0.2964714727762723,-0.36917018022582976,-0.3827118480208316,-0.2851175728972792,2.4653513685474118,-0.2959635478862172,0.9909684435013183,-0.13194339481064415,-0.4740016537435301,1.224112541177978,0.3064561639925519,-0.2682416903041644,-0.13334547231671107,0.5383431033366785,-0.2019992675735294,-0.3569351266670932,-0.3761955696170305,-0.2894039883180919,0.5822943161616844,0.59392878721108,-0.10442663250505446,-0.3780170338700799,0.790158009769312,-0.3740743843277134,0.0879799132909984,-0.3260014633885843,-0.2178556379071428,-0.18151131753604227,-0.2169539839931523,-0.10635923159240473,-0.2275336130780769
TR10023,-0.8414463531367691,-0.7365309972017879,-0.720577467250643,-0.6803256443182946,1.9821885048529309,-0.6783758110769053,-0.1683637575267455,-0.7938487323505282,-0.5602798976295952,-0.8495357615062454,-0.6752557787314237,-0.6397859835574807,-0.27467189665426966,-0.5464520848253547,1.9556791857348088,0.5737914290904894,-0.42328185228010734,-0.746216441853396,-0.6945832568212608,-0.20138625247326877,0.5570472868065909,-0.5707810752136694,1.7172794593172092,1.4458088682967818,-0.7574533707009039,-0.4658092046788216,-0.6428556938874879,1.7212478945231318,-0.0069966925046526665,-0.17525861690830818,-0.42019912165061474,-0.08542540342896393,0.1517494423059238,-0.5096001387918673,-0.4996523494135015,-0.6043486141521816,-0.4303943814515363,-0.5149107649662468,-0.4070681831878564,-0.4998902432547109,-0.5889989995622139,3.039192707783197,2.4112006184424484,-0.17422344889101177,-0.14929598132942995,-0.26234658819575496,-0.28923995908998845,0.0641081236803836,-0.5578060177745826,-0.5450750795186082,0.36707541114089914,-0.42165369594549446,1.0996249196513639,0.9847728410064688,0.21366418785944033,0.9697548390112741,1.2747851201305236,-0.2687987192747091,-0.12891235901213438,-0.34981078115361536,-0.5360840466441513,0.17117458342389844,-0.10423692238376392,-0.2533871383508061,-0.48063044161804785,-0.4159467604639402,-0.4277808916021169,-0.453198057562429,-0.08994618598615353,-0.3471906403817906,-0.2959635478862172,1.5175025503244093,-0.25815989981258475,-0.4497254324432723,0.2986061311381291,-0.40657883324101596,-0.22349337405937567,-0.1791508604148871,5.449736453188069,-0.30421298081227416,-0.119733413820715,-0.3779365121158661,-0.2894039883180919,-0.29535388766390586,-0.3356767070596111,-0.15651630614795017,-0.042288965710477314,-0.2934428225372713,-0.3481827396649135,-0.10976245788674986,0.17552259330133085,-0.2178556379071428,-0.2436106473728118,-0.2169539839931523,-0.237656892145502,-0.2275336130780769
TR10024,-0.6521882148986662,-0.7042049745545528,-0.6600768820850452,1.1238557618617666,2.9373371978072935,-0.838888045609455,-0.7832518439754402,-0.6156773599707154,-0.6241424696490997,-0.6044075499238827,-0.6182289638619183,-0.6692472701163517,-0.5179387652305909,-0.5655789711190538,-0.5022727337470302,0.25687259907762156,-0.42328185228010734,-0.8614201652092336,-0.663820486306605,-0.20138625247326877,-0.19921731055314612,-0.8064519121061445,0.9330304186888998,1.53913969286793,-0.9344612561571926,-0.4343069242524721,-0.47388953640053777,2.6473837177809827,-0.4038575372083591,-0.3872319946404478,-0.35106003823083454,-0.7878207279812485,-0.6179621185857231,-0.5430031498905981,-0.536280147961896,-0.6043486141521816,-0.4303943814515363,-0.5628223312292716,-0.4070681831878564,-0.4998902432547109,-0.380978876320333,-0.6182830387127055,-0.664469040941719,-0.2171905494181878,-0.3230563412976476,-0.2914228123062626,-0.4351294629616395,3.339979661685854,-0.5578060177745826,-0.5030202162628102,-0.491492366691664,0.5743093845736224,-0.4448192239881883,0.3253685626266848,-0.5017166853562091,-0.28912565597738543,-0.49622611453527915,-0.3453066248391186,-0.21533478458569788,-0.34981078115361536,-0.15474170134456652,-0.40853112952086,-0.2782102704923146,-0.2533871383508061,-0.5115923830297454,-0.4159467604639402,-0.5832305611825049,-0.49513062632986604,-0.45793308377995545,-0.30716605187364476,-0.2959635478862172,0.4862234486265624,-0.25815989981258475,-0.43624220135170433,6.022284337142183,-0.40657883324101596,-0.2682416903041644,-0.1791508604148871,-0.4861005690127968,-0.30421298081227416,-0.44407305726834817,-0.29400749314214847,-0.2894039883180919,2.1064207152048664,3.106448640447252,0.06927976951295674,-0.49501611559149034,2.1100711793313174,-0.38697817476842694,-0.2907534052640902,-0.3260014633885843,-0.2178556379071428,-0.2436106473728118,-0.21092087258863904,0.18304330518256345,-0.2275336130780769
TR10027,0.4351955854461386,-0.722908456844519,-0.6497041940240929,3.6819677093178487,-0.5351328783416025,-0.6987678952945803,-0.8583608463570278,-0.6061798449154963,-0.8215155061736247,3.3047956175828768,-0.3681335395978285,-0.6319928547015762,-0.5302041743855896,-0.5410518199717368,-0.38293203207235876,-0.7648568440237311,-0.4028174407419339,-0.1925911328296446,-0.6460519288724899,-0.20138625247326877,-0.2892079852921842,-0.7520967027139791,-0.47940364070848335,-0.3016071933680145,-0.7106961760436761,-0.4658092046788216,1.5210976319214915,0.7810587335369918,-0.2461639628598786,0.5138068176993225,-0.18932951798245065,-0.5448328110235037,-0.6576582344212197,-0.5142901091489434,-0.47064484332941753,-0.41947230655918155,-0.3299166494722656,-0.5161941104911493,-0.4070681831878564,-0.45745371555019265,-0.4980829549048303,2.436941047175867,-0.39326343219034365,-0.27029248765651676,0.26287545420894914,-0.286592380681918,-0.4023863147032813,-0.4109647278013041,-0.5257855459375547,-0.38970261505785786,-0.506503594203403,-0.15554855621866975,1.2759505698293279,-0.22667550040953324,0.08623096076883378,-0.7398002548639192,-0.0703583289691936,-0.3453066248391186,-0.21533478458569788,-0.34981078115361536,-0.5514235981956565,-0.17313704392049734,0.14155022824815658,-0.2533871383508061,3.7445481960357716,-0.28225270400534397,-0.18603952167349755,-0.49513062632986604,-0.45793308377995545,-0.32917299977188047,-0.2959635478862172,-0.3648298076218833,-0.17527188483793069,-0.5021073505862523,-0.18452202301911885,-0.2327931936986897,-0.2682416903041644,-0.17738075389177113,-0.4433813917394176,3.693187363312661,-0.46306793363597265,-0.3779365121158661,-0.2894039883180919,-0.11185324415929841,-0.3356767070596111,-0.1681376956102761,-0.49501611559149034,-0.19350960237942028,-0.38697817476842694,-0.04703908155138769,-0.3260014633885843,-0.2178556379071428,-0.2436106473728118,-0.2169539839931523,-0.21407033136272943,-0.2275336130780769
TR10030,-0.04051760490587541,-0.6725392087380041,-0.693241534872714,1.0271952922713086,0.20028434279462162,-0.7785514857933249,-0.797851508903537,-0.6572302446223589,-0.8533700637952336,1.951974786835257,-0.5988148835073481,-0.5300747303674184,0.05110613150903597,-0.5387304538636796,1.28339004149661,-0.7138811368398807,-0.38122250459631446,-0.9163521839356846,-0.6981934137585694,-0.20138625247326877,0.7602257007658955,-0.8332078108198185,0.39256779745593684,-0.42031151842419584,-0.9290010200025901,-0.4658092046788216,1.8987624191185968,-0.03758973563527568,-0.19863720105373173,2.686593400879996,-0.4146888265803467,-0.7923083694973432,-0.7167285570916347,-0.5430031498905981,-0.5381126832238545,-0.41560303199556936,-0.4206176615458658,-0.5628223312292716,2.658682818557934,-0.4998902432547109,-0.5340057241735279,3.9470489080390028,1.0185232353108673,-0.2699771514547311,-0.202302224635862,-0.2914228123062626,-0.412304473505288,-0.44104926962408386,-0.5241042202219741,-0.5012744582351614,-0.506503594203403,-0.13594361299154836,1.060625492780523,-0.6132754721686959,1.505417129761803,2.3142900523344956,-0.28001215384689176,-0.34310106430912035,-0.21533478458569788,-0.34981078115361536,-0.5573160640768496,0.06857943196579867,-0.28187314872973146,-0.2533871383508061,0.11275437970105931,-0.4159467604639402,-0.398319774722009,-0.4143335639118255,-0.41149492487432987,0.4359483737192704,-0.16581052068163338,0.13114322866532205,-0.2295566687021912,-0.5867858850425605,-0.38905474788828986,-0.3144806982361275,-0.2682416903041644,-0.08344089016500336,-0.17062458289426777,0.6848484085308509,-0.44786351466009383,-0.33223027546733075,-0.23251675700593033,0.12095613886952701,3.4323976539578114,-0.1551920821891619,-0.4394598575572533,-0.36124648335375376,-0.2796035068210429,-0.019046570727021702,-0.06327969313654623,-0.2020524657019925,-0.22266545845617575,-0.2169539839931523,-0.237656892145502,-0.2275336130780769
TR10032,-0.6851195465835748,-0.6788609781628537,-0.7600531862205513,-0.3628764231653961,3.6976498138274128,-1.0669875716409813,-0.6605601894764316,-0.6890946588896307,-0.6356793500903395,-0.8042051063361946,-0.6664899776944319,-0.6692472701163517,-0.5316497404645717,-0.5645060708170104,-0.522457336415221,0.48791880086722766,-0.42328185228010734,-0.9568470269020731,-0.7030735933318042,-0.20138625247326877,-0.6249431521420036,-0.8339525256398168,-0.12484900267958626,0.42241702879076665,-0.9050680308805011,-0.4658092046788216,-0.5739622856935612,1.346742125524943,-0.30817692803725266,0.6048224408023629,-0.4189979445240167,-0.8029913391241525,-0.6105438981855579,-0.5430031498905981,-0.5362037923259811,-0.6043486141521816,-0.4303943814515363,-0.5628223312292716,4.48072325738217,-0.4998902432547109,-0.5565764793944792,-0.6182830387127055,0.6596521680334889,-0.07584279232370733,-0.31010433588723474,-0.2914228123062626,-0.4351294629616395,0.641079768802135,-0.5578060177745826,-0.5399497130015366,-0.41912832530656247,3.2171054542716875,-0.041558756795025256,0.8030896303135854,2.0459927758091947,-0.48941828406079874,1.2521289809905143,-0.3453066248391186,-0.21533478458569788,-0.34981078115361536,-0.6042643885223655,-0.40853112952086,0.014044634713551014,-0.2533871383508061,-0.4799362864171933,-0.4159467604639402,0.026730266549758946,-0.49513062632986604,0.15129185455935257,-0.3471906403817906,-0.2959635478862172,-0.36036802127858597,-0.17617760512845387,-0.4031037409525774,2.010816196630248,-0.40657883324101596,-0.2682416903041644,-0.06834840296790942,0.050981149211386904,-0.14332262320627834,-0.46306793363597265,-0.3397397140070844,-0.2894039883180919,1.695138103561971,5.686051549521816,8.4091469178365,-0.49501611559149034,1.9889564614226176,-0.38697817476842694,0.9561570881497367,-0.3260014633885843,-0.2178556379071428,-0.2436106473728118,0.028609564852899227,2.742559744999861,0.16646285329370936
TR10033,2.4665473629448296,0.8785368968267921,-0.24358708519697833,0.5198021206735997,0.29383148349314825,-0.2963538832708188,1.5523249327497044,0.13514894397663768,0.8085054406800317,-0.5411785340412514,0.20013345283808118,-0.6692472701163517,-0.29704312685233347,-0.5280632238909401,-0.5067291876349619,0.5046645588813616,-0.42328185228010734,-0.5746256353625575,-0.683129534160223,-0.20138625247326877,-0.36587183840308524,-0.3050793888930698,0.8853931734433194,0.317161651201057,-0.40479742871571817,-0.30190336481209706,-0.51803796680516,0.12255109035680298,-0.30954176131231553,-0.4872593272319137,-0.42019912165061474,0.23512325583792132,-0.48124557710124477,-0.5430031498905981,-0.5200698464571553,-0.6043486141521816,-0.4303943814515363,-0.5628223312292716,-0.4070681831878564,-0.4998902432547109,-0.41320457397023236,-0.6182830387127055,-0.4139170769964046,-0.23442892844913502,-0.09120395273470662,-0.17610383064274707,-0.4351294629616395,-0.48804431025819583,-0.5494746724376757,-0.5450750795186082,-0.4419677218760759,-0.4103595438690006,-0.3342215572119565,-0.5256515917197417,-0.4655127616409503,1.0803355335807612,-0.31439087244242825,-0.09534309810597907,-0.18235107778395326,-0.34981078115361536,-0.2893250752064355,-0.09195180502158092,-0.48426722360013696,-0.2533871383508061,-0.3298939848891023,-0.30902376959295186,-0.5188121825058339,-0.01460909912210691,-0.41361469024555136,-0.30889767426802783,0.33698415322655745,-0.09326729707692585,-0.25041745216778977,-0.6483503090561807,1.099212181143255,-0.40657883324101596,-0.2682416903041644,-0.11586178858839032,-0.19153459256051159,-0.30421298081227416,-0.30133465335334025,-0.32474682114397757,-0.2496915834649317,0.04062679224898717,-0.326786912685731,-0.1681376956102761,-0.49501611559149034,-0.36124648335375376,-0.35840489547983706,-0.24389979884490395,2.4566667138102614,-0.08214940321646623,-0.2436106473728118,-0.2169539839931523,-0.23006165789562782,1.9249455224496324
TR10034,0.5026610707611524,-0.7365309972017879,-0.7965401645627276,-0.7628224091515765,-0.4029514568127541,-1.0788645957978236,-0.9265542179832011,-0.6748282857458389,-0.8780489825576728,1.5977778007255228,-0.6986721716042842,-0.5993313479281134,0.24149594511750375,-0.5406161574248466,0.7635995307418241,-0.6889411529980625,-0.42328185228010734,-0.7615546896095787,-0.697323213063583,-0.20138625247326877,-0.22865384601082353,-0.8783393234052579,-0.5657814892492694,-0.4060868436055334,-0.9344612561571926,-0.4658092046788216,0.3457390654533983,0.17026646404135454,0.9972044203489425,-0.05809317990850266,-0.41777996771732634,-0.8131381745875347,-0.6970228879229141,-0.49521756303016734,-0.5196193482052571,-0.6043486141521816,-0.40075086532729176,-0.5628223312292716,-0.4070681831878564,-0.4998902432547109,-0.5889989995622139,0.3472445649688266,-0.4615435612445532,-0.27029248765651676,-0.31774913025142026,-0.23285176339716274,-0.3841897993545329,0.41054830465170566,-0.5515449615650697,-0.5450750795186082,-0.35402177821432634,2.656677552727553,3.2382799657386085,4.808332988792035,5.692032246301842,-0.008616704374303213,2.0681332282053577,-0.15646863279450313,-0.21533478458569788,-0.34981078115361536,0.7064469722569157,5.380278154417348,2.7178637096896727,-0.20271139803523297,0.3007525637211552,-0.41342017395265995,2.724936891749912,-0.44639262960349124,-0.45793308377995545,0.9860855390571385,1.9745366380162943,-0.3648298076218833,-0.2252618015180974,-0.6483503090561807,-0.3965099704236764,0.5445161307687033,-0.2682416903041644,0.10742006932746434,-0.49359661021390305,0.052059036384350534,-0.45546572414803327,-0.3779365121158661,-0.22668082107649415,-0.6851606943939634,-0.3356767070596111,-0.1392060505586698,-0.28266184903111224,-0.23212796062691937,0.03594670931776204,4.814652337213634,-0.3260014633885843,-0.2178556379071428,6.525531834940699,-0.2169539839931523,-0.237656892145502,-0.2275336130780769
TR10035,-0.7044337806538463,0.18352171804200582,-0.6409137804131164,0.2008179046406534,0.7234877970830047,-0.9875232559851627,0.5429249145997418,-0.49525992437906785,-0.0064390463329931725,-0.2681988865865136,-0.3656945025212426,-0.6692472701163517,-0.5316497404645717,-0.5659073436357397,-0.522457336415221,-0.14311995934818025,-0.42328185228010734,-0.9106921168785728,-0.4823483629953781,-0.20138625247326877,0.798659414856616,-0.12676056560817475,4.739544962855532,1.8747860940583223,-0.9344612561571926,-0.12183636675063227,-0.5552836746989307,0.7318139488646724,-0.1168789452135755,-0.6678370719076037,-0.42019912165061474,-0.5024980689336195,-0.6030369765974739,-0.5419261937345287,-0.5399223117950385,-0.6043486141521816,-0.4303943814515363,-0.5628223312292716,-0.4070681831878564,-0.4998902432547109,-0.2503685173903266,-0.6182830387127055,0.8214320061513316,-0.21909528179832838,0.012623706304598305,-0.2914228123062626,-0.4351294629616395,0.3226380013676152,-0.5578060177745826,-0.5450750795186082,-0.506503594203403,0.616626938658976,-0.03825310492724715,-0.12562890563319778,0.14207134258079632,1.5510588181142613,-0.31889955684840027,-0.3453066248391186,-0.21533478458569788,-0.34981078115361536,-0.6042643885223655,-0.12123596730051747,0.4072559503171248,-0.2533871383508061,-0.5115923830297454,-0.4159467604639402,-0.5832305611825049,-0.49513062632986604,-0.45793308377995545,-0.3471906403817906,-0.2959635478862172,0.0854424073820344,-0.02793164531830426,4.363778916767307,-0.25177132123958557,-0.40657883324101596,-0.2682416903041644,-0.1791508604148871,2.0696824773232634,-0.30421298081227416,-0.46306793363597265,-0.3656719619748151,-0.2894039883180919,3.7092006559050765,-0.0061930142160923915,-0.1681376956102761,-0.49501611559149034,-0.36124648335375376,-0.38697817476842694,-0.1119351049586073,-0.3260014633885843,-0.2178556379071428,-0.2436106473728118,-0.16468148638042715,-0.14062389948384396,0.1343466930072173
TR10036,0.9083564311103501,-0.7145907386096628,-0.7665761239103374,-0.48463712903439343,1.5857189371220168,-0.9954700068255875,-0.5725536816353795,-0.32568154181111986,-0.8259626835504156,2.7895910795660943,-0.6477143030176259,-0.5662327740420096,0.14989086074274177,-0.5516475232576734,2.3082873956059062,-0.16522531274379376,-0.36759872500488994,-0.8674273118500364,-0.6879332771859252,-0.20138625247326877,-0.5577465891672486,-0.827707688113084,0.4865773228486922,0.5808097300055496,-0.8545033152265774,-0.46402171055694036,0.5254440303360675,0.052461833382242036,-0.3004938125351613,3.5087863620211825,-0.39360522806453474,-0.7291438223172674,-0.6843619604683843,-0.5430031498905981,-0.5341345545926863,-0.5634152426845803,-0.37069998587364433,-0.5628223312292716,-0.21779739910046214,-0.4998902432547109,-0.5794930039035195,4.014524706706664,1.4864420655143105,-0.2587301602577107,-0.2526569645624519,-0.27635869543900776,-0.3586538464922996,-0.4440069994542028,-0.5578060177745826,-0.5044973961323592,-0.47992999971568007,-0.3860487039433401,-0.21585742483868134,-0.3789692015153422,-0.20322214723251394,0.8498943437655812,0.044816014181361226,-0.3136774326232091,-0.21533478458569788,-0.34981078115361536,-0.34665015511326375,-0.13290365119183079,-0.4455262705635164,-0.2533871383508061,-0.39493501748237225,-0.4046577569029007,-0.48240856678388794,-0.22899001959684212,-0.140186810609228,5.205581703058009,-0.2959635478862172,0.20850973749181653,-0.23808796950324834,-0.5957350536937674,0.33187905039139143,0.32549350615170064,-0.24273965869110783,-0.07611202806929519,-0.4163607781075228,0.07520860393259522,-0.33204161716737,-0.33690743441942644,-0.27047662854694754,1.0543612882745896,-0.08999373797260038,-0.06086496115675526,-0.2925613295620869,-0.11570118554026973,-0.3591446567559171,-0.2715774332820442,-0.3260014633885843,-0.2178556379071428,0.28341478048940166,-0.2169539839931523,-0.22254392603605844,-0.2275336130780769
TR10037,1.0539973753111478,-0.7246425796699428,-0.7350253009035556,1.1332032666833047,-0.5362053117688771,-0.8652186419055512,-0.489663378825759,-0.6447075951421442,-0.8228597875338969,1.1497074498229265,-0.6385147135072816,-0.6692472701163517,-0.4813265189029197,-0.5554189303800074,-0.522457336415221,-0.20645846654531025,-0.42328185228010734,-0.8843808145918571,-0.653131129120893,-0.20138625247326877,0.6484776780238812,-0.7956939233208677,0.07348663432239019,0.010379523580556832,-0.8519091800420153,-0.45866844207852303,0.0021864400667851633,1.0745831903478966,0.23731900298469066,0.0797780470742391,-0.42019912165061474,-0.6911974376391395,-0.6053992292862616,-0.4422556385163711,-0.5058906048677517,-0.6043486141521816,-0.4066106301425494,-0.5492339668479516,-0.4070681831878564,-0.4998902432547109,-0.538883730899338,-0.6182830387127055,-0.14371368604838172,-0.2609315799244775,-0.07266865479507018,-0.28762786659454836,-0.4263750347924015,0.9779323327879024,-0.5578060177745826,-0.4964848144157144,-0.37029841498738536,3.9973786430909706,-0.3008381059318681,-0.01282220716693564,1.5779650556871738,0.9267440419236496,2.8381488944792865,-0.30915320589500744,-0.21533478458569788,-0.34981078115361536,-0.31098091269091344,1.3200678509286352,-0.09800735574640534,-0.2533871383508061,1.42148578140261,-0.11813209509175561,0.07733040233930989,-0.40752813595288784,-0.2986228821695976,-0.3471906403817906,-0.2959635478862172,0.24563353260061033,0.13463053843882478,-0.6260551665013078,-0.3965099704236764,-0.40657883324101596,-0.2682416903041644,-0.1791508604148871,0.638223035423879,-0.30421298081227416,-0.41983968360651336,-0.33805073994104984,-0.26614787126595435,2.8911528199122314,-0.3356767070596111,0.025781660914679354,-0.42751443652495313,-0.30882156179497267,-0.3487039351094244,0.6862135613811321,-0.20289724909775983,-0.2178556379071428,-0.2436106473728118,-0.2169539839931523,-0.2107205058262203,-0.1954584172817462
TR20001,-0.9339220608244334,-0.17602986664118744,0.31392348553323085,1.187397181920316,-0.6808184242706089,0.20734687992274436,0.4222953047141618,0.1036061386847806,0.8517771824573765,-0.8482906048151371,5.9779217308399435,-0.6692472701163517,-0.05846339677452958,0.5158557651450348,-0.522457336415221,-0.33212311292306845,-0.42328185228010734,0.47543027205712546,0.14783569300429725,-0.20138625247326877,-0.26045562996848676,3.548173786922972,-0.42209485767410093,-0.5679252174777222,0.1329626109549942,0.1260264135211512,-0.6017404468802028,-0.8426859241103781,-0.3057212820674484,-0.08215523706161487,-0.42019912165061474,1.4992878995576127,-0.33938436671747,0.33132891649245577,0.3217739461957832,-0.03788484391968399,-0.4303943814515363,0.2692133507491516,0.04198900613520511,-0.4998902432547109,1.7819676065019392,-0.6182830387127055,-0.18892539737579753,-0.16051819160480235,-0.3230563412976476,0.3781510199002107,-0.4351294629616395,-0.3210897489054196,0.24057275298955766,0.4182476290459496,-0.1342375578854287,-0.6612815074552557,-0.4457419004435901,-0.597688497442559,-0.52243556818587,0.1589808120243379,-0.5552898802535124,0.06614755916191772,-0.21533478458569788,0.23788398267345742,3.511000971027966,-0.40853112952086,-0.5245054115367236,-0.2533871383508061,-0.5115923830297454,-0.4159467604639402,-0.5832305611825049,-0.42564502012010863,-0.45793308377995545,-0.3471906403817906,-0.2959635478862172,-0.3614942974429134,-0.25815989981258475,2.7800780313170543,-0.3965099704236764,-0.40657883324101596,-0.2682416903041644,-0.1791508604148871,-0.49359661021390305,-0.30421298081227416,-0.42861310183909324,0.06956366273409212,-0.2894039883180919,-0.34085563547753595,-0.3356767070596111,-0.1681376956102761,-0.3775791308154102,-0.36124648335375376,-0.38697817476842694,-0.2907534052640902,-0.3260014633885843,-0.2178556379071428,-0.2436106473728118,-0.2169539839931523,-0.237656892145502,0.03105473106539374
TR20005,-0.21889584289133934,2.710415678987204,0.03193152479752056,-0.5298912340900068,-0.5334468636002156,0.2902817131211673,1.3298672801377789,-0.841034799212172,1.64092865451212,-0.5947018704284955,1.9587814936587604,-0.6431491779496677,-0.3051864824305987,-0.051627214309953075,-0.522457336415221,-0.1468002148434628,-0.42328185228010734,0.0593285734634829,0.3590063548991493,-0.20138625247326877,-0.13493166121590705,0.42017414864045877,-0.29991682139797887,-0.5744377192019291,2.0699029351313256,-0.2590956447592103,-0.30356290694860555,-0.48745523182567585,-0.249446940197192,-0.30616625019544863,-0.05418449148010053,0.03077671228867299,0.2756416594107585,0.3981870494716626,-0.06107321228170349,0.6592952606136199,-0.4303943814515363,0.04140693826009469,-0.4070681831878564,-0.4998902432547109,0.30025045554520197,-0.6182830387127055,-0.6670554094664997,0.15516640582311286,-0.1805618589215432,0.15758701260616284,-0.4351294629616395,-0.5617517949377538,0.3624186785418218,0.3725221976294539,-0.213995559268048,-0.24984407119694396,0.07031031454573654,-0.4883646816047578,-0.2666649709924222,-0.45827699946599587,-0.4691514646774173,-0.04925253831242507,-0.21533478458569788,-0.16862758828543736,-0.4421190396802519,-0.04999412403311435,-0.3502379637156795,0.15756174399561157,-0.36918578871105356,0.5220887997187197,-0.4634057013642413,-0.35423772539224796,-0.13793592573050825,-0.3471906403817906,-0.2959635478862172,-0.12114263214403065,-0.25815989981258475,1.7872556140658968,-0.3965099704236764,-0.40657883324101596,-0.2682416903041644,-0.1791508604148871,-0.3654574285558244,-0.30421298081227416,-0.14626661556293488,-0.3159381717841973,-0.2894039883180919,-0.2712550836777439,-0.3356767070596111,-0.1681376956102761,0.20351822273122197,-0.2591408018881234,0.01489713846203122,0.018518182269005944,-0.3260014633885843,-0.2178556379071428,-0.2436106473728118,-0.2169539839931523,-0.237656892145502,0.31217354479760245
TR20007,-0.9468743777039207,-0.7365309972017879,-0.7965401645627276,-0.8083172014043813,-0.7385964421012338,-1.083548357743546,-0.9316704230146328,-0.8546830801063385,-0.8780489825576728,-0.8632754215460605,-0.7008533910033116,-0.6692472701163517,-0.5316497404645717,-0.5667981760077393,-0.522457336415221,-0.9021339470613619,-0.42328185228010734,-0.9568470269020731,-0.7061075362954056,-0.20138625247326877,-0.7874023545691637,-0.8783393234052579,-0.6091337699396552,-0.6735774788290179,-0.9344612561571926,-0.4658092046788216,-0.6428556938874879,-0.9210519934893296,-0.4105183451607895,-0.670651579416452,-0.42019912165061474,-0.8131381745875347,-0.7209955510788915,-0.5430031498905981,-0.5399223117950385,-0.6043486141521816,-0.4303943814515363,-0.5628223312292716,-0.4070681831878564,-0.4998902432547109,-0.5889989995622139,-0.6182830387127055,-0.6670554094664997,8.206487130236487,-0.3230563412976476,-0.2914228123062626,-0.4351294629616395,-0.6756172491223809,-0.5578060177745826,-0.5450750795186082,-0.506503594203403,-0.6612815074552557,-0.4457419004435901,-0.6399560730447453,-0.52243556818587,-0.7803508257257589,-0.5552898802535124,-0.3453066248391186,-0.21533478458569788,-0.34981078115361536,-0.6042643885223655,-0.40853112952086,-0.5245054115367236,-0.2533871383508061,-0.5115923830297454,-0.4159467604639402,-0.5832305611825049,-0.49513062632986604,-0.45793308377995545,-0.3471906403817906,-0.2959635478862172,-0.3648298076218833,-0.25815989981258475,-0.6483503090561807,-0.3965099704236764,-0.40657883324101596,-0.2682416903041644,-0.1791508604148871,-0.49359661021390305,-0.30421298081227416,-0.46306793363597265,-0.3779365121158661,-0.2894039883180919,-0.7098970328771137,-0.3356767070596111,-0.1681376956102761,-0.49501611559149034,-0.36124648335375376,-0.38697817476842694,-0.2907534052640902,-0.3260014633885843,-0.2178556379071428,-0.2436106473728118,-0.2169539839931523,-0.237656892145502,-0.2275336130780769
TR20013,1.3853314418905671,0.6091900557015372,-0.1291990106438867,-0.557140463200613,-0.54502487622303,1.0157699387016124,0.029320179847430267,-0.3664907057071166,-0.37860855845473296,-0.24783679219119828,1.1123251347930516,3.259904585437727,1.6645243347771872,-0.380962090054732,-0.08204305853346895,-0.5470428877204003,1.8945426916263366,-0.2853481515710162,-0.46868973992474633,-0.09912672654047808,-0.64266047941519,0.14044849528784295,-0.37694984498994843,-0.572209758085753,0.7089443037079238,-0.036202498870406385,0.20582232984167945,-0.8268182851122866,-0.4105183451607895,-0.5520458545365315,-0.3362091210292586,-0.03836473797257294,-0.5453298511308652,-0.5394422464713365,-0.2585670645756842,2.116392992961653,0.6001565028360865,-0.06211626741536981,-0.4070681831878564,1.4985976834685255,-0.1081828666006007,0.4549645828494557,-0.4978621438752231,-0.22291407101618915,-0.3230563412976476,0.17125762981439926,-0.13712185149067718,-0.6589710884842719,0.3669356730015907,0.18823281814662188,-0.506503594203403,-0.38564026762610837,-0.43262827050658037,-0.6046112641485123,-0.19913440206452307,-0.4206182734660437,-0.5552898802535124,-0.006926781474838842,-0.1389389675581797,-0.3202208503115749,-0.44760135712423904,-0.40853112952086,-0.39384493017718963,-0.2533871383508061,1.9393386585079861,0.3380242845139614,-0.1942948648476063,-0.09160917008886083,0.16064504609422683,1.630497488170218,-0.2959635478862172,-0.3092740699007303,-0.24442801153691066,-0.4172869837024454,-0.3965099704236764,1.7776033896141474,0.08595475871275769,-0.1791508604148871,0.228298765187617,-0.10888310996336399,-0.37397089022550084,0.10240771226436424,0.026122109200132443,-0.4905851659131001,-0.3356767070596111,-0.1681376956102761,-0.49501611559149034,-0.36124648335375376,0.0784493571798128,-0.1976444575614466,-0.07597219822392927,-0.07085808343083369,-0.2436106473728118,-0.2169539839931523,-0.237656892145502,-0.2275336130780769
TR20014,0.19910542405429008,-0.7365309972017879,-0.7965401645627276,-0.7772955688765699,-0.7204931255900776,0.69514456319017,-0.9190160831935443,-0.45230502560022534,-0.8647166578338779,1.5086724251012396,-0.4627689966381813,0.20580553689397463,1.006068985800889,-0.351229746835987,-0.4027249542230555,-0.8843520006068085,1.5003345094401535,0.5399270031572101,-0.33621932331633714,1.01950007187559,0.007959149894599483,-0.623144396774032,-0.5705900320736715,-0.6735774788290179,-0.7645035606783025,-0.41645962469533876,0.42432304854543484,-0.9003624615159145,-0.4105183451607895,-0.670651579416452,-0.42019912165061474,-0.6338112253315574,-0.7209955510788915,-0.5297149005455491,-0.487267465268099,1.806525298126253,0.9210804673037928,0.7172015934910803,-0.4070681831878564,0.7403983884811338,-0.26909857374973495,-0.1750833082474434,-0.5160413303330564,-0.27029248765651676,-0.3230563412976476,0.5867077969307793,-0.38228551286454765,-0.6756172491223809,0.13579102872975357,-0.4498865039853942,-0.5033772889695531,-0.547025887234876,-0.2402611273087176,-0.6290846060748375,-0.5112547574148545,-0.4382498947508351,-0.5552898802535124,0.05177506032357719,-0.03215284703226554,-0.32503424800525743,-0.3261974197112568,-0.40853112952086,-0.39202685922723096,0.319597086842862,3.7949726776072756,-0.1537730920487517,-0.46193709584000636,1.5397983575866139,-0.30067708778707,0.343025278310983,-0.2959635478862172,-0.23493984305511745,-0.2512647388911824,-0.6483503090561807,-0.3965099704236764,4.1310981422455715,-0.2682416903041644,-0.1791508604148871,-0.49359661021390305,0.015789654267376576,0.32843493599209356,-0.3139893555541574,-0.18402416025893376,-0.7098970328771137,-0.3356767070596111,-0.1681376956102761,0.0009629343614024832,-0.36124648335375376,4.476994247348238,-0.2907534052640902,1.6013227214885546,-0.2178556379071428,2.178293266747451,-0.2169539839931523,-0.237656892145502,-0.2275336130780769
TR20015,0.037939151527596936,1.5680840865712375,0.5575035927411819,-0.5044766308600336,1.5400844938211273,2.1620177087803394,0.9764406146965248,0.6373514093673679,0.8495029530328068,-0.5796025565305737,0.357639592105934,0.1144955499378159,-0.5257316805472849,0.34734864467654497,1.9747105068792672,2.1143773459669024,-0.42328185228010734,0.015156021831447283,-0.5870076357707746,-0.0949189289769917,-0.7408151440965043,0.5747069600239623,-0.22295081582446794,-0.6666139728302815,0.8939437991682666,-0.3342717506377086,-0.4836693225750398,-0.2634614970942892,-0.1488919264722896,-0.5074365712037985,0.16649610621209543,0.49153438370221464,0.45824472595075805,-0.5346480545507699,-0.37465817342075214,-0.08674430588366423,-0.28344589427960754,0.18275109146356674,-0.4070681831878564,-0.284515132005725,-0.5767374886538253,-0.33657350422192966,-0.6670554094664997,0.5136595879993495,-0.2809910530051837,-0.2914228123062626,-0.11588376744264674,-0.47418441685135826,-0.398556868654066,-0.1450055315157396,-0.31203996507405823,-0.5260180540485675,-0.24127098579140144,-0.5732294883665567,-0.46723190680505866,-0.48344036595077766,-0.20133561096268027,-0.3453066248391186,-0.17599541335039445,-0.11211331337196141,-0.6042643885223655,0.39087764586008106,-0.49921283626229773,-0.2533871383508061,-0.5115923830297454,0.04652608541997749,-0.5786022286212794,-0.49513062632986604,-0.2621716590850877,-0.3471906403817906,-0.17864161462761968,-0.22307062501566646,-0.25815989981258475,-0.6145484389155278,-0.3965099704236764,-0.40657883324101596,-0.2682416903041644,0.40066771665700746,-0.49359661021390305,-0.2395288424056576,-0.46306793363597265,-0.3779365121158661,-0.2894039883180919,-0.5060499312829047,-0.3356767070596111,-0.1681376956102761,-0.49501611559149034,-0.1896792100735988,-0.2974334348501983,-0.2907534052640902,-0.3260014633885843,-0.2178556379071428,-0.2436106473728118,-0.2169539839931523,-0.237656892145502,-0.2275336130780769
TR20016,0.690097089782187,0.6576923707005934,0.30832917615311706,-0.2846137882092376,-0.6691603793024757,0.5210471840911247,-0.20621005748359053,0.08961614825423579,-0.11505882172429881,0.546131544806012,1.0177306011935814,3.5634736228769954,-0.1696799942874805,0.7926802991373859,-0.4575689306837152,-0.19018911700952995,-0.42328185228010734,1.9313757287810869,-0.1495671539761707,0.5587406580404595,-0.004228071080926832,0.19332324750772265,-0.4817157623453039,-0.2873554582928803,1.8641085173044123,-0.21087015901732287,-0.21680494065712763,-0.1689216566159363,-0.3699527600201177,-0.4660910594893075,1.134443274089018,-0.12412634730006333,-0.5694425687940828,-0.2748758075505003,-0.33704538716905486,1.5157078581576162,1.6954311530376915,-0.24747162303167303,-0.4070681831878564,1.3040125775353313,0.6301090368546455,-0.08330184912399094,-0.5267623252468348,-0.24463073271926927,-0.3230563412976476,-0.1041485755225213,0.5697783868576828,-0.6756172491223809,0.44151627041510705,0.8429592230544775,-0.3818979998828199,-0.6582803884286402,-0.3996516686871416,-0.6194887627836664,-0.52243556818587,-0.7033284801132492,-0.5552898802535124,-0.11188884156911644,-0.21533478458569788,0.257022512148737,-0.6042643885223655,-0.40853112952086,-0.5245054115367236,-0.2533871383508061,-0.42940702670216413,-0.3957071897937908,-0.5175883445689715,-0.3119605779939786,-0.45793308377995545,-0.1463370554805622,-0.2959635478862172,-0.3648298076218833,-0.25815989981258475,-0.2164659920831057,-0.3419483296211658,0.5193016370278447,-0.22435283479329632,-0.1791508604148871,-0.47822834948948073,-0.25886330598062707,-0.3913899584639726,-0.3517184377677296,-0.1991134720764849,-0.7098970328771137,-0.3356767070596111,-0.1681376956102761,-0.4632789122358421,-0.36124648335375376,-0.03245598958522583,-0.2907534052640902,-0.3260014633885843,-0.10583078405051538,-0.2436106473728118,-0.2169539839931523,-0.237656892145502,-0.21573583991161044
TR20017,-0.5694890321847484,-0.7313096558280826,-0.5079080606224181,-0.6548717452193921,-0.5055635944910787,0.2382239499821048,0.7876565396869114,1.1384985953075184,-0.20485865807179407,-0.12216183926451415,0.9539964343634647,0.6822531371756798,-0.13243257498571118,-0.39768958112749786,0.48860063940928755,-0.4225097114787322,4.379876491775021,0.4855890244874608,-0.6539895703470283,-0.09356841570064726,-0.3418457826552247,0.41219762484553735,0.5934249874024169,-0.6735774788290179,-0.44416970627495883,5.62598919046674,6.3691060249063565,-0.8177180398313115,-0.3709381801839662,-0.17340870586962856,-0.26675924352777125,4.038061874773393,-0.5185560978300804,-0.35773195052551104,-0.1860368460200869,4.870122139849957,0.22517855812068288,1.8912614396748784,1.646420273745608,4.004792593939823,0.03228989633120722,-0.1944611051261365,-0.04150985214173666,-0.23662695740405468,-0.2997029309796299,-0.2914228123062626,0.00035705371687215904,-0.6756172491223809,-0.09381030910166245,0.21894025422270222,-0.36258189968796256,-0.5126106879829183,-0.4457419004435901,-0.637583986316308,-0.4871867251173381,0.13783149885531035,-0.5552898802535124,-0.3453066248391186,-0.20676924832322932,-0.1410895839502655,-0.6042643885223655,-0.34295069937313355,-0.5245054115367236,-0.2533871383508061,-0.16391230827723985,-0.19669818416060897,-0.5832305611825049,-0.08424711511088635,-0.45793308377995545,0.4033617244410064,-0.2959635478862172,-0.3648298076218833,-0.25815989981258475,-0.2991954744712063,-0.36086196811560955,5.671578569241185,-0.0922494931336177,-0.1791508604148871,-0.49359661021390305,-0.30421298081227416,-0.4251207703096197,4.2923106384173115,-0.2894039883180919,-0.7098970328771137,-0.3356767070596111,-0.1681376956102761,-0.43893580963936996,-0.36124648335375376,-0.3238294622012345,-0.2907534052640902,-0.3260014633885843,-0.2178556379071428,-0.2436106473728118,-0.2169539839931523,-0.237656892145502,-0.2275336130780769
TR20020,-0.9299712654709792,0.2520859747872684,-0.45371854163905984,-0.8083172014043813,-0.7385964421012338,-0.7235148883697641,-0.7823180879240763,-0.8223211769552219,0.11648903887929125,-0.759675931335133,-0.5078911825550214,-0.6692472701163517,-0.07889844452741133,4.834357509982151,-0.522457336415221,-0.7551142906413971,-0.42328185228010734,1.1036109455006164,1.1535407475627504,-0.20138625247326877,-0.5656083645718157,-0.34245868937635815,-0.6091337699396552,-0.6322113667691662,0.6610364845736726,-0.4658092046788216,-0.6428556938874879,-0.27805212789834577,-0.4105183451607895,-0.670651579416452,-0.14618793950547443,-0.5348845437687983,1.9050778129974406,-0.1926971047381783,2.3078603919791707,-0.6043486141521816,-0.4303943814515363,0.8723605838155608,-0.4070681831878564,-0.4998902432547109,-0.5504856203966029,-0.6182830387127055,-0.6670554094664997,0.550618347133363,-0.3230563412976476,-0.2914228123062626,-0.4351294629616395,-0.16155808922774864,1.7759995475196435,-0.15454005612828348,1.2322803846088177,-0.46269266677690535,-0.1394060520812559,1.4073697663515559,-0.5045946617050127,-0.7803508257257589,-0.5552898802535124,0.8574105769954801,-0.21533478458569788,4.48055845419789,0.6528679147432359,-0.40853112952086,-0.5245054115367236,-0.2533871383508061,-0.5115923830297454,0.31775783526390483,-0.5832305611825049,-0.1021386978656398,-0.20089514258091168,-0.3471906403817906,-0.2959635478862172,-0.3648298076218833,-0.25815989981258475,-0.233796999675525,-0.38088881347696174,-0.40657883324101596,0.7911634251750268,-0.1791508604148871,-0.49359661021390305,-0.30421298081227416,1.2264326225646556,-0.3779365121158661,2.3429010465206823,-0.7098970328771137,-0.30254477717470646,-0.15613492964781914,1.5586415297301743,0.6289670977355244,3.3404687359452447,-0.2907534052640902,-0.3260014633885843,0.6408691026428351,-0.2436106473728118,0.2692106263806101,0.25501719164565695,-0.2275336130780769
TR20021,-0.9450247028087116,-0.5661733511461918,0.8857241132617968,-0.7802231111117968,0.7292981453531634,-0.6391656676171796,0.06355790173077513,-0.756386311854942,-0.07257891691259347,-0.8429542189961018,-0.6864360627804721,-0.6692472701163517,-0.5293762592676273,-0.5667981760077393,-0.522457336415221,1.3672021089408115,-0.42328185228010734,-0.8922301528691725,0.7449286036567854,-0.20138625247326877,-0.5910300638445126,0.6754857173519254,-0.5699407950198543,4.315711428667229,0.6732958653652321,-0.4658092046788216,-0.6428556938874879,1.6887191721011046,-0.3945988033694191,-0.5638192169327001,-0.4069441740578054,0.07237675200645316,2.8710851027536206,0.11461754547437734,-0.47775355303309797,-0.6043486141521816,-0.4303943814515363,-0.5628223312292716,-0.293045013058128,-0.4998902432547109,-0.5889989995622139,-0.6182830387127055,-0.6510447935409825,0.41500174073853996,-0.3230563412976476,-0.2914228123062626,-0.4351294629616395,0.5814607943278778,-0.5578060177745826,-0.5450750795186082,-0.2869178694449085,2.51482584394291,-0.4457419004435901,1.9574358960432159,-0.52243556818587,-0.7803508257257589,0.4231171792644422,-0.34360196083974265,-0.21533478458569788,-0.34981078115361536,-0.6042643885223655,-0.40853112952086,1.7714240985486576,-0.2533871383508061,-0.5115923830297454,0.6817206857877995,-0.5832305611825049,-0.41361790060163545,-0.4321025408028028,-0.3471906403817906,-0.2959635478862172,-0.3648298076218833,4.550046171522915,0.26019161958358467,-0.3080118375449581,-0.40657883324101596,-0.14243636418649477,-0.1791508604148871,0.8966758929440293,-0.30421298081227416,-0.46306793363597265,-0.3779365121158661,-0.2830247670618914,1.102886771131079,-0.3356767070596111,-0.1681376956102761,-0.44371684954773044,0.1493105089916057,-0.3804968572245897,6.536113033815333,-0.3260014633885843,-0.2178556379071428,-0.2436106473728118,1.2589447224749681,7.3727161579682345,-0.2275336130780769
TR20022,-0.7152585695502036,-0.6887913926795594,-0.10726805566060435,-0.33775899494420003,0.18673753447696012,2.428682443088881,0.18556869244233098,-0.31762121686478584,-0.5746035531282028,-0.481357853469092,0.004924547485352055,0.8417085541180224,0.19140489022914287,-0.05522630714135281,1.9156320288239224,-0.5245802279660213,0.7022607823194358,1.4844840663496408,-0.37760677393802344,0.18944782519411085,-0.7559762400715693,-0.6371593913383374,-0.5923750766988596,-0.25820254198728926,2.23337529264881,-0.3639681091677245,-0.07420071534409187,0.5646008465729481,-0.3578853152328823,2.8790502171540644,-0.2840965133830046,0.5822006277840209,0.062361987301542486,-0.4848475174628546,-0.34144347179775514,0.754161581610754,0.294618337963522,-0.48730625436197245,-0.24859999380311368,0.3974541434904311,-0.5746788315078182,0.03653250005033789,-0.627237768648939,-0.27029248765651676,-0.3230563412976476,0.3689803600888837,0.18249412195692385,-0.5794052983440918,0.9836936248625261,0.7111768734801618,-0.39188480826872885,-0.17082052286298535,-0.40950323777001424,-0.549300794752501,0.348470637542778,-0.6263277154325447,-0.5552898802535124,-0.3191872944600546,0.6508801821363103,-0.34981078115361536,-0.11806075944377468,-0.40853112952086,-0.5245054115367236,-0.2533871383508061,-0.32445861869373244,-0.30109458852031706,0.7608772674752873,0.8773326867872745,1.1567817978095825,-0.3471906403817906,-0.2959635478862172,-0.3648298076218833,-0.25815989981258475,-0.6233283237016557,-0.3965099704236764,0.3140178495494725,3.229960750036242,-0.1791508604148871,-0.49359661021390305,-0.30421298081227416,1.574239030313995,-0.3779365121158661,1.377675799524808,-0.7098970328771137,-0.3356767070596111,-0.1681376956102761,2.1735435633495834,1.6414198222123335,1.2834532248890294,-0.2907534052640902,1.326196317398538,1.222477270234453,-0.2436106473728118,-0.2169539839931523,-0.237656892145502,-0.2275336130780769
TR20023,-0.3270289165293243,-0.719185974368062,-0.13348151983897785,-0.6918859977589096,-0.7024858478933043,0.9412767323501493,-0.8487509403284071,-0.739451589243255,-0.6451384257806563,0.155818880877335,-0.42569645154289243,-0.4289714769212352,-0.3446504363868071,0.2654050713047296,-0.41142461371717215,-0.8116997076578629,0.7939099212586527,2.4739011657341106,1.6333799943002412,-0.20138625247326877,1.890762015957476,-0.7171130511094805,-0.6091337699396552,-0.6300194859949526,-0.40963005151921694,-0.4658092046788216,-0.3950044652506773,-0.827674205477173,0.019910020632301094,-0.670651579416452,-0.25798141067955466,-0.7195728346590479,-0.39280115577894864,1.0252534564733164,1.830439142857445,-0.5782507520445526,-0.4303943814515363,0.9186113499875357,-0.4070681831878564,-0.2348111867126655,-0.5889989995622139,-0.5844809744885481,-0.6483788444462086,-0.23007016836961444,-0.12341579479901513,2.210145915494863,-0.07615823538767574,-0.568267373693958,-0.25303436380851363,-0.5450750795186082,3.062297889967591,-0.5474875978543554,-0.26636487931075403,-0.595968555403813,-0.41367098413661746,-0.48536106888143427,-0.5552898802535124,0.9661132031168246,-0.15972272079205865,-0.34981078115361536,0.6965897381493977,-0.20641580733463724,-0.5245054115367236,1.7859601627650812,-0.11559648684418046,-0.2720926008004084,0.30750094086486573,0.7563789608530096,-0.45793308377995545,-0.3471906403817906,-0.2959635478862172,-0.3648298076218833,-0.25815989981258475,-0.48767246965856403,-0.3965099704236764,-0.40657883324101596,-0.2682416903041644,-0.1791508604148871,-0.49359661021390305,-0.30421298081227416,0.6461519263563956,-0.3779365121158661,-0.001287511801783982,-0.7098970328771137,-0.3356767070596111,-0.1681376956102761,1.0700494017978568,-0.36124648335375376,5.162122471914099,-0.2907534052640902,-0.3260014633885843,1.3909821004929195,-0.2436106473728118,-0.2169539839931523,-0.16619968828444073,-0.2275336130780769
TR20025,0.35946569299536124,-0.23132068434195793,-0.44596494604373693,-0.6517600035985595,-0.40542178853826705,-0.4743496082019891,-0.16404513578918725,-0.6969489530860897,0.3679740038580591,-0.40587968530989327,-0.5769290273234862,-0.59832387119389,0.19805011368919045,-0.46125404720400803,-0.5044792006622464,-0.5487103173946384,-0.42328185228010734,0.02612240175460143,0.2390950510237877,-0.20138625247326877,2.956687381441367,-0.28955701975334613,-0.4617234497138825,-0.18394919822874184,-0.04092812819081247,-0.4658092046788216,-0.4475610584552705,-0.12463871102239633,-0.34424752173534284,-0.3125484432788936,-0.3755539718053794,0.5785271159235009,-0.27410496089273173,0.8869688119818993,-0.3669538897569351,-0.531019938812705,-0.37737447734770785,0.06820621245658706,-0.18348598708820424,-0.4998902432547109,-0.5023492159670983,-0.6025241416484438,-0.5316117662307985,-0.07707870679199613,-0.3155390769586025,0.9002452202099323,-0.4351294629616395,-0.4358625260089478,-0.548408159856897,-0.5450750795186082,0.7219482731022965,-0.2485477298422521,-0.22793940078618663,-0.451679751203335,-0.09923296641689557,-0.2075928956176035,-0.5465881193499864,0.9478466377017105,-0.07288023693696685,-0.34981078115361536,0.7759808039779099,-0.40853112952086,-0.5245054115367236,0.035751352633187586,-0.17986478062895198,-0.4159467604639402,1.2555525615551049,0.26161043256276156,3.699932058742886,-0.3471906403817906,-0.2959635478862172,0.08208523804605831,-0.25815989981258475,0.10915381001628138,-0.2858347261507828,-0.23465698943455038,-0.2682416903041644,-0.1791508604148871,-0.49359661021390305,-0.30421298081227416,0.6215778374233927,-0.24944456201523652,0.4902980822543254,-0.5442473552881819,0.15943629461329836,0.7526428949977302,1.7993805287194675,0.4134074829728373,0.12824033488687894,-0.2907534052640902,4.155447296773759,-0.2178556379071428,-0.009877965316003946,0.0645767469910766,-0.05891054597244237,0.42290056170370954
TR20028,0.36521105188774255,-0.7365309972017879,-0.31418537625415943,-0.6908692171503659,-0.4492101524071319,-0.07874253582940716,-0.9196385872277869,-0.7152655892640121,-0.5422149659251159,2.3718338536263404,-0.32090788881963744,1.6387485854805062,-0.5098392146850222,0.49637449663035793,-0.33555174547283473,-0.9021339470613619,-0.42328185228010734,2.9765257997774475,0.9739912974086897,0.026906297562673286,-0.028218448723641116,-0.7284721952313824,-0.6091337699396552,-0.5240244613950145,2.0449866850925074,-0.2900082364030836,-0.6040933942950487,0.01292705915595527,-0.38081346032862956,-0.6270201062041639,2.422634343725037,-0.302758307825672,-0.08033021315852511,0.43235435203599093,-0.23308718887087018,1.7767062204306598,1.2431168470171763,0.8209512719062333,-0.4070681831878564,0.850006618754027,-0.5600022551103153,0.6346262757644913,-0.5633967432646655,-0.12478178409168901,-0.3230563412976476,-0.2673587806451889,2.8591274741720856,1.9941340019572675,-0.07859054721360807,3.7635004957451814,1.5042813459268964,-0.5117938153484549,-0.4312188277321871,0.12612761028826788,-0.52243556818587,-0.7803508257257589,-0.17090199122236926,-0.3453066248391186,-0.1938935488242094,3.449609211120704,-0.6042643885223655,2.9927711536229475,-0.5245054115367236,1.1554099902550894,-0.5115923830297454,-0.1771036994082333,-0.5832305611825049,-0.46852518012233446,-0.45793308377995545,-0.3471906403817906,-0.04451857073182723,-0.3625772552932283,-0.25815989981258475,-0.595094520150225,-0.3965099704236764,-0.40657883324101596,-0.2682416903041644,-0.1791508604148871,-0.49359661021390305,-0.30421298081227416,-0.46306793363597265,-0.3779365121158661,-0.2894039883180919,-0.49036658265698974,-0.3356767070596111,-0.1681376956102761,-0.49501611559149034,-0.36124648335375376,-0.38697817476842694,-0.2907534052640902,-0.3260014633885843,-0.2178556379071428,-0.2436106473728118,-0.2169539839931523,-0.237656892145502,-0.2275336130780769
TR20029,-0.9176056549052424,3.2073348356685853,3.141849131132947,1.4304396752557356,2.2957819112611846,0.32171112865878954,1.6120269602837871,0.05755072837732954,0.09498053711493681,-0.8264420918411096,0.5455191091966406,-0.3771382805288742,-0.11658391415614497,-0.016536872007064485,0.6526016240897747,0.4506636578599648,2.980114574850758,0.36007303273157854,0.7147596863191136,-0.20138625247326877,-0.7665180707862358,0.5980533210075235,-0.04150790810020412,0.4778815344724125,1.7014520571433625,-0.03660790990835882,-0.2519541835556801,-0.7846645195213253,-0.20082936569630375,1.618890817605462,0.18239700341943887,1.4908090370471154,-0.19291069456191232,0.543298206371713,0.15670069691128413,-0.18071240242853134,-0.4093524987058384,0.8091495258046795,-0.4070681831878564,-0.14256689346382292,0.8562581098474106,0.38032798242132376,-0.5269538159933811,-0.11607697910207469,-0.19187839686669397,-0.1110995501062418,-0.26538348111822824,-0.26850788525886077,0.012201041427745406,-0.19279006214433395,0.048204683261374684,-0.6361182786936334,-0.4457419004435901,-0.26388357984774136,-0.52243556818587,-0.41671212480931513,0.4267466702112497,-0.14998929380161438,0.13009923005893018,0.6033953772614626,-0.08665706076836703,0.3458162460039746,0.18213598857223517,0.47229793137904025,-0.5115923830297454,-0.4159467604639402,-0.5832305611825049,-0.4677299986665676,-0.3277969725879553,-0.3471906403817906,0.1376257950608248,-0.3648298076218833,-0.14614275162336246,-0.6483503090561807,-0.3965099704236764,-0.40657883324101596,-0.2682416903041644,-0.1791508604148871,-0.49359661021390305,-0.30421298081227416,-0.42094700823780984,-0.3779365121158661,-0.2894039883180919,-0.7098970328771137,-0.3356767070596111,-0.1681376956102761,-0.49501611559149034,-0.1955391386011616,-0.38697817476842694,-0.2907534052640902,-0.3260014633885843,-0.2178556379071428,-0.2436106473728118,-0.2169539839931523,-0.228046595747702,-0.2275336130780769
TR20032,-0.9468743777039207,-0.7365309972017879,-0.6187168590692966,-0.0493813488235005,-0.7385964421012338,-0.3756330195177406,-0.2911526782811047,-0.8546830801063385,0.6227521512559413,-0.6372948165519224,-0.7008533910033116,-0.6692472701163517,-0.3512606158206975,-0.5362530295298705,-0.522457336415221,-0.5134203593605849,-0.42328185228010734,-0.6205536087351832,-0.4430482180947741,-0.20138625247326877,1.3684849257068157,-0.0142996553207201,-0.1686117687330308,3.8781200212621747,-0.7395663901944476,-0.4658092046788216,-0.6428556938874879,2.1201617633865624,-0.3575796768932929,-0.6213118092848096,-0.42019912165061474,-0.7233059169821708,-0.3319101245144087,-0.45750672730715924,-0.2277270232296417,-0.6043486141521816,-0.4303943814515363,-0.5628223312292716,-0.4070681831878564,-0.4998902432547109,-0.5889989995622139,-0.6182830387127055,-0.6670554094664997,0.0303890575256896,-0.3230563412976476,-0.2418571860947721,-0.4351294629616395,4.556085288286519,-0.5578060177745826,-0.5450750795186082,-0.057990446904315304,-0.04157706561027727,-0.4457419004435901,3.78142009528317,-0.52243556818587,-0.3471783625331856,4.371777895170663,-0.0673979190830337,0.8298615368744595,-0.34981078115361536,0.73307927744616,-0.40853112952086,-0.5245054115367236,-0.2533871383508061,-0.5115923830297454,-0.4159467604639402,-0.5832305611825049,0.4150870800378895,-0.45793308377995545,-0.3471906403817906,-0.2959635478862172,-0.3648298076218833,-0.25815989981258475,2.5311941477340496,-0.3965099704236764,-0.40657883324101596,-0.2682416903041644,-0.1791508604148871,1.3028567301202532,-0.30421298081227416,0.895023137240283,-0.3779365121158661,-0.2894039883180919,0.043286221864996005,-0.3356767070596111,-0.1681376956102761,-0.49501611559149034,-0.36124648335375376,-0.38697817476842694,-0.2907534052640902,-0.3260014633885843,-0.2178556379071428,-0.2436106473728118,-0.2169539839931523,0.3976215898065602,-0.15816024898984443
TR20034,-0.9468743777039207,0.41181879828009205,1.8901663594005471,-0.7277483901404392,0.5102229387666409,2.4214572533934686,1.066898232172407,-0.658451353700887,1.3392663928231023,-0.8632754215460605,0.6433056711849315,-0.6692472701163517,-0.4304250709096751,-0.49038166479796513,-0.522457336415221,0.5678005924751913,-0.42328185228010734,-0.9391192697043267,1.0022493010580467,-0.20138625247326877,-0.7072168626091266,0.3050932777814438,-0.03478516312357903,0.4059283125139657,2.0633966767248832,-0.44681938310564046,-0.5896634703385999,-0.0385556136528775,-0.37515388141968165,-0.5580448517619642,-0.42019912165061474,0.10952886384987398,3.560447392841465,2.956287955087357,-0.20288853486651318,0.07113591514943958,0.04589168972230551,-0.5424901119327779,-0.4070681831878564,-0.3337259311052764,0.02465637435570279,-0.6182830387127055,0.2740569505952517,0.20732657384589384,-0.3230563412976476,-0.16039528903199354,-0.4351294629616395,-0.014493189341279385,0.2743372865763296,1.0148940072647172,-0.43703014456229733,-0.6612815074552557,-0.4457419004435901,-0.5346884538483204,-0.1437142557371203,0.03616372912134204,-0.5552898802535124,0.039713148707139656,-0.14788803529508718,-0.048215938410406695,-0.1996529552186258,0.10987613578800855,-0.5143456032869542,-0.2533871383508061,-0.5115923830297454,-0.4159467604639402,-0.4898406008004711,-0.47024144676436447,-0.04586817821549624,-0.3471906403817906,-0.2959635478862172,-0.3648298076218833,-0.25815989981258475,0.4911314134682084,-0.3965099704236764,-0.40657883324101596,-0.2682416903041644,-0.1791508604148871,-0.40073561511427436,-0.30421298081227416,-0.4317221286885026,1.6317347527340622,-0.2894039883180919,1.3415614715321977,-0.3356767070596111,0.153320318833496,-0.32434160534934203,0.3063280085130804,-0.38697817476842694,-0.21751315759538914,-0.3260014633885843,-0.2178556379071428,-0.2436106473728118,-0.1148829984803441,0.23321318583989567,-0.04898988270986831
TR20037,-0.06681720338486977,-0.5110608786812965,-0.1704553518580698,-0.6613064437565519,-0.4403692459942272,0.8431508021253137,-0.5376253693390468,-0.32844536894359105,-0.7301718946566844,1.2723870750772404,0.021637680741689362,2.855343413309727,-0.25853412260890707,0.03162659791556972,0.0466109354460598,-0.14519233622901898,1.5085356032026427,1.2488771004899824,-0.267885049822199,8.188705379983375,-0.7874023545691637,-0.5750250524408886,-0.5995083070385434,-0.6735774788290179,0.8430025155036805,-0.11669501767841726,-0.17818760938882586,-0.8273593267443972,-0.27018819027691193,-0.612432236299147,2.742676649323026,-0.29616584329760365,-0.4651253033178777,0.345398827563684,0.28560428146287814,1.9856174350705877,1.8428183391797464,-0.24842784126591405,-0.4070681831878564,0.4812370862611864,-0.13009931993793727,1.044023942005596,-0.4512751808226115,-0.07335061911604676,-0.3071627367359194,-0.2640099751405122,3.223599973828229,-0.1319950794764632,-0.24906944644938322,2.601586620778976,-0.3208358000375483,-0.2740128463166109,-0.3361758876568626,-0.18568354848608376,-0.3794026905320584,-0.7803508257257589,0.1603961389284535,-0.33452119147813797,-0.21533478458569788,-0.2902090280382156,-0.0863836284768963,0.40133832796953445,-0.48466826866262785,-0.19995916451258694,-0.07747033986894718,1.296702594065379,-0.5280243444305807,-0.42650646669718933,-0.45793308377995545,-0.3206390970012499,-0.2959635478862172,-0.3648298076218833,-0.1349819403014316,-0.05724765411684645,-0.2238323671368844,1.026413831102174,-0.2682416903041644,-0.1791508604148871,-0.49359661021390305,-0.30421298081227416,-0.46306793363597265,-0.21849736028220315,-0.2894039883180919,-0.7098970328771137,-0.3356767070596111,-0.07700989966230194,-0.49501611559149034,-0.09743535954459846,-0.38697817476842694,-0.25539278697864254,-0.3260014633885843,-0.2178556379071428,4.572415506329076,-0.2169539839931523,-0.2110391267641402,-0.2275336130780769
TR20041,-0.8693556624804953,1.4784447353568184,0.3306478109161657,-0.5026027091104713,-0.49836068341236933,0.09537080701178455,0.7633107959727037,-0.4182194993464948,2.7075422546354573,-0.8282822248821563,0.24333223703345258,-0.5484611807669953,-0.5290740045420219,-0.5468909985852816,-0.522457336415221,0.32858398528181865,-0.42328185228010734,-0.8597381641498089,2.3168638428678356,-0.20138625247326877,-0.732149561970114,2.091170645233279,-0.009988496293909131,-0.5201097442920978,0.06718873175932338,0.8952477885997671,0.1396833198063639,-0.758367147259428,-0.2121274450080211,-0.5575823740022943,-0.3697832816936811,0.7145066252253426,0.22540877614721103,0.0413497863404999,0.620400838259096,-0.4816570763315201,-0.391616526056449,0.06946439434374634,-0.4070681831878564,0.2776974836563964,3.3858955824518735,-0.6182830387127055,-0.6670554094664997,-0.2292097752383983,-0.03661269340152962,-0.2914228123062626,-0.4351294629616395,-0.33163469873453927,-0.1408999763447525,-0.48748744611937017,1.1753493738225618,0.6761165761688099,-0.43886905062618775,1.2897472301768045,0.7598047704750935,-0.06759739099772397,0.14639667384791044,-0.3453066248391186,-0.21533478458569788,-0.34981078115361536,5.223439054435971,-0.40853112952086,2.992178532433446,-0.2533871383508061,-0.5045853446814974,-0.4159467604639402,3.643149118379558,-0.49513062632986604,-0.45793308377995545,-0.3471906403817906,-0.2959635478862172,-0.3648298076218833,6.499857439534376,0.4804436537702433,-0.01621747341796706,-0.04675975360642159,-0.2682416903041644,-0.1791508604148871,-0.40166229829825445,-0.30421298081227416,-0.46306793363597265,-0.2133005170020968,-0.2894039883180919,-0.11895719998288361,0.014180695415513372,0.06225608563554371,-0.49501611559149034,0.3080145245283302,-0.38697817476842694,-0.2907534052640902,-0.3260014633885843,-0.2178556379071428,-0.2436106473728118,-0.2169539839931523,-0.11411808199958913,-0.2275336130780769
TR20042,0.509924288257796,-0.7365309972017879,-0.5109599119119724,-0.27532277119928505,-0.5691199476537347,-0.5398616132219475,-0.9316704230146328,0.04591752871974643,-0.7791399519697945,-0.278383000672573,-0.7008533910033116,-0.5782780473497098,-0.010645823083113027,-0.33807208767729247,-0.053628812992154384,-0.8292077192373628,-0.42328185228010734,-0.20103451116366156,-0.595991869973067,-0.20138625247326877,1.592486760799093,-0.7034031204473431,-0.6032990137076061,-0.17614682427938036,-0.09931709028849611,-0.4658092046788216,-0.6428556938874879,1.7158587200212991,-0.209640181278949,0.3570004298706664,-0.35502476273261274,-0.8131381745875347,0.5177912339457903,-0.35517852221999185,0.01321318589993726,-0.6043486141521816,-0.4303943814515363,-0.5628223312292716,-0.4070681831878564,-0.4998902432547109,-0.5889989995622139,-0.6182830387127055,0.3643983057872779,-0.22227237879911468,0.16331094172433758,0.0989168214288324,1.0747184635737135,0.35925241049650297,-0.5578060177745826,-0.5450750795186082,1.853075281044697,-0.3154780115660027,-0.2759476371428404,-0.036242084594528885,0.005940514400664087,-0.12854194241541161,0.03960848369246361,0.9106671887674535,-0.21533478458569788,-0.34981078115361536,0.7034802318944587,-0.1192817739394108,0.6907948094981884,-0.2533871383508061,-0.24050513119416336,0.2486261277424916,0.5632385664714216,-0.49513062632986604,2.585503658012871,-0.3471906403817906,-0.2959635478862172,0.6638935135492204,-0.25815989981258475,-0.5173062965265947,-0.3965099704236764,-0.40657883324101596,-0.2682416903041644,-0.1791508604148871,-0.49359661021390305,-0.30421298081227416,-0.16438840904819102,-0.3779365121158661,-0.2894039883180919,-0.7098970328771137,-0.3356767070596111,0.006861148991512449,-0.49501611559149034,6.859128768171434,-0.38697817476842694,0.24138768914736622,-0.3260014633885843,-0.2178556379071428,-0.2436106473728118,-0.2169539839931523,-0.013924714088833794,-0.2275336130780769
TR20044,-0.16732194679084397,-0.711763776892068,-0.5219637065911487,-0.2516568341366622,-0.4314216297875638,0.05411091906047497,0.04554419123987889,4.620518771001897,0.060474246399092366,-0.6043646134862584,0.9495848874363509,0.5470586489434961,-0.16660050048892192,0.8860031181369332,-0.11390844463448074,1.1893469137594008,3.305245787378593,-0.27161180958571424,-0.4306713771289197,-0.20138625247326877,-0.7379399085641345,-0.20969308465931116,0.005580627119246865,-0.6735774788290179,0.343987140041105,3.12107416749258,-0.5518713433769266,-0.7865550414367607,-0.2611771288855702,-0.3343113252839324,-0.05000137113712271,1.0436532879279312,-0.604694288266485,-0.4999770144295704,-0.03804435248975888,0.5954226185188892,-0.306258240726172,-0.4031842133865039,-0.40451469272844826,0.3900050404621763,2.2120194884445707,0.11535265132777697,-0.11073997425024056,-0.16350964713195676,-0.22313726731456876,-0.2550871709997616,0.21966738114684503,-0.41565851644475366,0.1855908926487049,0.6712706354891625,0.019472449445517428,-0.3459153962501386,-0.4044248846808344,-0.6063168733369355,-0.1848336611808665,-0.4013033395004522,-0.32164985433604315,-0.20057176441816857,-0.17793133412613363,0.013226795496202391,-0.49044819719769467,-0.10902225879360086,-0.37948751694001553,-0.2533871383508061,-0.19855458198026013,0.6515629191318797,-0.24823274046496396,-0.3690943655908247,-0.34110560259902634,-0.23926745731245463,-0.2959635478862172,-0.3648298076218833,-0.25815989981258475,-0.6334579041688194,1.2883159313586954,0.8239789885343316,-0.2682416903041644,-0.1791508604148871,-0.46961294840277473,-0.02717773844521179,-0.3958192569891586,5.2916895853981645,-0.14555605405739508,-0.5094744022952996,1.101041494258971,-0.15156900543791718,-0.2734012762356392,-0.36124648335375376,-0.37614235334948243,-0.1665031828648235,-0.13540452616918064,-0.2178556379071428,-0.2436106473728118,-0.2169539839931523,-0.237656892145502,-0.2275336130780769
TR20045,1.8338942522009858,-0.6162504166322303,-0.5178660214771088,-0.7273333275248743,-0.7385964421012338,-0.4772773585116193,-0.7440438164436896,-0.42382253071504994,-0.026974632135689493,0.3329398644471482,-0.6262745123393813,-0.5986868591348969,-0.15004657863294327,-0.3495196087787906,-0.4834154928325692,2.5261610142319597,-0.42328185228010734,-0.42720358218988164,3.084592526285199,-0.20138625247326877,-0.1376306049346132,-0.251101023144759,-0.4900427511387809,-0.11528830747436093,-0.7678299114391522,-0.4658092046788216,-0.2864343418812906,-0.627125191630989,-0.4105183451607895,-0.670651579416452,-0.3314548115631432,-0.8131381745875347,0.4655602397122803,-0.34166445948738,1.3329516326172741,-0.6043486141521816,-0.4303943814515363,-0.5628223312292716,-0.4070681831878564,-0.4998902432547109,-0.48558738478604296,-0.6182830387127055,-0.4464953728373918,0.21547614977053617,-0.3003517925361135,-0.22838485342299686,-0.4351294629616395,-0.6211350083385958,-0.5578060177745826,-0.5450750795186082,-0.506503594203403,-0.6612815074552557,-0.2965734517639874,2.9408557552472874,-0.4685053476673611,-0.7803508257257589,-0.5552898802535124,-0.27837230619063574,-0.21533478458569788,-0.34981078115361536,-0.6042643885223655,-0.40853112952086,-0.5245054115367236,-0.2533871383508061,0.22002100413498607,-0.4159467604639402,-0.5832305611825049,-0.16099537861664742,-0.45793308377995545,-0.3471906403817906,-0.2959635478862172,-0.3648298076218833,-0.25815989981258475,-0.07480742368910233,-0.3965099704236764,-0.22773431955849635,-0.2682416903041644,-0.1791508604148871,-0.42042533900359397,-0.30421298081227416,-0.46306793363597265,-0.3779365121158661,-0.2894039883180919,-0.7098970328771137,-0.3356767070596111,-0.1681376956102761,-0.2508528582894526,-0.36124648335375376,-0.22844228947760128,-0.2907534052640902,-0.10106933714929082,-0.2178556379071428,0.2272053459577407,7.5299082888352205,2.752411159945276,-0.2275336130780769
TR20048,-0.6825752389685633,-0.24058325286900342,0.4598713989019361,-0.646980643540043,-0.24185701666499762,0.9918913731991867,-0.04391158380589433,0.8798797528118316,-0.42579037889186494,-0.7176759169693766,0.19799315687993627,0.3926628394237609,0.4732289485848566,-0.388170029356641,0.08334621598124688,-0.39167417271728616,0.9415296089834548,-0.49734035652494196,0.023914410250687305,-0.20138625247326877,0.19520414183802726,0.4140728705970993,0.09220979322925252,-0.6133593880938304,-0.17990264457021501,0.8318193889346632,1.6749536294695018,-0.7027860528493872,-0.37003180441828737,-0.5639249261349103,-0.011916496367922936,3.4104870512505094,-0.39711950308552685,-0.4528167569500831,-0.3814690961443643,0.37152783554334096,-0.18339119345010146,2.751102941359522,-0.4070681831878564,1.3914032740375404,-0.2624119276708436,0.7289486645448849,0.22714669147704245,-0.250654332315744,0.3542444107922305,-0.1712568753070307,-0.2967777597795136,-0.6756172491223809,0.3645391564965466,0.1494232743011968,-0.2460898118076087,-0.4238912166398942,-0.15804121041279598,-0.5792421190770067,-0.4698042573469096,0.5571058419653797,-0.5402534177595958,-0.26751416204295186,-0.06429643727095358,-0.34981078115361536,0.11227860289112664,-0.40853112952086,0.6980136206230244,-0.2533871383508061,3.8761757388393088,-0.07724977505284827,3.11244848575828,-0.21322554723626483,0.6222075657392705,-0.33072196157613876,-0.2959635478862172,-0.3648298076218833,-0.25059275286918137,-0.28466451351198674,-0.290207779836423,0.014399372183179037,-0.2682416903041644,-0.1791508604148871,-0.26655005505775137,-0.30421298081227416,-0.35305949045755547,1.0242757417224304,0.7943801372442558,-0.6952337394463802,-0.3356767070596111,-0.1681376956102761,0.01339650961858023,-0.36124648335375376,0.15794006884586334,-0.2907534052640902,-0.14110961093010746,-0.1370630888819958,-0.2436106473728118,-0.2169539839931523,-0.237656892145502,-0.2275336130780769
TR20060,-0.6537072216561842,-0.7100106811692105,-0.7779630904648639,-0.7373807900117144,-0.6583186642565961,-0.6456820671612966,-0.8135211026404883,-0.48203878040537407,-0.6901104686392588,-0.50103909863922,-0.4325552202347683,-0.3945617016972082,-0.5316497404645717,0.7786773245892027,-0.4538523177732721,-0.7147624925248351,-0.42328185228010734,0.9585250049104751,2.682512767326058,-0.20138625247326877,-0.04553702070401706,-0.7255112808868108,-0.5257340345941216,-0.6735774788290179,-0.3870568913245194,0.9675399477764673,-0.428213362887698,-0.7636051299887767,0.34615260001122933,-0.6357675426870636,-0.06727144227198703,-0.4811122728591331,-0.6701791073685092,3.094468378015283,1.0070581429687377,-0.44388229634441856,-0.4303943814515363,2.2895011705985295,-0.4070681831878564,-0.22305354325691823,-0.5423573823627558,-0.6182830387127055,-0.4551174302175981,-0.06182898025940663,0.13523191333188664,0.31598330981585765,0.2649999789778838,-0.6756172491223809,6.344048591890691,0.41856097023039934,4.32716128846912,-0.5421779257303433,0.08024906565589127,-0.6399560730447453,0.8130345985193361,0.8709573332073882,-0.5552898802535124,0.054562307147201415,-0.21533478458569788,0.25278442095230735,-0.38439748295079124,0.21876493939437827,-0.5173133367493868,-0.2533871383508061,-0.39390033331506086,-0.34238008725783287,0.25075936379215047,-0.49513062632986604,0.49617986578221507,-0.05646804513916133,-0.2959635478862172,-0.3648298076218833,-0.25815989981258475,-0.6332337174285796,-0.3965099704236764,-0.3921477291147802,-0.2682416903041644,-0.1791508604148871,-0.49359661021390305,-0.30421298081227416,0.6898060704748153,-0.3779365121158661,-0.2894039883180919,-0.6577649262948042,-0.3356767070596111,0.06299765105246515,4.801284934604566,-0.36124648335375376,-0.38697817476842694,-0.2907534052640902,-0.3260014633885843,-0.2178556379071428,-0.2436106473728118,-0.2169539839931523,-0.237656892145502,-0.2275336130780769
TR20064,-0.9111989597374791,2.374553654039507,0.4291455224032614,-0.6999809467583289,-0.5886905238290724,2.2406104041149706,0.4373132145402652,0.19924460774876396,1.2535914746221957,-0.7179028667111057,0.06210277908612205,0.9122763730166407,-0.5314482373141682,0.13950509767950423,-0.522457336415221,0.5620360498871111,-0.42328185228010734,-0.24375199838714715,3.411599836098483,-0.20138625247326877,-0.32848118420987404,1.0925619064218188,-0.45063615628514325,0.21958236636384043,0.046017241382090866,-0.15659114936782742,-0.3590634722741435,-0.10670686699833054,-0.3687407459148495,-0.1914453384967555,0.13341753611039525,0.02279427029986751,0.7765559415231053,0.7566918576186745,0.5433198238029685,-0.5260352866325414,-0.4303943814515363,-0.3760074846238637,-0.1334697159217538,-0.44470977970742914,2.370333946641774,-0.4171902724285192,-0.4689893183245467,-0.1692916585093216,-0.3230563412976476,-0.28045657585920436,-0.4351294629616395,0.24148618218809592,-0.37592170752789117,-0.1757577306181699,-0.4807984178361938,0.14744015876425207,-0.4457419004435901,0.6465175733863955,0.2769159954900032,-0.7803508257257589,0.11763126733780907,-0.3088865996770956,-0.21533478458569788,-0.032471717268919176,1.4539835139086095,-0.40853112952086,0.28287850826994837,-0.2533871383508061,-0.5115923830297454,0.2077438077035843,-0.12747331349491445,-0.4285209263851319,-0.3455855191052162,-0.3471906403817906,-0.2959635478862172,-0.3648298076218833,0.2157947631831282,1.3337898919150388,-0.39204626471304366,-0.40657883324101596,-0.2682416903041644,-0.1791508604148871,-0.18760765787988307,-0.30421298081227416,-0.46306793363597265,-0.35073103754450935,-0.2554574180618821,-0.19159970209687743,-0.3356767070596111,-0.1681376956102761,-0.41435580866906013,-0.36124648335375376,-0.31190081162444455,-0.2907534052640902,-0.3260014633885843,-0.2178556379071428,-0.2436106473728118,-0.2169539839931523,0.15916395759197263,0.17047737332952084
TR20066,-0.4422506883690604,-0.5971181468602665,-0.6480543010078788,-0.6966751817846583,-0.6634727472951393,-0.8103289109097364,-0.5769306631261479,-0.4710990501010292,-0.6770819883325114,-0.5550286020635293,-0.5437360244238408,-0.4495654866355076,-0.2795167332704942,-0.47285762653125807,-0.4916059676539437,-0.7284235056416287,0.004727099525306207,-0.5673503133198076,-0.5950275935272713,-0.14728759255226498,0.44277451344746677,-0.574145750605228,0.187019346217357,-0.6519112334806175,-0.8382690498780275,0.3673012644262077,0.3831743473095025,-0.811271772440875,6.869349524854775,-0.4682845254351706,-0.36957328569252756,-0.4766842018056414,-0.5910156313926751,-0.4903886305884371,-0.41851685069029104,-0.051318728310184435,-0.3477152934031017,-0.333153809547219,-0.08316773952907587,0.11350575628099453,-0.46747439361768583,0.09037967601258713,-0.3199050680134398,-0.2622683680702192,4.536089873744144,-0.249083555868022,-0.3443584736056739,0.8360113108668576,-0.28630955632881067,-0.5224921327250478,-0.173589304717855,0.5634236688143602,-0.21563946977047618,0.31059856036895234,-0.17478621277730014,0.34515951070719625,-0.5552898802535124,-0.30163975793567266,-0.20598392197080684,-0.34981078115361536,-0.3740070558749053,-0.2408440962553105,2.422186553283885,-0.17461167116066525,-0.2616572189183138,-0.330822297897721,0.08044562617859626,-0.08121217255470964,-0.39010059190086754,-0.30609931402731594,0.10954983702059731,-0.27745676825847937,2.195173416162635,-0.5894761259254387,-0.08260739044150446,-0.11947441295835867,-0.2682416903041644,-0.1791508604148871,-0.49359661021390305,-0.30421298081227416,1.7447244341247594,-0.00028191095053732893,-0.16134637919980344,-0.19143576465479475,-0.17910406587733033,-0.1681376956102761,1.0051751410593375,-0.2851817525642682,0.015477178553503055,-0.2745372713219659,-0.2787644083726536,0.025971412536226146,-0.15296335559801613,-0.2169539839931523,-0.224378149273273,-0.2275336130780769
TR20069,-0.846963229531232,1.9269336740493903,-0.12136878067349383,-0.17646664493240707,-0.5829228594764171,0.35884279289106774,0.6252705263794,1.1164382296501578,0.1405203700458003,-0.6743530514063345,2.0246232176943164,-0.17886537765027735,0.08497180228664139,0.7185038737097569,-0.522457336415221,1.3062456441354502,-0.42328185228010734,-0.717609074628418,-0.4098041996525218,-0.20138625247326877,-0.726480940676004,0.43680910377632454,-0.463222977876893,-0.3517408285247209,0.4251166258937805,1.2531151684650537,-0.1523497934637161,-0.7548322586283861,-0.40006867572275984,-0.38835515491393185,0.12550488678693117,0.15903191827298896,0.04578887061143164,-0.0558889323962108,0.8147870161713389,-0.17943909523795493,0.13739176063434988,0.21938934801764465,0.3711571399025551,0.19702914842358757,1.7691528647326085,-0.49993731499395844,0.8213648600453997,-0.22214014103707555,-0.32198424822915966,0.05532727083012858,-0.31406180451847726,-0.34898814259289407,1.274675898519467,0.005532526099213979,-0.4141659360464835,-0.3915004408733458,-0.4457419004435901,-0.3163919770056286,0.5470255367929767,0.8898406485368772,-0.5552898802535124,0.3235518230676888,-0.21533478458569788,-0.08319457344338264,0.31459115535028326,-0.40853112952086,-0.14902028769524728,-0.2533871383508061,0.8698157584744745,0.7497503715330159,0.4553183120390022,-0.49513062632986604,-0.45793308377995545,-0.3471906403817906,-0.2959635478862172,-0.3648298076218833,-0.25815989981258475,0.4327422057347197,-0.3965099704236764,-0.32513095958390303,-0.2682416903041644,-0.1791508604148871,-0.16069714522034245,-0.12340122055849731,-0.46306793363597265,1.3330461852099496,-0.2894039883180919,0.6230236628835726,3.2406147521240363,-0.1119800059659828,-0.16484439110917162,-0.3150530955462345,-0.38697817476842694,0.2693487123330096,-0.3260014633885843,-0.2178556379071428,-0.2436106473728118,-0.2169539839931523,-0.2227075421933687,-0.2275336130780769
TR20075,-0.7469889329294704,-0.7219218661779758,-0.1908355877222876,1.46600243663668,-0.48190603321478437,0.005941923508249491,-0.7754024571686621,0.10934987398007974,-0.32072466243936115,-0.7610642094849893,-0.2579103439254022,-0.6359264587153456,-0.4894873964942636,-0.35072906002836673,0.42467837895426697,-0.6452068546851888,-0.42328185228010734,-0.833613750869696,-0.6337456447197424,-0.20138625247326877,-0.7029375887036509,3.356629546232324,3.4066571027423143,-0.5886894542770633,-0.8244615561537455,-0.32206335006300457,0.6103508626424057,-0.19840030369389328,0.4637074289691542,-0.19289884002714666,-0.30813685559505793,-0.4954687543464624,-0.6039146515095135,-0.432945178844546,-0.451097800535194,-0.5483724507587003,-0.3818084705100552,-0.5628223312292716,-0.3907472721396109,-0.4917143984676019,-0.22973407018267397,0.26295756503554407,1.2884431204782891,-0.25531825646150874,2.043947172460134,-0.13391328760685228,-0.4213101616975101,-0.11535606311330626,0.18975656531715837,-0.5195377729859496,-0.45078836878586626,-0.42708767477475096,-0.3293175681773407,-0.6068686880743666,0.08899432744003012,1.3059210137397872,-0.4617346788295933,-0.22954297343125968,-0.21533478458569788,-0.2684624424420562,-0.403004550385371,0.4480090635347876,-0.226475457430989,-0.2533871383508061,-0.485345458076682,-0.37221531095486576,-0.4407313221340073,-0.18019238426128478,-0.11833355935952183,-0.3468983834375909,2.3298054916791724,-0.3568808970005721,-0.2573710466563226,0.3559559595827735,-0.09262625224368011,-0.40657883324101596,-0.2682416903041644,0.07416069939312772,2.5023701235937295,0.9354023409657677,-0.42920935356363754,-0.2939295404929469,-0.2894039883180919,-0.22078056678760424,-0.3356767070596111,0.21993408085638155,-0.49501611559149034,1.84700326596956,-0.38697817476842694,0.1066205954147607,-0.3260014633885843,0.16032175375367974,-0.2436106473728118,-0.2169539839931523,-0.237656892145502,0.27942243491360963
TR20076,-0.03591006589006283,-0.6775442590809673,-0.7334565501668275,-0.7917146967817857,-0.6652654718302847,-0.8387731066660017,-0.830007732922383,-0.023454532305279406,-0.6189801836948124,-0.3228365257597248,-0.299083417797099,3.377231177471772,-0.3155814166894601,-0.009127357496892767,0.4468649042674271,-0.29122344505639974,0.23175176984766546,1.3653156262108737,-0.6512202154325782,0.6954773369536464,-0.5963649899199023,-0.7174988672210459,-0.532921717073803,-0.6517398518562965,0.021142832233346467,0.5999979863236797,0.9622335909621466,-0.6297429334768827,0.36805316793077103,-0.4003663630150735,0.6424898421067237,0.11477106455894026,-0.6543249371488988,-0.5400849461128617,-0.5195277214421592,3.2964526406747305,1.0781973698904335,2.993000990984762,-0.40486289597291303,5.048160164089014,-0.3704515313798988,0.43769139437348165,0.6197474859674978,-0.07822476739633526,0.6600431925038877,-0.2695454184500519,0.9001588686583952,-0.6756172491223809,0.6863373701345774,3.2903105441996345,0.07067190063638218,-0.5359625904681219,-0.4215416227038786,-0.6399560730447453,-0.16550282889111528,-0.677431361947093,-0.5552898802535124,-0.24594329532099055,0.16043474334669197,0.15202907640008384,-0.6042643885223655,-0.3901961976916534,-0.5245054115367236,-0.2533871383508061,-0.4852668744690381,-0.4159467604639402,-0.2934702409311719,0.49981366414984446,-0.3592219478850327,0.11087828110957411,-0.2959635478862172,-0.3648298076218833,-0.25815989981258475,-0.5664123431183148,-0.3965099704236764,2.592588013599296,-0.2682416903041644,-0.1791508604148871,-0.45136371223508764,-0.30421298081227416,0.3923190493361221,-0.3146389609641707,-0.2894039883180919,-0.7098970328771137,-0.3356767070596111,-0.1681376956102761,-0.18739998779395942,-0.36124648335375376,0.43440062664635026,-0.2907534052640902,-0.3260014633885843,-0.2178556379071428,0.6399487746090977,-0.2169539839931523,-0.237656892145502,-0.2275336130780769
TR20079,-0.5981251225394413,-0.7365309972017879,-0.3041462731199827,1.2993191846061596,-0.33658863607424533,0.20076343266161298,0.5214096189162307,0.5793562658476415,-0.3425615617049693,-0.7473122818915672,-0.5911294613096494,-0.356055348281817,-0.21554824402390618,-0.395706341175236,-0.522457336415221,1.253423854097979,-0.42328185228010734,-0.3784455752887001,-0.3332030195560125,-0.20138625247326877,-0.7522258416070841,0.3362815755442644,-0.3644719276781939,2.7555884221290703,-0.746240012161184,-0.4658092046788216,0.2971300712291628,0.3503021280622238,-0.4105183451607895,1.1857737888494424,-0.42019912165061474,-0.8131381745875347,0.1669406878579297,-0.5430031498905981,-0.5399223117950385,-0.6043486141521816,-0.22691639841476913,-0.5628223312292716,-0.2879826735809097,-0.4998902432547109,0.05465318997930513,-0.6182830387127055,0.03463631887774325,-0.27029248765651676,-0.3230563412976476,-0.03162049840807447,-0.4351294629616395,2.1959954907254082,-0.4143788964700896,-0.5450750795186082,-0.506503594203403,3.069198233131566,-0.4457419004435901,1.1855832404552415,-0.38086714752370626,-0.11414746090138986,-0.5552898802535124,0.5321833070481866,-0.21533478458569788,-0.34981078115361536,1.0990137131213717,-0.40853112952086,4.135771896294985,-0.2533871383508061,-0.4030684208735162,-0.28805847726530714,1.9763708547682586,2.6246379116407637,1.4995718969124732,-0.3471906403817906,-0.2959635478862172,-0.3648298076218833,-0.25815989981258475,0.1273083607361124,-0.15979940276315305,-0.40657883324101596,4.431529124618052,-0.1791508604148871,-0.3220959956103798,-0.30421298081227416,1.7089067412432073,-0.3779365121158661,-0.019426231582463947,0.48220140013450363,-0.3356767070596111,-0.1681376956102761,2.7058326731470523,-0.36124648335375376,1.1278091336774252,-0.2907534052640902,-0.3260014633885843,-0.2178556379071428,-0.2436106473728118,-0.2169539839931523,-0.17646444931148159,-0.2275336130780769
TR20080,-0.9060035662546602,-0.7365309972017879,-0.7965401645627276,-0.17449202751871382,-0.7385964421012338,-1.083548357743546,-0.9316704230146328,-0.46253621113060944,-0.8281755302644708,-0.43005698887697863,-0.7008533910033116,-0.6692472701163517,3.2516069523882485,-0.5667981760077393,-0.522457336415221,-0.9021339470613619,-0.42328185228010734,-0.9568470269020731,-0.7061075362954056,-0.20138625247326877,1.3851025278566726,-0.8783393234052579,0.4453109779828293,0.08586861905131522,-0.9344612561571926,-0.4658092046788216,0.46580629206783813,1.5980678340687764,2.52446866402393,-0.670651579416452,-0.42019912165061474,-0.8131381745875347,-0.7209955510788915,-0.5430031498905981,-0.5399223117950385,-0.6043486141521816,-0.4303943814515363,-0.5628223312292716,-0.4070681831878564,-0.4998902432547109,-0.5889989995622139,-0.6182830387127055,0.6358302217845716,-0.27029248765651676,0.020276909241869923,0.25625560111073453,-0.4351294629616395,-0.3939613534155962,1.02660507223033,-0.5450750795186082,-0.506503594203403,-0.6612815074552557,1.0878044897857047,-0.41931617517426195,-0.52243556818587,-0.45840648505682663,-0.5552898802535124,-0.3453066248391186,8.202596650434534,-0.34981078115361536,-0.17421008049727896,-0.40853112952086,-0.5245054115367236,-0.2533871383508061,0.6214522665159209,-0.4159467604639402,-0.5832305611825049,3.0484828805887423,-0.45793308377995545,-0.3471906403817906,-0.2959635478862172,-0.3648298076218833,-0.25815989981258475,-0.6483503090561807,-0.050150339413175045,-0.40657883324101596,-0.2682416903041644,-0.1791508604148871,-0.49359661021390305,6.975454235958414,6.9826254766105595,-0.3779365121158661,-0.2894039883180919,-0.7098970328771137,-0.3356767070596111,-0.1681376956102761,-0.49501611559149034,-0.36124648335375376,-0.38697817476842694,-0.2907534052640902,-0.3260014633885843,7.984645305828786,-0.2436106473728118,-0.2169539839931523,-0.237656892145502,-0.2275336130780769
TR20081,0.22311330863456463,1.4052435024788033,2.044913702189061,-0.6535676135693036,-0.6505608622503417,-0.08126161434009216,-0.5066557936354759,1.228242574868977,0.5848728805973136,-0.7705081811700943,-0.1208741097868833,0.16405451576101102,-0.4718076852979869,-0.4687610981052746,-0.522457336415221,-0.6424675059346548,-0.42328185228010734,1.7258512183770918,1.4602747330766206,-0.20138625247326877,0.19744976375017023,0.832791021258073,-0.36975378525795977,-0.4506460659290543,0.5091540536065701,0.9501257009189651,-0.4252470879476552,0.0038293129125421045,0.19194751843530336,-0.15486995453200278,0.30766381802752807,-0.14700140493962555,0.7691003732543426,0.4122222200217273,-0.17482020310418292,-0.3527964145255075,-0.053739979957435895,-0.5628223312292716,-0.14389795667905725,-0.4998902432547109,0.7141256543327753,0.05339503322822042,-0.33527655248619875,-0.22281319733873625,0.5367454824835324,-0.2181071049497619,0.43723211262766476,0.486777718389312,-0.347853605843161,0.2775350557148146,0.19452073059480307,0.9226700469707607,-0.26406182075671963,-0.08956745422082052,-0.4500149863467295,-0.4993239317593535,-0.005861598541764092,-0.2639351755418924,-0.07547364024031555,-0.34981078115361536,-0.6042643885223655,-0.40853112952086,0.23825556098346126,-0.2533871383508061,-0.5115923830297454,0.49351686927732674,1.8465772786642787,-0.49513062632986604,0.21855616190594818,-0.3471906403817906,0.685964500450561,-0.3648298076218833,-0.22873859876236385,0.15459508969101957,-0.3028519242823826,-0.40657883324101596,-0.2682416903041644,-0.1791508604148871,-0.49359661021390305,-0.30421298081227416,-0.012024798722682833,-0.25887683256862953,-0.2894039883180919,-0.09848323499388427,-0.3356767070596111,-0.1681376956102761,0.25946213264992074,-0.36124648335375376,-0.38697817476842694,-0.2907534052640902,-0.3260014633885843,-0.2178556379071428,-0.2436106473728118,-0.2169539839931523,-0.237656892145502,-0.2275336130780769
TR20082,-0.7659242764253045,-0.036727059104780475,0.9761842311753689,-0.7995173827560441,-0.09132151060966028,-0.49659348650863416,1.139954916566101,0.2964458954276539,4.270521005064947,-0.8246939654521154,-0.4634565104450042,0.31841328569492927,-0.5316497404645717,1.028253442122691,-0.50881379838918,1.1391096397169986,-0.42328185228010734,-0.4735453812199848,-0.7061075362954056,-0.20138625247326877,-0.7874023545691637,0.5300779056303289,-0.39087702695086946,-0.42718482356802634,3.475254750922797,-0.04638384425534824,-0.6428556938874879,-0.06038220771687167,-0.4105183451607895,-0.32798198680159263,0.47553462134964053,-0.06050509324003119,2.3090743760994488,-0.5430031498905981,-0.5399223117950385,-0.5479874974220145,-0.37908226976712783,-0.5628223312292716,2.8798900899645696,-0.2352524227805412,4.656741343421873,-0.6182830387127055,-0.3069110530692293,0.2126304948528095,-0.3230563412976476,-0.2914228123062626,0.47399542125376976,-0.6756172491223809,-0.5578060177745826,1.224698311767033,-0.506503594203403,-0.6612815074552557,-0.4457419004435901,-0.6399560730447453,-0.52243556818587,-0.7803508257257589,-0.5552898802535124,-0.3453066248391186,-0.21533478458569788,-0.10003187692965064,-0.6042643885223655,-0.40853112952086,-0.5245054115367236,-0.2533871383508061,-0.5115923830297454,-0.4159467604639402,-0.5832305611825049,-0.48193061416413674,-0.45793308377995545,-0.3471906403817906,-0.2959635478862172,-0.3648298076218833,-0.25815989981258475,1.4948017238032167,-0.37932959864709004,-0.40657883324101596,-0.2682416903041644,-0.1791508604148871,0.19062588248046589,-0.30421298081227416,-0.46306793363597265,-0.2401941809766472,-0.2894039883180919,-0.35395241557281215,0.9376877300645327,-0.1681376956102761,-0.49501611559149034,-0.36124648335375376,-0.38697817476842694,-0.2907534052640902,-0.3260014633885843,-0.2178556379071428,-0.2436106473728118,-0.07486480628637847,-0.237656892145502,8.064416556400424
TR20083,0.17048425969192335,-0.587726562630673,2.300281979444552,-0.3876303645989968,-0.5703631167510231,0.4739956504891397,0.20490522400599265,2.262657643168833,1.8388909650575866,-0.5807700187155044,0.428518991714103,0.5169602815085722,-0.5012840917994106,-0.5482695129127553,0.7454777787991017,-0.10993810883084212,-0.42328185228010734,0.9687371541998395,-0.5225128288565429,-0.20138625247326877,-0.6658911232894971,-0.09017981475114968,0.26589955394309084,-0.48508475233213183,-0.10350117929585431,1.7319701014974636,1.953214751946526,-0.43778810980542704,-0.015043412238324507,-0.17170414498398798,0.0999441735265264,3.4128500129337627,0.500961350659072,-0.5081410369029992,-0.47989914640230774,0.1703946524241438,0.05855128857451992,-0.43967148811412265,1.3015651374007045,1.6915476204442979,2.226180070673695,0.5465407143238625,0.09940246838818824,-0.1606800980955041,-0.3230563412976476,-0.2234883269531652,0.008701531322293801,-0.6264074832531558,-0.40312405194116563,-0.20509989439057608,-0.3334402687581488,-0.34911185438499537,-0.23364255840422132,-0.514830289725964,-0.4992971477178344,-0.575159326122581,-0.29696480721334645,-0.2523580025034764,0.08783771425647331,-0.34981078115361536,-0.46514203862208314,-0.40853112952086,-0.3934438851146987,-0.2533871383508061,-0.5115923830297454,-0.32966651896170984,-0.41596529261168086,-0.49513062632986604,-0.45793308377995545,-0.3471906403817906,1.1818989855163433,-0.3648298076218833,-0.25815989981258475,-0.07959769954688029,0.06403495126742972,-0.40657883324101596,-0.2682416903041644,0.06229788023821026,-0.49359661021390305,-0.30421298081227416,-0.3625356339369197,0.34338533516289593,-0.2894039883180919,-0.6465625344191506,-0.3356767070596111,-0.1681376956102761,-0.49501611559149034,-0.36124648335375376,-0.3059743150376673,-0.2907534052640902,-0.3260014633885843,-0.16745380466113097,-0.2436106473728118,-0.2169539839931523,-0.237656892145502,-0.2275336130780769
TR20084,-0.8219518590053256,1.5363727858008485,2.6012612335799714,-0.6801979327442745,1.5615224913872414,0.7142691262814294,0.6664044257670888,0.7016028524869609,0.7584754624750172,-0.8579308573579538,0.6648518628094702,-0.6692472701163517,-0.17994789395152233,-0.31294671333126045,-0.522457336415221,0.6844134777642285,-0.42328185228010734,-0.910625370804786,-0.3426047149025215,-0.20138625247326877,-0.5353659236802478,0.7208774315009786,-0.5024243300490012,-0.1975514871485535,0.29827596763571684,-0.1108534131770117,-0.6428556938874879,0.03739763496024106,-0.4105183451607895,-0.670651579416452,-0.22401245753296362,0.21828467174213242,1.3771516849220005,-0.1511821819477641,-0.3441770035635099,-0.6043486141521816,-0.4303943814515363,-0.5628223312292716,-0.4070681831878564,-0.43393842863869825,0.788572441822102,-0.6182830387127055,-0.2827285073625301,0.3826187472422651,0.018583983193852367,-0.2914228123062626,-0.4351294629616395,-0.24913261158909614,0.7344057195106173,0.8378114750242308,0.6499812228580014,-0.6612815074552557,-0.4457419004435901,-0.10348465188434133,-0.4480029497842916,-0.5674333525363443,4.517182967263261,-0.17777289329855256,-0.21533478458569788,-0.34981078115361536,-0.6042643885223655,-0.40853112952086,-0.5245054115367236,-0.2533871383508061,-0.5115923830297454,-0.4159467604639402,-0.2843025822041293,-0.49513062632986604,-0.0726821174988857,-0.3471906403817906,-0.2959635478862172,-0.3648298076218833,-0.25815989981258475,1.8605784038431172,0.251111722204037,-0.40657883324101596,-0.2682416903041644,-0.1791508604148871,-0.49359661021390305,-0.30421298081227416,0.48720825235645254,2.4535375648336806,-0.2894039883180919,-0.23593567254458592,-0.3356767070596111,-0.1681376956102761,0.647142732065987,-0.36124648335375376,-0.38697817476842694,-0.2907534052640902,-0.3260014633885843,-0.2178556379071428,-0.2436106473728118,-0.2169539839931523,-0.22899384718476112,0.5347336198441729
TR20086,-0.6614928488842494,-0.5682869319202861,-0.5900601106975133,2.4946454856132645,-0.25979493299582784,3.41505333557248,0.13848209822719684,-0.46698848538400844,-0.32008321311448246,-0.7381075275017982,-0.24174558477688796,-0.1589973438180189,3.2111354826800222,-0.4971767000442393,0.3555424156108262,-0.2216916276406711,0.655679336205859,-0.5711681887404066,-0.5775647822832866,0.32355044515508885,-0.647877877614804,0.08498069989953559,-0.355663246877046,-0.4006567521401974,-0.37065526241567526,-0.4658092046788216,0.31038909718296326,-0.13542705617630782,-0.35334816677794356,1.4709772164127448,-0.42019912165061474,-0.10413052868631419,-0.3850281306271079,-0.5430031498905981,-0.4570917179545165,-0.5278416061354522,-0.04994836742991624,-0.5628223312292716,-0.4070681831878564,-0.3491691934809267,-0.4777091645451217,1.1338034565508521,-0.48451499015166755,-0.269575352100843,-0.2760510163170528,0.07022615058366578,-0.2508765208438264,-0.5846134747840839,-0.4646806486623486,-0.5450750795186082,-0.506503594203403,-0.38381118324894037,-0.33696052590240116,-0.5313345668727655,0.3228999450277448,0.1829788081916427,-0.4950764000117563,-0.25548456633171573,0.059712072797621286,-0.34981078115361536,0.3697151053107725,-0.40853112952086,0.02516695111329852,-0.2533871383508061,0.07836095408891135,-0.2316134594601097,0.8698878502514569,2.0792030715939065,0.7795946812396541,-0.32003266384203555,-0.2959635478862172,-0.3648298076218833,-0.25815989981258475,-0.6483503090561807,-0.3965099704236764,0.5040717633005258,5.946673861398861,-0.1791508604148871,-0.40703889578154495,-0.30421298081227416,0.4538607451908696,-0.3661396778700247,0.19960538176916723,-0.515758670908471,-0.3356767070596111,-0.1681376956102761,0.7690018198203705,1.8448593896789884,1.710808270253561,-0.2907534052640902,1.7475874862996554,1.6296661067275116,-0.2436106473728118,-0.2169539839931523,-0.237656892145502,-0.2275336130780769
TR20087,0.8101169940782104,0.053143761458327624,0.2656528450479302,0.052665110802068614,-0.4939055495229454,1.3325033538777884,-0.31181203091753207,3.5864403870981776,-0.13110119311731835,0.7305803470637265,1.5483684897382028,1.475026208252041,-0.520229768440614,0.49446603457793536,-0.004359755897159275,0.24387855783052326,-0.42328185228010734,1.4834895498502192,-0.6608747393593873,-0.20138625247326877,-0.7759475841051681,0.34497589675605184,-0.4545399558603548,-0.5357235122763113,-0.19651347792942706,0.28269013802808907,0.5120177332390315,-0.7160671879711067,-0.27184285301193023,-0.2101426536376966,-0.18969071110443467,-0.07698625456020179,-0.5889474931690922,-0.5008628977192403,-0.5257659768964095,0.47517898909561496,0.9400855334024759,1.2477014043929135,0.29998975370695063,2.568880653758135,0.575929649174846,-0.3205066156840993,-0.467305691890627,-0.261368134074799,-0.3092396542882059,-0.2379520823072461,-0.1181715560729763,-0.66282899695834,0.03540082686139135,-0.43236177916938046,-0.3516026134500378,-0.6612815074552557,-0.2744582775101052,-0.4990713207959525,-0.5166796154882629,-0.7420662527034579,-0.34002274329037907,-0.1726831382293257,-0.17891755791754793,-0.25601664521815193,-0.5976883419124956,-0.39965104498289006,-0.46036493787567956,4.904587178911881,-0.4915928548843722,-0.41239878791618495,-0.3900199283501961,-0.24044725907201572,-0.3948427474220538,-0.3471906403817906,0.08379236872803573,-0.3648298076218833,-0.25815989981258475,-0.34337398801724656,-0.3965099704236764,-0.40657883324101596,-0.2682416903041644,0.17002594214503916,-0.4741729636744392,-0.14178622386862452,-0.14471210213823021,-0.25355006820652054,0.08882775110860872,-0.6641949170787159,-0.3356767070596111,-0.1681376956102761,-0.40175712242405615,-0.36124648335375376,-0.38697817476842694,-0.2907534052640902,-0.3260014633885843,-0.2178556379071428,-0.2436106473728118,-0.2169539839931523,-0.237656892145502,-0.2275336130780769
TR20091,-0.37429608976704526,1.3329529686775965,0.4188810240482904,-0.1919492172905199,-0.5756079031142611,-0.07100650638531336,2.563271484359739,1.2311772567696373,0.7817333714890409,-0.7538018177496585,0.31633556322341383,1.1100751691967794,0.8247555749671203,-0.5013187454527337,-0.522457336415221,-0.02528032222738214,2.7362278425868323,0.438713256867064,-0.5733666519034195,-0.20138625247326877,-0.7874023545691637,1.931379967771233,4.488822178549723,-0.6573683852024252,-0.4976842046790702,3.7579749081158567,2.2866976545103617,-0.8529807093458514,-0.4078940711415566,-0.5615200417846268,0.037953353986011566,0.9344407731557163,-0.11938674674429074,-0.5323378098933954,-0.4048110140435602,1.2726641143315387,-0.06752766187568916,1.6306919708441945,0.3028110928159471,1.2831966171567233,-0.25366662444594523,-0.4035103178108458,-0.2923875990454609,-0.25696105635145644,-0.30603458651352355,-0.271676977217009,-0.13278431004126623,-0.6756172491223809,-0.012040162173013973,-0.17318385660304653,-0.45838082435378713,-0.6043135202518087,-0.2710799739529254,-0.637648484142761,-0.52243556818587,4.607976227379147,-0.5552898802535124,-0.3019548380113867,-0.13855543608374082,-0.34981078115361536,-0.5023561734912428,-0.40853112952086,-0.3317631545035989,-0.2533871383508061,-0.5115923830297454,-0.3027341818946585,0.23006537685974832,-0.42683116579162744,0.6640565418824578,-0.33172294161002264,-0.2959635478862172,-0.3648298076218833,-0.25815989981258475,-0.02387585649828624,0.11941246029487322,1.3379606011779759,-0.2682416903041644,-0.1791508604148871,-0.49359661021390305,-0.30421298081227416,-0.38951602447254774,1.4514562593471727,-0.25168947144077464,0.2399565065502498,-0.09550055598918485,-0.1681376956102761,-0.33578451467956216,-0.36124648335375376,-0.38697817476842694,-0.2907534052640902,-0.3260014633885843,-0.2178556379071428,-0.2262865420493675,-0.2169539839931523,-0.237656892145502,-0.2275336130780769
TR20092,-0.6896398259519411,-0.7365309972017879,-0.7965401645627276,-0.8083172014043813,-0.7385964421012338,-0.0012257967154360833,-0.9316704230146328,-0.6662101702327697,-0.8780489825576728,-0.8632754215460605,-0.7008533910033116,-0.6692472701163517,0.5920676217869854,1.1133311848616874,-0.522457336415221,-0.9021339470613619,-0.42328185228010734,-0.2444194591250142,1.0287904222551332,-0.20138625247326877,4.846550314899055,-0.6389808022836345,-0.6091337699396552,-0.6735774788290179,-0.9344612561571926,-0.4658092046788216,-0.6428556938874879,-0.7925052498711974,-0.4105183451607895,-0.670651579416452,-0.42019912165061474,-0.8131381745875347,-0.7209955510788915,-0.5430031498905981,-0.5399223117950385,-0.6043486141521816,-0.4303943814515363,-0.5628223312292716,-0.4070681831878564,-0.4998902432547109,0.43769108779684435,-0.6182830387127055,-0.6670554094664997,-0.27029248765651676,-0.3230563412976476,7.928313933287301,-0.4351294629616395,-0.6756172491223809,-0.5578060177745826,-0.5450750795186082,-0.506503594203403,-0.6612815074552557,-0.4457419004435901,-0.4996088026830607,-0.52243556818587,2.7648567465620033,-0.5552898802535124,7.882557129760255,-0.21533478458569788,-0.34981078115361536,2.679657432040509,-0.40853112952086,-0.5245054115367236,-0.2533871383508061,-0.5115923830297454,-0.4159467604639402,1.7810908232427094,5.951637363496358,3.1185263092444537,-0.3471906403817906,-0.2959635478862172,6.706971591562259,-0.25815989981258475,-0.6483503090561807,-0.3965099704236764,-0.40657883324101596,-0.2682416903041644,-0.1791508604148871,-0.49359661021390305,-0.30421298081227416,-0.46306793363597265,-0.3779365121158661,-0.2894039883180919,-0.7098970328771137,-0.3356767070596111,-0.1681376956102761,-0.49501611559149034,-0.36124648335375376,-0.38697817476842694,-0.2907534052640902,-0.3260014633885843,-0.2178556379071428,-0.2436106473728118,-0.2169539839931523,-0.237656892145502,-0.2275336130780769
TR20093,-0.59600907608887,-0.3898506261374962,0.634277712848126,-0.6196135268226491,-0.4239679506935216,-0.2224577208756271,-0.5724077822523538,-0.5013805451924312,1.3290185493026714,-0.4141970866554242,-0.41440158185937354,-0.5836413793760167,-0.3038416679268185,0.42134625338716697,-0.3911747309627324,-0.0823659681461193,-0.42328185228010734,-0.11856973700019854,2.520549602838919,-0.20138625247326877,0.4113148195567935,-0.23559659894045692,-0.27082262413465336,-0.648348299711834,0.20043104619864516,0.13193251523314012,-0.5050354232709873,-0.6822639563926068,0.5866109288698931,-0.26496608863399673,-0.2857764813922327,-0.16417755499016481,1.1594789697690113,4.527966502785879,0.9711328162707606,-0.5578778369953292,-0.2643624890791161,1.8147136536601085,-0.4063449918339681,-0.40499853359861393,-0.5635397409038417,-0.6182830387127055,-0.21046686291584574,0.2541090728790836,0.1161248324223899,-0.21197130012704823,0.0016926991022090804,-0.344437239448484,-0.3664234719555439,-0.4934633101370913,4.750663993897409,-0.3217111049289733,1.5986621089828086,-0.495545439616523,-0.057043870648815276,0.3469291471152168,-0.20111017674238169,-0.09294364214477217,0.2670382298371591,-0.2401190090107303,0.7034939035090324,0.10116848007601856,-0.31117617462906627,-0.2533871383508061,-0.5090122212454372,0.5816786113730638,-0.22068526108613196,-0.3253991445964379,-0.09567173781357657,-0.25712435660305494,-0.16225338572631046,0.6538653238553047,0.07274939084759557,0.0031638095183974175,-0.14061380819373168,-0.40657883324101596,-0.2682416903041644,0.29188380173639017,-0.3051312707868235,-0.29521900266713214,0.07400580724727565,-0.2831980591195273,-0.2894039883180919,0.0540332319570863,-0.3356767070596111,0.14520547441404144,-0.37493735501019,-0.3566442955833264,-0.38697817476842694,-0.18782031428000434,0.16806411093039444,-0.2178556379071428,-0.2436106473728118,-0.19305302466400145,-0.237656892145502,0.2601076778025369
TR20094,0.5553842682707751,-0.43177693488609364,-0.5464281038561587,2.200373459153182,-0.2805019684746953,-0.8090550042864622,-0.36473460045369077,0.266264903141069,-0.5134141981516138,-0.19200102194903876,-0.06264005341134948,-0.5841303019088016,-0.07112743172706577,-0.4672622888954505,-0.3628214135019169,-0.5735311991168683,-0.38129915033241246,-0.5836430299311401,-0.6459990112626596,-0.19948883712633858,2.544435271325366,-0.225969141086744,0.46431058621583315,-0.2242238799442319,-0.7688131723558815,-0.3012676065934899,-0.18679649756067945,-0.056399991362283346,0.9707140077090156,-0.12354038972693474,-0.33746909703617967,-0.30770265622172316,-0.6478357449800949,-0.5214119159874663,-0.47831858473886857,-0.4821111238568419,-0.31821278766211203,-0.5022282915436814,-0.05460614519464619,-0.45994540158054975,0.32131578448108866,-0.23093242878788872,0.35260048628577845,-0.2605018071978503,-0.2159661559009048,-0.27319165075942037,-0.4225003407537509,-0.5572651902679115,-0.44377700207908505,-0.5402854356991613,-0.4922119131343755,-0.41604213610874596,-0.07575590699641278,-0.49299419225904956,-0.4870593810311079,1.2481272783656485,-0.01963562940200857,-0.09856660964982272,-0.20340878207100285,-0.2869681347703576,-0.3774796459765829,-0.07091548825202094,-0.25896010749275156,-0.2533871383508061,-0.3249694121434178,-0.206912044525359,-0.40018890902558085,-0.10376219333783043,-0.45461138959000014,-0.20370709362695888,6.693330237320405,3.180059442127802,0.05659250953600459,0.0958764647065664,-0.26565558538744316,-0.3577473849614654,-0.25240506956765857,0.18676431786362688,0.4520698164162351,1.4622664733836852,0.06536015724138382,-0.21589893864214998,-0.2894039883180919,0.2257850254457645,-0.3246479007288759,-0.16549984148436986,-0.4519867564162459,-0.29127036122949196,0.0752129015969628,-0.2907534052640902,-0.3260014633885843,-0.1713110878177135,-0.2436106473728118,-0.2169539839931523,-0.237656892145502,-0.09489059393565188
TR20095,0.23221471949385852,-0.35055396097318503,-0.4177139090693832,-0.03008707717925332,1.4161997587570145,-0.9199423499830446,0.6774635990004306,0.9656639218634953,-0.3758401982105195,-0.8395458836856298,-0.6115707200303656,-0.6427417425056803,6.138971877540343,-0.3629308625543318,-0.03456702780744642,-0.4843118013331713,-0.42328185228010734,-0.8751631818019144,-0.6889563509759769,-0.20138625247326877,-0.2294093823550959,-0.5273274140901538,-0.4730830038426097,0.4606080707579302,-0.6562402576129092,-0.45685330629496324,-0.49804348948374355,0.521509941896345,1.7064539962457075,-0.43786670249916604,-0.3585106963517609,-0.5852215846683556,-0.4838039061001689,-0.39919476253417996,-0.39079211928957797,-0.6043486141521816,-0.4303943814515363,-0.5628223312292716,-0.4070681831878564,-0.4998902432547109,-0.5305639898751646,-0.6182830387127055,-0.394556616452734,-0.2437084590968425,-0.3230563412976476,-0.27603372911536317,-0.4351294629616395,0.7760351226450013,-0.13465146734207228,-0.5450750795186082,-0.42154749007085096,-0.6612815074552557,-0.4457419004435901,-0.27056985452336696,-0.3680818012661896,0.01633085279242732,-0.49167234328524745,0.07681988685469328,-0.0862307849281492,-0.34981078115361536,-0.4306895698967775,1.9212984289832304,-0.5245054115367236,-0.2533871383508061,-0.5115923830297454,-0.4159467604639402,-0.5832305611825049,0.9814749514442027,-0.45793308377995545,-0.3471906403817906,-0.2959635478862172,-0.3648298076218833,0.0613548452571426,-0.3312038506899405,-0.3965099704236764,-0.40657883324101596,1.5055725483463158,-0.1791508604148871,3.36258902059608,-0.30421298081227416,0.07943595688151807,-0.3779365121158661,6.885379764929711,-0.6054324517277269,0.23762400827025754,-0.12324120651151832,-0.49501611559149034,-0.36124648335375376,-0.38697817476842694,-0.2907534052640902,-0.3260014633885843,-0.2178556379071428,-0.2436106473728118,0.23204260911875269,-0.22300032900118696,-0.2275336130780769
TR20102,-0.9209341511940141,1.9129430594819112,0.3923700381784684,0.6807776477421508,0.5539686187180022,-0.6879093578866715,3.8532943758211737,1.7145052954157096,1.839639834125866,-0.8149514832959072,0.10810072663784377,-0.6692472701163517,-0.5064925101870154,-0.42957747858943907,-0.522457336415221,0.43523993337326267,-0.42328185228010734,-0.27898725073914415,-0.5908941402260857,-0.20138625247326877,-0.7874023545691637,2.7273275783983353,-0.01383365510296942,0.12651312427191955,-0.5260314077039221,-0.37912495365480986,-0.6428556938874879,0.00022695026733397087,-0.4105183451607895,-0.6011742062637535,-0.33000163923516096,0.8949852700916451,2.328313196910701,-0.4364887120032257,-0.3711076363507076,-0.6043486141521816,-0.40198862313586226,-0.5628223312292716,1.2396653144808545,-0.4998902432547109,-0.5889989995622139,-0.6182830387127055,2.8302544917772234,-0.1709895574667856,-0.3230563412976476,-0.20537283138592527,-0.4351294629616395,-0.5773406028829701,-0.5578060177745826,-0.5450750795186082,-0.506503594203403,-0.6612815074552557,-0.4457419004435901,-0.5043386432896126,-0.4944835412583311,-0.5427663474830807,-0.5552898802535124,-0.1812791690129088,-0.21533478458569788,-0.34981078115361536,-0.10350048992296096,-0.40853112952086,-0.5245054115367236,-0.2533871383508061,-0.4881613706839218,-0.3598511641975368,-0.5832305611825049,0.4060816500513303,-0.45793308377995545,-0.32551978796938447,-0.2959635478862172,-0.3648298076218833,-0.25815989981258475,1.3449214498538868,-0.07695795624396928,-0.40657883324101596,-0.2682416903041644,-0.1791508604148871,0.8299914040215809,-0.30421298081227416,0.0602068387649655,-0.275220904684564,-0.16986369109681837,2.129499463995847,-0.06786027382329822,-0.1681376956102761,-0.00976210110870346,-0.2868396835623103,0.15130743649555511,-0.2907534052640902,-0.3260014633885843,-0.050215774174698066,-0.2436106473728118,-0.2169539839931523,-0.237656892145502,0.09491837122692572
TR20103,-0.9309908255621934,-0.10483976089112529,-0.24460587159496852,0.7333800802875282,-0.6014049957554164,0.3193165673368455,-0.5668538790718454,-0.8546830801063385,-0.005542858759478529,-0.504651893176475,-0.5268755667803272,-0.6692472701163517,-0.5316497404645717,-0.5252151612709706,-0.522457336415221,-0.8458105547079908,-0.42328185228010734,-0.9568470269020731,-0.7061075362954056,-0.20138625247326877,-0.7874023545691637,-0.7216531197711569,0.47834248383059574,0.8082962860782618,-0.8465117052225232,-0.4658092046788216,-0.6428556938874879,4.879490330895225,-0.4105183451607895,-0.5449236970376147,-0.42019912165061474,-0.8131381745875347,-0.35435152505789136,0.7727767189173874,-0.3369766670967314,-0.6043486141521816,-0.4303943814515363,-0.5628223312292716,-0.4070681831878564,-0.4998902432547109,-0.41665694732361386,-0.6182830387127055,0.18419059193037285,-0.27029248765651676,-0.3230563412976476,-0.2914228123062626,-0.4351294629616395,3.621535537543311,-0.5578060177745826,-0.5450750795186082,-0.506503594203403,-0.6612815074552557,-0.4457419004435901,0.871514657755036,-0.52243556818587,-0.5438885559369474,-0.5552898802535124,-0.3453066248391186,-0.21533478458569788,-0.34981078115361536,-0.6042643885223655,-0.40853112952086,-0.5245054115367236,-0.2533871383508061,-0.5115923830297454,-0.4159467604639402,-0.5832305611825049,-0.49513062632986604,-0.45793308377995545,-0.3471906403817906,-0.2959635478862172,-0.3648298076218833,-0.25815989981258475,-0.6483503090561807,4.347412027703991,-0.40657883324101596,-0.2682416903041644,-0.1791508604148871,-0.49359661021390305,-0.30421298081227416,-0.46306793363597265,-0.3779365121158661,-0.2894039883180919,1.437246291894487,-0.3356767070596111,-0.1681376956102761,-0.49501611559149034,-0.36124648335375376,-0.38697817476842694,-0.2907534052640902,-0.3260014633885843,-0.2178556379071428,-0.2436106473728118,0.8686009678136549,-0.237656892145502,-0.2275336130780769
TR20104,0.15273266220289294,0.18909974988746134,0.11660349344109584,0.9125225787604196,2.2216933014545486,-0.44277651898505027,2.3050295764043964,0.9717996180975812,0.08274696290935506,-0.0188138339025298,-0.2690947203185388,-0.14495934079336198,0.08534852556783058,-0.43323184204245924,0.09498783136231853,2.303940279503857,0.06705924440702758,-0.7306178844094451,-0.4147137778978845,-0.07406968269425288,-0.5186412872149526,0.4095507468708446,0.28456826070995556,0.9633695958325071,-0.5556965987660917,-0.33284359811764885,-0.06994087689636116,-0.20158157850995284,-0.35214142229922,1.8282611062331737,-0.42019912165061474,-0.4313907934064737,-0.18184172000634816,-0.3835267874894295,-0.4537397055378508,-0.5279995357094771,-0.28809923692701794,-0.5329782568658539,4.623227667251451,-0.4998902432547109,-0.38550579423054504,-0.23775957311866008,0.7359550133001428,-0.22011503838636087,-0.3054614021148156,-0.21843207127340653,-0.4351294629616395,-0.28167478399535645,-0.5578060177745826,-0.5450750795186082,-0.506503594203403,-0.13874939290992255,-0.26212202064969387,-0.25965538900249047,-0.2008790160458774,0.20533665354175754,-0.21569577079570112,-0.2310779789283281,-0.21533478458569788,-0.34981078115361536,0.13498715469776668,-0.2979467757923537,-0.3626970969903967,-0.2533871383508061,-0.43646645412217466,-0.4159467604639402,-0.4194142904337479,-0.023183805820125775,1.6347998156456547,0.44009111590330086,-0.2959635478862172,-0.20457370493228844,-0.25815989981258475,-0.23706829598718807,0.9640318814743776,-0.32646224225237497,0.29927009496782747,-0.1791508604148871,-0.15728401507736628,-0.30421298081227416,-0.21583641499458206,-0.3779365121158661,-0.2894039883180919,1.382090450269318,-0.20113133794366805,-0.1681376956102761,-0.49501611559149034,-0.36124648335375376,-0.28231876695938196,-0.2527793129646691,0.4741497593881928,-0.038410149968187875,-0.2436106473728118,-0.2169539839931523,-0.237656892145502,0.7308306342465164
TR20105,-0.9468743777039207,-0.044240326488455294,0.1795248232780241,-0.7670884669222049,-0.7385964421012338,-0.5885446412712836,-0.5127738410970167,-0.8546830801063385,3.0463410561858746,-0.8632754215460605,-0.7008533910033116,-0.6692472701163517,-0.5316497404645717,-0.37497660685454504,-0.522457336415221,0.7947139507150787,-0.42328185228010734,-0.8548123039043507,0.4571626413998497,-0.20138625247326877,-0.7429096587397925,3.1328292841212675,-0.2166385562109016,2.645164535553252,0.1966026047569124,-0.4658092046788216,-0.6428556938874879,1.4049996891635779,-0.35053945582964813,-0.670651579416452,-0.42019912165061474,0.9547741577242158,3.660908490884985,-0.3436272989331193,-0.5021262720171454,-0.6043486141521816,-0.4303943814515363,-0.5628223312292716,-0.4070681831878564,-0.4998902432547109,0.69401784034852,-0.6182830387127055,-0.6670554094664997,1.2324438773087778,-0.3230563412976476,-0.2914228123062626,-0.4351294629616395,0.46502340116053875,-0.5578060177745826,-0.5450750795186082,-0.506503594203403,-0.6612815074552557,-0.4457419004435901,0.6755989266915281,-0.52243556818587,-0.7803508257257589,-0.5552898802535124,-0.3449592288582032,-0.21533478458569788,-0.3490053520574613,-0.6042643885223655,-0.40853112952086,-0.3381531391659539,-0.2533871383508061,-0.5115923830297454,-0.4159467604639402,-0.5832305611825049,-0.46877036107119585,-0.45793308377995545,-0.3471906403817906,-0.2959635478862172,-0.3648298076218833,-0.25815989981258475,2.1996631360756855,-0.3965099704236764,-0.40657883324101596,-0.2682416903041644,-0.1791508604148871,0.9530659409513723,-0.30421298081227416,-0.46306793363597265,-0.3779365121158661,-0.2741569485024478,-0.46925508317100206,-0.06197419836755509,-0.1681376956102761,-0.4818790239514007,-0.18742099371419654,-0.38697817476842694,-0.2907534052640902,-0.3128378962567211,-0.2178556379071428,-0.2436106473728118,3.308032416051017,-0.12476174360145365,-0.1267404850360952
TR20106,2.957956956457864,-0.586956262994872,-0.4912062747615627,0.15527153655987908,-0.6582706448494048,-0.20701120397487374,-0.7753149175388467,-0.563008865106297,-0.5630850875001174,1.5161617665782996,-0.5934211739990591,-0.28758396994044316,-0.10674092330925848,-0.12607023920657487,-0.37062891181729724,-0.7692993530843798,-0.42328185228010734,0.07698958458744266,-0.40871644878378877,-0.20138625247326877,0.2764683718007199,-0.5920099338174764,-0.4382713318795376,-0.16161546655403783,-0.7123907320916562,-0.4658092046788216,-0.08813997728038325,0.14328310596876725,0.5019122214178253,-0.3367294232844923,-0.16855671354834584,-0.5794631066167297,-0.43519098663703515,-0.4151059212270751,-0.4345515342324275,-0.3580574434602149,-0.04968201448376816,-0.541835857351455,-0.4070681831878564,-0.4998902432547109,-0.4392436611270923,0.06384107737342326,-0.4629586032547457,-0.1832969937940044,-0.22219830998661197,-0.18942194200838594,-0.2492102701650893,0.21898171608936484,-0.5320591493539003,-0.5450750795186082,-0.38971376296744437,0.0661258154336461,0.19423230115824297,-0.32505618502581224,-0.08084448036524812,-0.08315724282922282,0.13329894564856182,-0.17750628708064067,-0.21533478458569788,-0.34981078115361536,0.0017299274495304678,-0.3645905170336235,-0.17581009786963914,0.07703485547287782,1.3499877957145994,-0.3771609696577974,-0.4582210788317148,-0.21364301750054243,-0.28682212649475625,-0.3431136560102051,-0.2959635478862172,1.2171983384320948,1.187486550996679,-0.3261299099771652,-0.3810846218509456,0.06988723380508924,-0.2682416903041644,8.349719239964271,-0.304378914142404,-0.2883828887602679,-0.2546992506121994,-0.3779365121158661,-0.2894039883180919,-0.6498959290748328,-0.3356767070596111,-0.1681376956102761,-0.32737821177762505,-0.36124648335375376,-0.13842679238368535,-0.23738185762933167,0.13637210338231012,-0.2178556379071428,0.35570122516510894,-0.05811098612708267,-0.22523928694332673,-0.2275336130780769
TR20114,1.1197073342979338,0.4745431971953166,-0.0601153754704432,-0.7844326810708396,-0.5734630362597121,-0.8274228859999871,-0.4683523422784839,-0.20972140561311217,-0.3820613359211854,0.06606536950414961,-0.33914337407679684,0.7932681837865018,-0.4307492281516286,2.3687025673652125,-0.11055304820128214,-0.24326102149813672,-0.18481780584511737,1.649640551327442,-0.684699423251854,-0.15027881204036672,-0.6293504474835923,-0.7504547411228986,-0.5471923663793242,-0.6713585377983324,1.9595475875622528,0.03455094113951986,-0.5188854739308865,-0.4456538305309161,-0.35777465307544476,-0.41738554457092664,6.863932170361035,-0.1181295873980254,0.4470497023386775,0.2938091536358472,0.5383185296505404,1.5135264559163963,0.6266194514269158,-0.41460850492191,-0.4070681831878564,0.08443608592682914,-0.012101560731917605,1.1595720765060946,-0.5838688448954293,0.17591417161586775,-0.31519292403322147,-0.2897759490728771,5.863284878452981,-0.6703304856579171,-0.31209406636999104,4.820579362999753,-0.2419214048291424,-0.30423713379175643,-0.402928259879159,-0.34502901195075175,-0.47396840896663867,-0.7803508257257589,-0.3695771695715256,-0.3171837083375653,-0.18806752309344718,2.3809965693566957,-0.5950770635289506,-0.3627225380855068,-0.5245054115367236,-0.24337901645027513,-0.5115923830297454,0.06082548993062756,-0.5748417084152839,-0.4488643186284998,-0.45793308377995545,-0.22743105107236772,-0.04731346248243813,-0.18828601886355276,-0.25815989981258475,-0.5726849966054337,-0.39529523328877636,-0.1916299335895375,-0.2682416903041644,-0.12536446571248652,-0.43961043343629064,-0.30421298081227416,-0.3659214919441532,0.24765948194333687,-0.2894039883180919,-0.7098970328771137,-0.32898660583285155,-0.1681376956102761,-0.49501611559149034,-0.36124648335375376,-0.38697817476842694,-0.21833183620217597,-0.3260014633885843,-0.1798438657095476,-0.2436106473728118,-0.2169539839931523,-0.237656892145502,-0.2275336130780769
TR20117,-0.7165973162465499,0.7508644754171343,4.215217235790585,-0.8083172014043813,-0.6642463932998894,1.0230015138938833,-0.9316704230146328,-0.8546830801063385,0.9648257204123186,-0.452770364380298,-0.65719217192597,0.7062696046194462,-0.38480212935634944,2.332136174343755,-0.522457336415221,-0.9021339470613619,-0.42328185228010734,-0.8765715239588137,0.02337347468353355,-0.20138625247326877,-0.583562846308621,0.2678665092492396,-0.6091337699396552,-0.6735774788290179,0.09637275258564686,-0.3570853354097593,-0.6428556938874879,-0.6612170620478668,-0.4105183451607895,-0.670651579416452,1.0040105578525529,1.0699238619358662,1.737899416188181,-0.5430031498905981,0.975515629772278,0.1456688034908568,-0.4303943814515363,-0.5628223312292716,-0.4070681831878564,-0.4998902432547109,1.2842672932265624,-0.6182830387127055,-0.6670554094664997,0.04181067038283862,-0.3230563412976476,-0.2914228123062626,-0.4351294629616395,0.9251718622675443,0.30048566561565815,0.3737979438804281,-0.506503594203403,-0.3632650606821111,-0.4457419004435901,1.4809331206337606,-0.52243556818587,-0.7803508257257589,1.6752013822248972,1.6213989708390268,-0.21533478458569788,5.264892978786001,0.5067046833375836,-0.40853112952086,-0.5245054115367236,6.3332080874361365,-0.5115923830297454,6.79541495716827,-0.5832305611825049,-0.10153568526168331,-0.45793308377995545,-0.3471906403817906,-0.2959635478862172,-0.3648298076218833,-0.25815989981258475,2.651188956637529,-0.3965099704236764,-0.40657883324101596,-0.2682416903041644,-0.1791508604148871,0.016014915407940145,-0.30421298081227416,-0.46306793363597265,-0.3779365121158661,-0.2894039883180919,-0.7098970328771137,-0.3356767070596111,-0.1681376956102761,1.0973716809138025,-0.36124648335375376,-0.38697817476842694,-0.2907534052640902,-0.3260014633885843,-0.2178556379071428,-0.2436106473728118,-0.2169539839931523,-0.237656892145502,-0.2275336130780769
TR20118,-0.2838927987062292,-0.5654447918847446,-0.18276643881785273,-0.6606949017963409,-0.6278370116694357,-0.27240507730294966,-0.8377306735972057,-0.3423197811485962,-0.6716434801809082,-0.31883934787611795,-0.565061229467615,0.4886027746070491,-0.5316497404645717,4.648540931307363,-0.5047229129842427,-0.7418701349431631,-0.42328185228010734,1.667054601978391,0.4648298150908113,-0.20138625247326877,1.7725898355770797,-0.7308857890455938,-0.6091337699396552,-0.6735774788290179,0.5190703445540089,-0.4658092046788216,-0.394915253974285,-0.6853165307742383,0.11991699319656053,0.03408524441885093,1.6186352538686792,-0.8131381745875347,-0.38811866675354545,0.43768702203459225,5.78088885600642,0.027813858874710426,0.4334978976492002,0.681343409707041,-0.4070681831878564,-0.4998902432547109,-0.39510754138440246,-0.6182830387127055,-0.41877149176599293,-0.17011051542041009,0.0893827671506416,-0.2914228123062626,2.7535718160952616,-0.6756172491223809,1.2318271871858268,0.5104147003005405,1.0946485184805275,-0.6612815074552557,-0.42757171292422097,-0.006415423072606242,-0.4381592519186936,-0.7803508257257589,-0.08767167708812607,-0.26545402308636007,1.456040590808356,0.694447218893354,-0.23879478774265372,-0.15514696974325073,-0.20046100104407955,-0.2533871383508061,-0.2878779493354959,0.07977488876522956,-0.3931574037883346,-0.49513062632986604,-0.45793308377995545,-0.3471906403817906,-0.2959635478862172,-0.3648298076218833,-0.25815989981258475,-0.5544480915728616,-0.39234722943601896,-0.40657883324101596,-0.2682416903041644,-0.1791508604148871,-0.49359661021390305,0.20666569332848125,0.04042405833276466,-0.3779365121158661,-0.2894039883180919,-0.7098970328771137,-0.3356767070596111,-0.1681376956102761,-0.49501611559149034,-0.23309985121197854,-0.19719578194135873,-0.2907534052640902,-0.3260014633885843,-0.2178556379071428,-0.2436106473728118,-0.2169539839931523,-0.237656892145502,-0.2275336130780769
TR20119,-0.7969313032533722,-0.6065059365103734,-0.6562271317138791,-0.48382419574592017,-0.39528969362088257,-1.0305231918304183,-0.801139108334381,-0.6981600118841361,-0.7420126195149721,-0.578925796489922,-0.6379949858080762,-0.6103172890814464,-0.5072459567493939,-0.5350695879845864,6.035823840481292,-0.7960496891439424,-0.3862236388767108,-0.8969224018563774,-0.6479687222952302,-0.20138625247326877,-0.5844485028010735,-0.8220819508583981,-0.30469185521315184,-0.6431346902982723,-0.8567836437355876,-0.31284946283681286,0.3137122172285751,-0.7330206587897622,2.6270472143419763,-0.578962060149321,-0.34139182233772714,-0.7106769789103293,-0.6233215377294548,-0.5011234516279668,-0.4860228684026855,-0.5147334514913782,-0.4116086648379162,-0.5557513490234366,-0.4070681831878564,-0.40891774808386305,-0.5591351721263381,1.6612901869493968,0.6700299717391711,-0.26458507193978936,6.529810201058282,-0.2767222170891865,-0.4023995389150173,-0.476570604685319,-0.41949815685782765,-0.4953657387569651,-0.4585545079778898,1.644519084325162,-0.05937295103632593,-0.6291992688774206,-0.2745221011128283,0.16569248181573337,-0.4331947065397906,-0.3297384375083248,-0.13541413067405084,-0.34981078115361536,-0.5710150218795307,-0.307717742597887,0.7673409437589507,-0.2533871383508061,-0.36688066955349913,-0.210997588671259,-0.3241106925504382,-0.46691493767440667,-0.3975306973257676,-0.3471906403817906,3.3939922858577933,-0.3648298076218833,-0.1788363324328929,-0.5792184387495665,-0.010956029887399965,-0.40657883324101596,-0.2682416903041644,-0.1791508604148871,-0.49359661021390305,-0.15228207552360792,-0.3906872332171883,-0.3779365121158661,-0.27827540178598387,-0.6349229760312765,-0.3356767070596111,-0.1681376956102761,-0.43574127096186177,-0.25099407198395074,-0.38697817476842694,0.14506700229502034,-0.2583255496649295,-0.05606014259376252,-0.2436106473728118,-0.2169539839931523,-0.237656892145502,-0.2275336130780769
