Patient ID,Bacteroides_uniformis,Collinsella_aerofaciens,Clostridium_sp_AF15_49,Eubacterium_rectale,Blautia_wexlerae,Bilophila_wadsworthia,Blautia_sp_AF19_10LB,Fusicatenibacter_saccharivorans,Phocaeicola_vulgatus,Lachnospiraceae_bacterium,Gemmiger_formicilis,Ruminococcaceae_unclassified_SGB4425,Butyricicoccus_sp_AM29_23AC,Akkermansia_muciniphila,Clostridiaceae_bacterium,Alistipes_putredinis,Clostridiales_bacterium_KLE1615,Lachnospira_pectinoschiza,Anaerostipes_hadrus,GGB9615_SGB15053,Anaerobutyricum_hallii,Alistipes_communis,Alistipes_shahii,GGB9627_SGB15081,Dorea_longicatena,Alistipes_onderdonkii,Faecalibacterium_prausnitzii,Bifidobacterium_adolescentis,Clostridium_sp_AM22_11AC,Clostridia_bacterium,Bifidobacterium_longum,Faecalicatena_fissicatena,Roseburia_hominis,Blautia_faecis,Evtepia_gabavorous,Clostridium_sp_AF20_17LB,Sutterella_wadsworthensis,Dorea_formicigenerans,Dorea_sp_AF36_15AT,Paraprevotella_clara,Blautia_massiliensis,Clostridium_sp_AF34_10BH,Parabacteroides_distasonis,Bacteroides_caccae,Anaerotignum_faecicola,GGB9699_SGB15216,Dorea_sp_AF24_7LB,Barnesiella_intestinihominis,GGB9730_SGB15291,Coprococcus_catus,Roseburia_inulinivorans,Ruminococcus_sp_NSJ_71,Phocaeicola_dorei,Clostridiales_bacterium,Candidatus_Cibiobacter_qucibialis,Senegalimassilia_anaerobia,Blautia_glucerasea,Faecalibacillus_intestinalis,GGB35068_SGB47850,GGB2982_SGB3964,Bacteroides_thetaiotaomicron,Odoribacter_splanchnicus,Ruminococcus_torques,Clostridia_unclassified_SGB4121,Clostridium_sp_AF36_4,Clostridium_sp_AF34_13,Flavonifractor_plautii,Dysosmobacter_welbionis,Ruminococcus_bicirculans,Bacteroides_ovatus,Agathobaculum_butyriciproducens,Lacrimispora_amygdalina,Bacteroides_xylanisolvens,Clostridiales_unclassified_SGB15145,GGB9559_SGB14969,Blautia_SGB4815,Streptococcus_thermophilus,Ruthenibacterium_lactatiformans,Eggerthella_lenta,Eggerthellaceae_unclassified_SGB14322,Clostridium_leptum,Ruminococcus_gnavus,Clostridium_phoceensis,Lactobacillus_delbrueckii,Dysosmobacter_sp_NSJ_60,GGB3746_SGB5089,Enterocloster_citroniae,GGB9581_SGB14999,Bacteroides_stercoris,Lachnospiraceae_bacterium_NSJ_29,Intestinimonas_butyriciproducens,Faecalicatena_contorta,Enterocloster_bolteae,GGB9557_SGB14966,Blautia_sp_OF03_15BH,Candidatus_Borkfalkia_ceftriaxoniphila,GGB9614_SGB15049,GGB1420_SGB1957,Christensenellaceae_bacterium,GGB9632_SGB15089,Streptococcus_sp_A12,Prevotella_copri_clade_A,Ruminococcaceae_bacterium,Streptococcus_parasanguinis,Streptococcus_salivarius,Intestinimonas_gabonensis,Erysipelatoclostridium_ramosum,Lachnospiraceae_bacterium_WCA3_601_WT_6H,Streptococcus_gordonii,Elusimicrobiales_bacterium,Dialister_succinatiphilus,Catenibacterium_sp_AM22_15,Prevotella_copri_clade_C,Bacteroidaceae_bacterium,Faecalibacterium_SGB15346,Oscillibacter_sp_ER4,GGB3256_SGB4303,GGB1495_SGB2071,Eubacterium_sp_AM28_29,Ruminococcus_bromii,Coprococcus_comes,GGB3614_SGB4886,GGB3293_SGB4348,GGB9342_SGB14306,Coprococcus_eutactus,GGB9642_SGB15119,Prevotella_hominis,Roseburia_faecis,GGB9602_SGB15031,GGB9758_SGB15368,GGB9712_SGB15244,Lachnospira_eligens,Olsenella_sp_GAM18,Ruminococcaceae_unclassified_SGB15234,Clostridia_unclassified_SGB4373,GGB9633_SGB15090,Bacilli_bacterium,GGB9635_SGB15103,GGB9635_SGB15106,Blautia_obeum,GGB9705_SGB15224,Butyrivibrio_crossotus,Klebsiella_pneumoniae,Roseburia_intestinalis,GGB9595_SGB15019,GGB9709_SGB15238,GGB9707_SGB15229,Clostridium_sp_AM49_4BH,Ruminococcaceae_unclassified_SGB15265,Collinsella_bouchesdurhonensis,Blautia_SGB4831,Ruminococcaceae_unclassified_SGB15309,GGB9618_SGB15065,GGB9640_SGB15115,GGB9691_SGB15198,Firmicutes_bacterium_AF16_15,GGB9615_SGB15051,Ruminococcaceae_unclassified_SGB15233,GGB3278_SGB4328,Parabacteroides_massiliensis,GGB3637_SGB4930,GGB9705_SGB15225,Lachnospiraceae_unclassified_SGB4894,GGB9634_SGB15097,GGB3571_SGB4778,Slackia_isoflavoniconvertens,GGB6544_SGB9243,Haemophilus_parainfluenzae,Opitutales_bacterium,GGB9597_SGB15022,Bacteroides_salyersiae,GGB4266_SGB5809,Ruminococcus_SGB4421,Phocaeicola_coprocola,Eggerthellaceae_unclassified_SGB14341,Parabacteroides_merdae,GGB9636_SGB15107,Bacilli_unclassified_SGB6478,Clostridium_sp_AM33_3,GGB9701_SGB15218,Bacteroides_cellulosilyticus,Streptococcus_anginosus,Rothia_mucilaginosa,GGB2734_SGB3677,Allisonella_histaminiformans,Eubacterium_ventriosum,Blautia_sp_MSK_21_1,GGB9593_SGB15015,Phocaeicola_massiliensis,GGB3486_SGB4658,Blautia_schinkii,Ruminococcaceae_unclassified_SGB4191,Lactobacillus_gasseri,Phocaeicola_plebeius,Ruminococcus_lactaris,Alistipes_sp_AF17_16,GGB38171_SGB72433,Veillonella_parvula,Butyricimonas_virosa,Desulfovibrionaceae_bacterium,Duodenibacillus_massiliensis,Bacteroides_faecis,GGB9619_SGB15067,Bacteroides_pectinophilus,Veillonella_dispar,Veillonella_atypica,Candidatus_Gastranaerophilales_bacterium,Adlercreutzia_equolifaciens,Blautia_sp_MSK_20_85,Roseburia_sp_AM59_24XD,Alistipes_indistinctus,Clostridium_fessum,Alistipes_ihumii,Eubacterium_ramulus,Clostridia_unclassified_SGB71368,Lacrimispora_celerecrescens,Clostridiaceae_unclassified_SGB4769,Eubacteriaceae_bacterium,GGB6649_SGB9391,Alistipes_senegalensis,Butyricimonas_faecihominis,Parasutterella_excrementihominis,Clostridia_bacterium_UC5_1_1D1,Anaerotruncus_colihominis,Lawsonibacter_sp_NSJ_51,Lentisphaeria_bacterium,Intestinimonas_massiliensis,Clostridia_unclassified_SGB4367,Butyricimonas_faecalis,Bacilli_unclassified_SGB6473,GGB9347_SGB14313,GGB9568_SGB14980,Lachnospira_SGB5077,GGB9677_SGB15180,Romboutsia_timonensis,Bacilli_unclassified_SGB6422,Clostridiaceae_bacterium_OM08_6BH,GGB51441_SGB71759,GGB3118_SGB4130,Blautia_SGB4805,Peptococcaceae_bacterium,Gemmiger_SGB15299,Lachnospiraceae_bacterium_OF09_6,Prevotella_SGB1653,GGB49418_SGB69331,GGB9631_SGB15085,Lachnospira_sp_NSJ_43,Roseburia_sp_AF02_12,Ruminococcaceae_bacterium_D5,Mediterraneibacter_butyricigenes,Eubacterium_sp_AF15_50,Firmicutes_bacterium,Butyricicoccus_SGB14990,GGB9621_SGB15073,GGB9697_SGB15213,Mediterraneibacter_sp_gm002,GGB9608_SGB15041,GGB4599_SGB6362,Anaerosacchariphilus_sp_NSJ_68,GGB9590_SGB15012,Victivallis_vadensis,Limosilactobacillus_fermentum,Clostridium_sp_AF32_12BH,Oscillospiraceae_bacterium_NSJ_64,GGB9237_SGB14179,GGB9646_SGB15123,Anaerotruncus_rubiinfantis,Oscillibacter_sp_PC13,Bacteroides_finegoldii,GGB3478_SGB4643,Bacteroides_nordii,GGB9818_SGB15459,Coprobacter_secundus,Bifidobacterium_pseudocatenulatum,Prevotella_copri_clade_B,Escherichia_coli,Candidatus_Avimicrobium_caecorum,Parolsenella_catena,Enterococcus_faecium,Ruminococcus_callidus,Bacteroides_clarus,Bifidobacterium_bifidum,GGB1266_SGB1699,Bifidobacterium_dentium,Lachnospiraceae_unclassified_SGB4924,Phascolarctobacterium_faecium,Clostridium_sp_AF27_2AA,Coprobacter_fastidiosus,GGB9522_SGB14921,Faecalibacterium_SGB15345,Alistipes_finegoldii,GGB4585_SGB6340,Sutterella_seckii,Lachnospiraceae_bacterium_NSJ_46,Lachnospiraceae_unclassified_SGB4882,Ruminococcus_sp_JE7A12,Alphaproteobacteria_bacterium,GGB4603_SGB6367,Ruminococcus_sp_AF41_9,Blautia_faecicola,Bacteroides_eggerthii,GGB3277_SGB4327,GGB9524_SGB14924,Gordonibacter_pamelaeae,Eubacterium_sp_AF34_35BH,Lachnospiraceae_bacterium_OM04_12BH,Eubacterium_siraeum,Bacteroides_fragilis,Enterococcus_faecalis,Ruminococcaceae_unclassified_SGB15260,GGB58485_SGB80143,Lachnospiraceae_bacterium_BX3,Clostridium_SGB6179,Ruminococcaceae_unclassified_SGB15236,GGB3570_SGB4777,GGB9615_SGB15052,GGB9774_SGB15394,Gemmiger_SGB15295,GGB2983_SGB3965,GGB9603_SGB15035,GGB9637_SGB15111,GGB34228_SGB72916,GGB9696_SGB15212,GGB4569_SGB6310,GGB9634_SGB15093,Clostridia_unclassified_SGB4447,Blautia_stercoris,Desulfovibrio_piger,Clostridium_sp_OM07_10AC,GGB9561_SGB14972,Clostridium_sp_NSJ_42,GGB9730_SGB15290,Intestinibacter_bartlettii,GGB9633_SGB15091,Clostridia_unclassified_SGB6276,GGB9288_SGB14243,GGB3733_SGB5066,Ligilactobacillus_ruminis,Erysipelotrichaceae_bacterium,Megamonas_funiformis,GGB9618_SGB15064,Intestinibacter_SGB6139,GGB9787_SGB15410,Rikenellaceae_unclassified_SGB2230,Prevotella_copri_clade_D,GGB4676_SGB6465,GGB9635_SGB15101,GGB9591_SGB15013,GGB2977_SGB3959,GGB45432_SGB63101,GGB9634_SGB15099,Clostridiales_bacterium_NSJ_40,GGB6012_SGB8640,GGB9291_SGB14248,Mitsuokella_jalaludinii,Clostridium_SGB4751,Prevotella_sp_885,Holdemanella_biformis,Clostridia_unclassified_SGB3983,GGB4750_SGB6579,GGB9687_SGB15191,GGB9631_SGB15087,Senegalimassilia_faecalis
TR10001,0.95778,0.04355,0.13831,1.7524,1.63963,0.05469,1.20515,2.52749,12.12145,0.74936,0.10158,0.12964,0.04823,0.00263,0.77782,4.7516,0.20583,0.0295,0.59027,0.08481,0.36849,0.00696,0.05157,0.002,1.21216,0.04422,6.91851,0.00018,0.1666,0.32664,0.70213,0.91344,0.00624,0.3032,0.45412,0.18886,0.02053,0.27187,0.05941,0.01095,2.9978,5.14187,0.02829,0.00021,0.00961,0.01308,0.01786,0.00366,0.01296,0.37912,1.4191,0.09333,1.7568,0.09652,0.0281,0.06409,0.13377,0.13973,0.00377,0.02316,0.7912,0.68823,1.31171,0.07724,0.00249,0.01428,0.05594,0.27077,0.66495,0.02792,0.51444,0.34427,2.8227,0.01003,0.00024,0.01257,0.32945,0.06746,0.31015,0.01362,0.01306,0.04341,0.11046,0.1007,0.05314,0.03073,0.01319,0.06895,0.00364,0.01521,0.00434,0.00911,0.00591,0.00578,0.00773,0.04414,0.17185,0.00288,0.00101,0.72332,0.03938,1.34309,0.25248,0.22262,2.60301,0.0038,0.00604,0.34103,0.16275,0.1609,1.04462,0.00035,0.23231,0.14148,5.2985,0.08206,0.60506,0.19362,0.07726,4.2239,0.2952,0.0078,0.00815,0.02926,0.41045,0.0244,0.00123,8.31097,0.01556,0.047,0.15745,1.4103,0.00114,0.04365,0.04543,0.00266,0.00031,0.0174,0.0139,0.3209,0.01933,0.08762,0.00271,1.78821,0.0053,0.01593,0.00177,0.65261,0.01699,0.00703,0.03647,0.01601,0.00385,0.00579,0.01367,0.74504,0.00602,0.00306,0.02053,1.51285,0.01504,0.00039,0.00344,0.0415,0.01506,0.07907,0.03308,0.02486,0.00043,0.00796,0.00107,0.15077,0.00479,0.02752,0.02265,0.01412,0.00248,0.05139,0.04319,0.02064,0.00045,0.01466,0.03094,0.61924,0.07107,0.02233,0.01958,0.00999,0.00373,0.00083,0.12334,0.01851,0.00605,0.00245,0.05425,0.01005,0.01565,0.01775,0.00628,0.00032,0.01274,0.01575,0.06374,0.03611,0.01456,0.01113,0.00361,0,0,0,0,0,0,0,0,0,0,0,0,0,0,0,0,0,0,0,0,0,0,0,0,0,0,0,0,0,0,0,0,0,0,0,0,0,0,0,0,0,0,0,0,0,0,0,0,0,0,0,0,0,0,0,0,0,0,0,0,0,0,0,0,0,0,0,0,0,0,0,0,0,0,0,0,0,0,0,0,0,0,0,0,0,0,0,0,0,0,0,0,0,0,0,0,0,0,0,0,0,0,0,0,0,0,0,0,0,0,0,0,0,0,0,0,0,0,0,0,0,0,0,0,0,0,0,0,0,0,0,0,0,0,0,0,0,0,0,0,0,0,0,0,0,0,0,0,0,0,0,0,0,0,0,0
TR10002,2.00536,0.94489,0.33112,0.02925,0.26896,0.55387,0.12181,0.48199,5.1769,2.82038,0,0,1.00864,2.70694,0.41832,1.56693,0.065,0,0.00854,1.29659,0.18906,0.07178,0.33339,0,0.20267,0.51016,4.55785,0.70889,0.05391,2.97991,0,0.02379,1.4047,0.17566,0.51775,0.02797,0,0.19012,0.0733,0.58282,0.20801,0.08261,0.45012,0,0.66367,0.20278,0.04761,1.88588,0.14511,0.10691,0.09182,0,0,0.08915,0.52927,0.05341,0.42677,0.04529,0,0.02044,0.81308,0.09472,0.21725,0.0184,0.01433,0,0.0211,0.13005,0.10319,0.07378,0.316,0.35221,0.00886,0.024,0.0082,0.05321,0.03086,0.02557,0.00605,0,0.00729,0,0.15841,0.01162,0.07177,0.12457,0.00644,0.05589,0.24048,0.01424,0.0086,0.00331,0.00083,0.00977,0,0.00522,0.041,0,0,0.58293,0.0333,0.85899,3.63461,0.35281,1.24136,0.00813,0.01157,0.04618,0.01585,0,0,0,0,0,0,3.79207,0,0,0,0.97872,0.14488,0,0,0.88733,5.06367,0,0,0,0.00749,0.05683,0,0.55048,0,0,0.56307,0,0.55915,0,7.81618,0.04592,0,0,0.44045,0.07768,0,0.09317,0,0,3.65434,0,0,0,0,0,0,0.1526,0,1.96008,0,0,0.16071,0,0.21249,0,0.04417,0,0,0,0.48445,0,0,0,1.59068,0,0,0.52869,3.6308,0,0.07881,0,0.22807,0.05912,0,0,0,0.04738,0.00081,0,0,0.01977,0.0826,0.25627,0,0.17097,1.20449,0,0.02765,0,0,0,0,0,0.00649,0,0,0,0,0.13745,0.01547,0.2123,0.19102,0.26526,0.30683,0.0522,0.04049,0.03912,0.04762,1.48447,0.0427,0.08042,0.22344,0.21851,0.00392,0.00902,0.0952,0.31481,0.0139,0.25381,0.04301,0.07132,1.59364,0.10554,0.00256,5.77242,0.00492,0.03904,0.02683,0.00811,0.02778,0.00744,0.03695,0.42435,0.03347,0.03858,0.01159,0.02999,0.03708,0.40275,0.00226,0.01704,0.0304,0.00839,0.00232,0.00071,0.03239,0.01158,0.08786,0.08688,0.00457,0.02248,0.05,0.00298,0.01668,0.00563,0.03604,0.1171,0.00351,0.00287,0.0161,0.10738,0.02547,0.12376,0.00099,0,0,0,0,0,0,0,0,0,0,0,0,0,0,0,0,0,0,0,0,0,0,0,0,0,0,0,0,0,0,0,0,0,0,0,0,0,0,0,0,0,0,0,0,0,0,0,0,0,0,0,0,0,0,0,0,0,0,0,0,0,0,0,0,0,0,0,0,0,0,0,0,0,0,0,0,0,0,0,0,0,0,0,0,0,0,0,0,0,0
TR10004,0.1103,11.05348,0,0.25988,0.31249,0.29458,0,0.52771,0.43339,0.12458,0.01273,0,0,0.01729,0.12409,0.5341,0.00268,0.00391,0,0,0.07582,0.07339,0.2055,0,0.72406,0.31132,2.23809,3.54734,0,0.14253,1.87881,0.01667,0,0.05715,0,0,1.24337,0.08424,0,0.25874,0.1846,0,0.1491,0.0417,0.04815,0.01052,0,0.06854,0.2272,0.0902,0.02104,0,0,0.01494,0.83829,0.22893,0,0,0,0,0,0.00743,0.22506,0.00092,0,0,0.14323,0.48502,0,0.0117,0.35757,0.05286,0,0,0,0.0141,0.05413,0.03209,0.01446,0,0,0.05615,0.04459,0,0.00659,0,0,0,0.39682,0,0,0,0.00902,0,0,0,0,0,0,0.14028,0,38.18251,0,0.05857,0.08829,0,0,0,0,0,0,0,0,0,0.25433,0.68005,0.00175,0,0.12415,0.0028,0.16733,0,0.06385,0,0.00812,0,0,0.72198,0,0,0,0,0.41703,0,0,0,0,0,0.00297,0.10267,0,0,3.52414,0.08806,0,0,0,0,0,0,0.01126,0,0,0,0,0,0,0,0,0,0,0,0,0,0,0,0,0,0,0,0.00244,6.91332,0,0.69776,0.09268,0.26607,0,0,0,0,0,0,0.02581,0,0,0,0,0,0.48165,0,0,0,0.00959,2.69166,0,0.01714,0.07497,0,0,0.07639,0,0.03169,0,0,0,0,0,0,0.58624,0,0,0.64395,0,0.19416,0,0.08371,0,0,0,0,0.02192,0.06674,0.02972,0,0,0,0,0,0,0,0,0,0,0,0,0,0,0,0,0,0,0.08926,0,0,0,0,0,0,0,0,0,0,0,0.29153,0,0,0,0,0,0,0,0.10551,0,0,0,0,0,0,0,0,0,0,0,0.0403,0.02323,0.07305,0.00821,1.94847,0.03766,0.04794,0.00054,3.88551,0.00714,0.39379,0,0,0,0,0,0,0,0,0,0,0,0,0,0,0,0,0,0,0,0,0,0,0,0,0,0,0,0,0,0,0,0,0,0,0,0,0,0,0,0,0,0,0,0,0,0,0,0,0,0,0,0,0,0,0,0,0,0,0,0,0,0,0,0,0,0,0,0,0,0,0,0,0,0,0,0,0,0,0
TR10005,0.65023,0.39225,0,0.15288,0.66535,0.26426,0.36313,0.23698,10.86928,10.47707,0.99504,0,0,0,0.91056,2.98898,0.81793,0.51048,0.03199,1.17465,0.15969,0.08026,0.82023,0,0.49779,0.09742,5.12971,0,0.11026,1.37577,0,0.47927,0.07676,0.71433,0,0.25128,0,0.18792,0.05031,1.53327,0,1.66701,0.28627,0.43629,0.59079,0.80131,0,0.96661,0.16387,0.0518,0.07284,0,0,0,0.0835,0.16604,0.87206,0,0,0.04136,1.31154,0.54517,0.7061,0.01768,0.68499,0.52785,0.15734,0,0.07165,2.28381,0.7979,0.04948,0,0.02317,0.09095,0.04965,0.0103,0.019,0.06278,0,0,0,0.09237,0,0,0.1686,0.02146,0,0,0,0.12273,0.00049,0.00276,0.01074,0,0,0.03755,0,0,0,0.26283,0.00767,0,2.25693,0.25174,0,0.00316,5.83201,0.17442,0,0,0,0,0,0.34482,1.64967,0,1.04114,0.36816,0,0.15516,0,0,0,0,0.26661,0,1.04708,0,2.82804,0.08299,1.05881,0,0,0,0,0,0,0,0.16943,0,0.05758,0,0.13273,0,0,0,0,0.11229,0,0,0,0,0,0,0.19492,0.11604,0,0.46114,0,0,0,0,0,0,0,0,0.24989,0,1.62589,0,0,0,0,0,0.48184,0,0,0.03673,0,1.6953,0.19404,0.04737,0,0,0,0.4755,0,0,0,0,0,0,0,0.07627,0.08514,0,0.16178,0,0,0,0,0,0.0105,0.04232,0.01524,0,0.08548,0.01596,1.24195,0,0.00998,0,0.24316,0,0.2054,0.00149,0,0,0,0,0.01398,0,0,0,0,0,0,0,0,0,0,0.00458,0,0,0,0.04392,0.02559,0.03545,0,0,0.01459,0.01606,0,0,0,0.01739,0.06921,0,0.00781,0,0,0,0,0,0,0,0,0.00096,0,0,0.52477,0.08904,0,0.04515,0,0,0,0,0,0,0,0,0,0,0,0.00173,0,0,2.59963,0.14057,0,0,0.10248,0.21973,0.92518,0.07706,0.24442,0.05432,0.21825,1.85802,0.08273,0.52995,0.46379,0.26276,0.22638,0.31919,0.11712,0.34874,0,0,0,0,0,0,0,0,0,0,0,0,0,0,0,0,0,0,0,0,0,0,0,0,0,0,0,0,0,0,0,0,0,0,0,0,0,0,0,0,0,0,0,0,0,0,0,0,0,0,0,0,0,0,0,0,0,0,0,0,0,0,0,0
TR10006,5.43565,1.11656,0,3.99766,0.57139,0.41074,0.12876,2.45223,4.48492,0.281,0.28004,1.19648,0,0,0.09352,9.67103,0.43045,0,0.03486,1.39346,0.27645,0,3.01823,0.11442,0.21991,0.52386,7.49722,0.39046,0.13081,1.18007,1.38415,0.32898,0.29528,0.35964,0.14777,0.01058,0,0.01835,0.00778,0,0.04833,0.00898,0.40371,0.61954,0.00269,0.31708,0.02313,0.80334,0.05559,0.06446,0.53826,0.80319,0.15382,0.0609,0.361,0,0.02586,0.01101,0.02774,0.02302,0,0.71372,0.11861,0.03045,0.77732,0.0027,0.00155,0.31959,2.12536,0.93979,0.25601,0.02315,0,0.00318,0,0.04035,0.07223,0.01608,0.02363,0,0,0,0.06859,0.00658,0.0442,0.16795,0.0019,0.01216,0,0,0.01091,0,0,0.00903,0.00272,0.42426,0.01837,0,0,0,0,0,1.52622,0,0,0,0,0,0,0,0,0,0,0,0.51435,1.26411,0.47089,14.14085,0,0.01928,0.30473,0,0,0,3.2683,0,0,0,0.24525,4.99145,0.19016,0.27166,0,0.87829,0,1.04563,0,0,0,0.48968,0.40377,0,0,0,0,0,0.36295,0.0914,1.05368,0,0.01154,0,0,0,0,0.16148,0,0.29152,0,0,0,0.31594,0,0,0.01164,0,0,0,0,0,0,0,0,0,0.05281,0.82541,0,0,0.02349,0,0.10435,0,0,0,0,0,0.00096,0,0,0,0.01562,0.25583,0,0,0,0,0,0,0,0,0,0.94374,0,0,0,0,0,0.09094,0.42721,0,0,0.11016,0,0.04726,0,0.04154,0,0.00655,0,0,0,1.1882,0,0,0,0,0,0,0,0,0,0,0,0,0,0,0.01863,0.05195,0,0,0,0,0,0,0,0,0.07714,0.05014,0,0.00194,0,0,0,0.02658,0.00269,0,0.15981,0,0.00465,0.03511,0.15313,0,0,0,0,0,0,0,0,0,0,0,0,0,0,0.16331,0,0,0.017,0,0,0,0,0,0,0,0,0,0.00427,0,0.38171,0,0,0,0,0.04376,0,0,0.02671,0.00178,1.89553,0.20284,0.12776,0.04055,0.01443,0.00346,0.04687,0.11092,0.01778,0.15222,0.00804,0.05369,0.04071,0,0,0,0,0,0,0,0,0,0,0,0,0,0,0,0,0,0,0,0,0,0,0,0,0,0,0,0,0,0,0,0,0,0,0,0,0,0,0,0,0,0,0,0,0,0,0,0,0,0
TR10008,0.0625,0.20878,0.49484,0.8681,0.24354,0.35399,0.67245,0.49494,0.44554,2.61957,0.55004,0,0.20951,0.02851,0.22517,2.3505,0.42241,0.52929,0.23013,0.67572,0.68293,0.45096,0.45589,0.03556,0.20466,0.01421,5.52881,0,0.13569,3.3162,0.01881,0.00295,0.77619,0.06052,0,0.07524,0.02031,0.13635,0.11466,0.3975,0.02155,1.07789,0.36127,0,0.32161,0,0.00641,0.11016,0.14218,0.16919,0.10467,1.65939,0.45204,0,0.38107,0.10836,0.21794,0.16198,0.00738,0,0.30106,0.29971,0.31624,0,0.43486,0.02891,0.00569,0,0,0.13118,0.01063,0.04029,0.3502,0.05012,0.01309,0.04083,0.06131,0.01022,0,0.06691,0.00356,0,0,0,0.00228,0.11668,0,0,0.03297,0,0.00165,0,0,0.00268,0.00473,0.00503,0.07362,0.01657,0.00026,0.00395,0,3.50354,8.48996,0.02691,0.05191,0.00336,0,0.09465,0.00466,0,1.34913,0.18455,7.63365,0.3802,0.65446,1.01787,0.01204,2.06709,0.56605,0,0.20429,2.18508,0.30192,0.30462,0.28408,0.20156,0,0.37048,0.13265,0.58123,0.06008,1.62132,0.02032,0.73294,0.13085,0.30946,0.47786,0.35366,0.92919,0.06482,0.14049,8.03291,0.00129,0.09529,2.46217,0.02422,0.08201,0.27095,0.2587,0.01316,0.06247,0.23186,0.094,0.01149,0,0.41412,0.052,0.11609,0.31237,0,0,0.03884,0.69576,0,0.03737,0.02447,0,0.00094,0,0.60981,0,0,0,0.09394,0,0.22936,0.44166,0.04899,0.059,0,0.01785,0.0181,0,0,0,0.00838,0.24357,0.1125,0.14564,0,0,0,0,0,0.0669,0,0.02232,0.01603,0,0,0.91021,0,0,2.75064,0.00069,0.03168,0.39536,0,0.00102,0,0.37366,0.10634,0.16556,0.10161,0,0.16804,0.08548,0.00877,0.03174,0.01792,0.03426,0,0,0,0,0,0,0,0,0,0,0.63902,0,1.06035,0.0341,0.15157,0.12813,0.01513,0,0.03593,0.08865,0.01629,0.03822,0,0.00474,0,0.19805,0.41731,0,0.01209,0.01581,0,0,0.0087,0.00624,0,0.03193,0,0.02014,0.02995,0.16435,0,0.00263,0.00212,0.00011,0,0.00467,0.00252,0.08139,0.32659,0.00426,0,0.01548,0,0,0,0.05696,0,0,0,0,0.00206,0,0.10865,0.01823,0,0.07769,0.05848,0.00531,0,0.63583,0,0.05995,0.08908,0.62756,0,0.1833,0,0.21286,0,0,0,0,0,0.0545,0.46568,0.39695,0,0,0,0.0123,0.04538,0,0.88923,0.01522,0.03461,0.10256,0.06567,0.03501,0.0452,0.16182,0.03517,0.14993,0.01047,0.3573,0.08018,0.01436,0.50384,0.01331,0.02217,0.06348,0.01174,0,0,0,0,0,0,0,0,0,0,0,0,0,0,0,0,0,0,0,0,0,0,0,0,0,0,0,0,0,0,0
TR10011,0,0,0,0,2.96911,0,0,0,0,0.01623,0,0,0,0,0.87966,0,0,0,0,0,0,0,0,0,0,0,0,0,0,0.72006,0,0,0.60253,0,0.1186,0.65548,0,0,0,0,0,0,0,0,0,0,0,0,0,0.33281,0,1.77222,33.77162,0,0,0,0,0,0,0,0,0,0,0.00409,0,0,1.11301,1.51054,0,0,0,0,0,0,0,0,0.26283,0.99355,1.44659,0,0,3.65152,0,0,0,0,0.08009,0,0,0,0.32094,0.03019,0.13184,0,0,0,0,0,0,0,0.00617,0,0,0,0.00577,0,0.85665,0,0.01233,0,0,0,0,0,0,0,0,0,0,0,0,0,0,0,3.13661,0,0,0.35812,0,0,0,1.54009,0,0,0,0,0,0,0,0,0,0.00091,0,3.20667,0,0,0,0,0,0,0,0,0,0,0,0,0,0,0,0,0,0,0,0,0,0,0,0,0,0,0,0,0,0,0,0,0,0,0,0,0,0.01239,0,0,0,0,0,0,0,0,0,0,0.15827,0,0,0,0,0,0,0,0,0,0,0,0,0,0,0,0,0,0,0,0,0,0,0,0,0,0,0,0,0,0.01921,0,0,0,0.07642,0,0,0,0,0,0,0,0.02986,0,0,0,0,0,0,0,0,0,0,0,0.27638,0,0.01785,0,0,0,0,0,0,0,0,0,0,0,0,0,0,0,0.00357,0,0,0,0,0,0,0,0,0,0,2.29969,0,0,0,0,0,0,0,0.01553,0,0,0,0,0,0,0,0,0,0,0,0,0,0,0,0,0,0,0,0,0,0,0,0,0,0,0,0,0,0,0,0,0,0,0,0,0,0,0,0,0,0,0,0,0,0,0.00059,0,0.02945,0,0,0,0,0,0,0,0,0,0,0,0,0,0,0,0,0,0,0,0,0,0,0,0,0,0,0,0,0,0
TR10013,1.13893,0.59003,0.44762,0.05031,0.41285,0.36563,0.0974,0.29024,1.33092,0.68906,0.86464,0.03733,0.32424,0.58545,0.25276,1.90537,0.11594,0.01078,0.01741,0.60751,0.11895,0.46651,0.51878,0,0.25065,3.96215,3.56539,3.22877,0.12242,2.25294,0.41654,0.04323,0.01607,0.01671,0.26285,0.02566,0.09077,0.08422,0.00179,0.35123,0.00418,0.19792,0.55985,0.33775,0.07467,0.0187,0.02519,0.40809,0.05428,0.34316,0.38576,0,0.39037,0.03023,0.26874,0.12852,0.15111,0.00375,0.0353,0,0.24655,0.20897,0.06132,0.00707,0.25008,0.0465,0.05214,0.2002,0.30732,0.00705,0.07357,0.28273,0.14109,0.02016,0,0.03721,0.03744,0.03511,0.00029,0.05144,0.00831,0.03577,0.04461,0.00011,0.02918,0.79207,0.00291,0.02255,0,0.00177,0,0.00093,0.0044,0.00594,0,0.00467,0.02158,0.0185,0.01176,0.07661,0.00058,0.99474,1.40089,0.00465,0.06187,0.00437,0.0061,1.62123,0,0.00071,0.75262,0.01214,1.15637,0,2.83425,1.22306,0.74398,0.00105,0.00493,0.03975,0.01537,0.42406,0.02166,0.07264,0.25321,0.04282,0.25628,5.46428,0.47358,0,0.05295,0.02358,0.03813,0.23868,0,0,0.16358,0,2.73993,0.04942,0,0.00071,0.95498,0.00869,0,0.14538,0.00369,0,0.39196,0.01869,0.00194,0,0,0,0,0.05837,0,0.07857,0,0,0.1403,0.04391,0.03138,0,0.0578,0.01256,0,0,0.02791,0,0,0.44769,0.10359,0.48338,0,0.22592,0,0.00269,0.06999,0,0.48126,0,0,0,0.00038,0.00936,0,0,0,0,0.31315,0.00181,0.00478,0,0.16495,0.11676,0.00427,0,0.08204,0,0.00362,0,0.00952,0,0,0,0.00476,0.35595,0.04829,1.43402,0.03314,0.20368,0.00797,0.0032,0,0.04266,0.05569,0.00053,0.01785,0.09252,0.05372,0.19804,0.00661,0.01124,0,0.05211,0.01541,0.02998,0,0,1.25371,0,0,0.07029,0.0084,0.00861,0.0112,0,0,0,0,0.00959,0,0,0,0.00318,0,0.42697,0.02149,0.00347,0,0.0019,0,0,0,0.00317,0,0,0,0,0.01025,0,0,0.00583,0.00153,0.00693,0.00467,0,0,0,0,0.00469,0,0.06581,0.20893,6.49822,0.06567,0.01645,0.01268,0,0,0,0,0.02379,0.00705,0,0,0.00118,0,0,0.01702,0.00665,0.03767,0,0.08272,0,0.09105,0,0,0,0.09,0,0.16129,0.08372,0,0.01054,0.17323,0.42448,0.02984,0,0,0.08549,0,0.29096,0.0355,0.06527,0,0.01422,0.02295,0,0,0,0.00619,0,0,0,0.08605,0.66965,0,0,0,0.00063,0,0.02694,0.01336,0.04143,0.71594,0.56254,0.00121,0.06914,0.05216,0.00645,0.02144,0,0,0,0,0,0,0,0,0,0,0,0,0,0,0,0,0,0,0,0
TR10014,0.10183,0.53899,1.1222,1.97559,0.36235,0.38271,0.04816,0.71804,0.29539,1.05985,1.26168,0.22419,0.07321,0,0.10228,3.77246,0.05273,0,0.05239,0.30014,0.11917,0.93027,0,0.20976,0.14477,7.88847,5.91489,0,0.11888,4.35587,0.11264,0.19421,0.06928,0.18167,0,0.09647,0.10516,0.10431,0.03721,0.09149,0.38833,0.02299,0.52313,0.10258,0.01221,0.60762,0.06414,0.52977,0.10354,0.20847,0,0.0483,0.32423,0.08837,1.70405,0.00535,0.94175,0.00976,0.02217,0,0.01153,0.09565,0.6003,0.05871,0.14216,0,0.07825,0.31335,0.64727,0.01069,0.06021,0.08662,0,0.07461,0,0.53814,0,0.04335,0.0779,0,0.02454,0,0.18212,0.12186,0.09997,0,0,0,0.3125,0.00494,0,0.0005,0,0,0.05332,0.03375,0.07783,0.04896,0.00137,1.41122,0.00121,1.47661,1.05664,0.00067,0.00284,0.00485,0,0.01349,0,0,0,0.07518,0.30466,0.18489,0.30919,3.07523,0.48648,0.02952,0,0.59231,0.12382,0.05597,0.06671,0.81372,1.70439,0.04499,0,0.18844,0.13485,1.14206,0.0079,0.58802,0,0.09761,0.15485,0,0.0094,0,2.67646,0.25162,0.02251,0,0.07402,0.04081,0.05,0.03175,0.27255,0.02091,0.54572,0.00282,0.0497,0.15546,0.10328,0,0.1634,0.16507,0.29807,4.09238,0,0.00414,0.00171,0.61065,0.02504,0,0.03248,0.0172,1.45731,0,0,0.03461,0.05653,0.02882,0.34437,0,0.8514,0.38125,0.40213,0,0.07578,0,0.4056,0,0,1.02974,0,0.02818,0.06677,0.05084,0,0,0.0105,0,0,0.0432,0.25321,0,0,0,0.00607,0.00572,0.00159,0,0.01371,0.18414,0,0,0.14378,0.55583,0.00289,0,0,0.10118,0.41816,0.13339,0.07416,0.11226,0.0271,0.0357,0.0176,0.00691,0.00499,0,0,0.01038,0,0.29372,0,0.16012,0.05859,0.00898,0,0.79117,0.0057,0,0.0084,0,0.01879,0.03553,0,0.02678,0.01414,0,0.0499,0,0,0.01749,0.15781,0,0.02422,0.02071,0,0.01145,0.04103,0.04194,0.09589,0,0,0.00657,0,0.08588,0.02984,0,0.0002,0,0.01113,0.00273,0.01954,0,0,0,0,0,0.00453,0.00141,0.02645,0.77232,0.05289,0.01057,0.0068,0.07472,0,0,0,0,0.49987,0.03874,0.00116,0,0,0,2.02088,0.02396,0,0.01156,0.01285,1.82566,0,0.05032,0.00555,0,0.00327,0,0,0.1436,0,0.0304,0.34535,0,0,0,0.00948,0.00557,0,0.02154,0.05956,0,0,0.47532,0.00997,1.22331,0.07108,0,0,0,0.00738,0,0,0.08542,0,0,0,0,0,0,0.03427,0.03906,1.0884,0,0.02277,0.26345,0.01842,0.00883,0.05069,2.09937,0.32179,0.04548,0.12881,0.21714,0.00483,0.05515,0.15177,0,0,0,0,0,0,0,0,0,0,0,0
TR10015,0.58602,0,0,6.74505,0.50525,0,0.35974,0.3904,0.05452,0.99979,0,0.63554,0,2.07764,0.0208,1.74358,0.68461,0,1.22765,1.1171,1.28981,0.51821,0.18821,0.20063,0.15284,8.66624,5.20542,0,0.08939,2.51692,3.51155,0,0.14157,0.54617,0,0,0,0.08442,0,0,0.09104,0.54666,0,0,0.19693,0,0.21164,0,0,0.28986,0,0,4.75194,0.01668,3.38016,0,0.02353,0.18807,0,0,0.07001,0,0.42436,0.07725,0.74085,0,0.0998,0.18502,0.50576,0.07821,0.21109,0.12941,0,0.01825,0,0.09299,0.02909,0.12298,0.08174,0,0.01299,0,0.0678,0.01022,0.03857,0.07748,0.00192,0,0,0.00494,0.02102,0.00908,0.01051,0,0,0.00718,0,0,0.01109,0,0,0,0.84668,0,0.07993,0.00108,0,0,0,0,0,0,0,0,0.47309,1.20681,1.49914,0,0,0.25483,0.18587,0,0,0.97665,1.04144,0,0,2.27941,0,1.66092,0.33329,0.94762,0,1.83949,0,0,0,0,5.24914,0.07803,0,0,0,0.00215,0,0,0.03992,0.2874,0,0,0,0,0,0,0,0.363,0,0,0,0,0,0.06059,0,0,0,0,0,0,0,0,0.11373,0,0,0,0.14397,0.44198,0,0,0.01214,0,0,0,0,0,0,0,0.03385,0,0,0,0,0.09623,0,0.40269,0.37087,0.22978,0,0,0,0,0,0,0.00197,0,0,0,0,0.77152,1.22401,0,0.02573,0.24169,0.07568,0.09365,0.03874,0,0,0,0.02478,0,0.33256,0.04798,0.00786,0.01522,0.3539,0,0.00082,0,0,0,1.55581,0,0.33959,0,0.0147,0,0,0.00871,0,0.03379,0.07414,0,0.05184,0,0,0,0.0729,0,0.02678,0.05951,0.19468,0.03461,0,0,0,0.01278,0,0.23286,0,0,0,0,0,0,0.00231,0.04325,0.00559,0,0,0,0,0,0.03745,0,0,0,0.01244,0,0,0,0.22901,0,0,0,0,0.7371,0.04204,0.10665,0.08733,0,0.80101,0,0,0,0,3.14855,0,0,0,0.75525,0,0,0.08694,0.08371,0,0,0.00791,0,0,0,0,0,0,0,0,0,0,0,0,0,0,0,0,0,0,0.12892,0,0,0,0,0.01403,0,0,0,0,0,0,0,0.02625,0,0,0,0,0,0,0,0,0,0,0,0,0.00496,0,0,0,0,0,0,0,0,0,0,0
TR10018,4.59965,0,0.09835,2.52089,0.49376,0,0.35379,1.95726,3.20754,0.77772,0.5092,0.05985,0,0.27919,0.43036,3.31363,0.28821,0,0.03081,0.54605,0.1896,0,1.15658,0,0.81321,0,9.70475,0,0.07619,0.51281,3.34628,0.1909,0.00362,0.21059,0,0.28447,0,0.08553,0.01644,0,0.63245,0.13593,0.42214,0,0.34526,0.04964,0.0489,0.50832,0,0.12649,0.23125,1.43333,0,0.02847,7.09275,0,0.14671,0.01007,0.09042,0.11547,0.18724,0.33414,0.31087,0,1.30602,0.33594,0.06522,0.20623,0.0124,0,2.30729,0.08189,0,0.02693,0,0.05491,0,0.01218,0.03362,0,0.00968,0,0.03641,0,0.04408,0.00685,0.00662,0,0,0.00213,0.00847,0,0.00066,0.01019,0,0.00147,0.1033,0.13046,0.01753,0.22071,0,0,0.11319,0.00487,0.00727,0.00848,0,0.35924,0,0,0.8112,0,0,0,0.89834,2.78684,0.27197,0,0,0,0.32576,0,0.62252,0.17906,5.97044,0.48473,0,1.91755,0,0,0,0.57647,0,0,0,0.14933,0,0,0,0.12718,0,0,0.08694,1.70343,0,0,0.03362,1.53003,0.45766,0,0,0,0,0.05055,0,0.35114,0,0,0,0,0,0,0,0,0.03377,0,0,0,0,0,0,0,0,0,0.03414,0.59115,0,0.055,0.19369,0,0.11923,0,0,0,0,0.09201,0.12538,0,0.76451,0,0.02134,0,0,0,0.00974,0,0,0,0,0,0,0,0.00637,0,0,0,0,0.06342,0.21785,0,0.00445,0.31371,0.22324,0.11028,0,0.10402,0,0.00587,0,0,0,0,0.02495,0,0.01197,0,0.01174,0,0,0.03253,0,0,0.27473,0,0,0,0.05411,0.01997,0,0.02163,0,0,0.00826,0,0,0,0.10496,1.33968,0,0.01347,0,0,0,0.02115,0.02162,0,0.10199,0,0.00101,0.02715,0,0,0,0,0.01548,0.00653,0.00538,0,0,0,0,0,0,2.52234,0,0.05633,0.04331,0,0,1.3234,0,1.43837,0,0,0,0,0,0,0,0,0.09753,0,0,0,0,0,0,0,0,0.10017,1.04433,0,0.12419,0.22817,0,0,0,0,0,0,0,0,0,0,0.0064,0,0,0,0,0,0,0,0,0,0,0.01263,0.03487,0,0,0,0,0,0,0,0,0,0,0,0.027,0,0,0,0.04151,0,0,0,0,0,0,0.03616,0,0,0.05819,0,0,0,0,0,0,0,0,0,0
TR10020,0.03701,1.08638,3.03189,0.3108,2.02123,0.18197,1.08851,0.52448,0.2493,2.83473,0.30907,1.33449,0,0,0.10341,0.00858,0.24765,0.37359,0.19162,0.56752,1.05209,0,0.00938,0.02331,2.10891,0.026,3.99851,0.00644,0.29586,1.15299,0.00325,0.08511,0.32815,0.20079,0,0.10524,0.03489,0.50075,0.08197,0,0.54936,1.14404,0.14822,0.05401,0.48947,0.05935,0,0,0.38883,0.88468,0.9912,0,0,0.00211,0.29018,0.14504,0,0,0,0,0.00066,0.04831,0,0,0.08757,0,0.00722,0.00308,0.49352,0,0.8349,0.12757,0.00491,0.08958,0,0.26786,0.00914,0.06631,0,0.04082,0,0.02545,0,0.02752,0.0003,0.00991,0.00199,0,0,0,0,0,0,0,0,0,0.00282,0,0.19032,0.07356,0,14.30736,1.59365,0,0.00237,0,0,0.54887,0,0,0,0.46685,1.32876,1.26657,0.90184,1.32754,0.49684,0.11043,0.58525,0.37969,1.01159,0,0,0,1.15469,0.35854,3.99905,0.69307,0.03507,0.17543,0.13986,0.84995,0.10026,0.16604,0.0097,0.07221,0.04681,0.11412,0.33574,0.43638,0.10837,0,0.01618,0.37521,0,0.0117,0.0466,0,0.82273,0,0.10743,0.11629,0.08466,0.2339,0,0.01855,0.02908,0,0,0.00634,0.03745,0.05655,0.37193,0,0.04222,0.08616,0,0,0,0,0,2.00253,0,0,0.03156,0,0,0.06398,0,0,0,0,0,0.02009,0.08673,0,0.01517,0,0,0.11563,0.16815,0,0,0,0,0,0,0,0,0.14909,1.38209,0,0,0,0,0,0,0.04478,1.22592,0,0,0.43002,0,0.2308,0,0.24991,0.04545,0.00567,0.02852,0.06649,0,0,0,0,0,0.01565,0.00635,0.35718,0,0,0.03696,0,0,0.00069,0,0,0.0724,0,0.08724,0.01194,0,0.00586,0,0.21054,0.009,0.04331,0.04525,1.05032,0,0.02205,0,0,0,0.00297,0.00059,0,0,0,0.01438,0.00087,0.07918,0,0,0,0,0.1003,0,0,0,0,0,0,0,0,0.97087,0.05173,0,0,0,0,0,0,0.89015,0,0,0.00829,0,0,0.04535,0,0,0,0,0,0,0,0,0,0,0,0.00228,0.59184,0,0,0,0.05685,1.08517,0,0,0,0.02682,0,0,0.13636,0.03404,0,0.05931,0.27004,0.04617,0,0,0.00458,0.00713,0,0.01358,0,0.07575,0,0,0,0,0,0,0.02431,0,0,0.0152,0,0,0,0.09504,0,0.00196,0.95765,0.85116,0,0.05584,0,0.06108,0.02628,0.01582,0,0.83961,0.00876,0.15886,0.00679,3.37326,0.05917,0,0,0,0,0
TR10023,0.9962,0.21866,0.06822,0.50906,0.24597,0.06644,0,0.16302,0.08567,3.61573,0.09523,0.02169,0.13687,3.45117,0.09138,0.01027,0.0115,0,0.04179,0.27728,0.01911,0.07603,0.10761,0.04288,0.29342,0.08319,4.03688,0.45058,0,20.8502,0.12296,0.09604,0.01731,0.06132,0,0.04591,0,0.19418,0.00646,0.15703,0.01307,0.00925,0.11414,0.04471,0,0.02277,0.00855,0.25229,0.04212,0.16533,0.04191,0.23185,0.0837,0,0.74399,0.04187,0,0,0.01924,0,0.00667,0.10112,0.0855,0,0.00616,0,0,0.00324,1.41972,0.05856,0.00631,0.04781,0.00542,0.02703,0.02158,0.01553,0.02617,0,0,0.06866,0,0,0,0,0,0.05117,0,0,0.00506,0,0,0,0,0,0.02723,0,0.0004,0.06175,0.04137,0.00992,0,4.17577,4.63305,0.01688,0.02013,0,0,0.04093,0,0,0,0,0.08831,0,0.4417,0.70965,0.47884,0,0.53579,0,0.29305,0.07901,0.22733,0.16123,0.03171,0.26442,0,0.03041,2.19944,0.18048,0.53963,0.33444,0.0332,0.10531,0.15955,0.85104,0.15594,0.59258,0.55883,0.01432,0.12555,1.29259,0.0883,0.00462,0.18852,0.10934,0.06569,0,0.74364,0.04811,0.03016,0.00836,0.062,0.02663,0.12347,0.00873,0.00658,0.50686,0.0087,0.05422,0,0.01782,0.21764,0.19753,0.01397,0.02167,0,0.04673,0.32959,0.03973,0,6.64946,0.00686,0.08583,0.00749,0.04039,0.04118,0.02452,0.05466,0.16133,0,0.02671,0,0,0.00306,0,0.00031,0,0.06281,0,0,0.05095,0.31805,0,0.01935,0.10843,0.00598,0,0.01617,0.01872,0.09767,0.01615,0,0,0.00248,0.02204,0.3113,0.00439,0.10422,0,0.00095,0.04762,0,0.0324,0,0.13765,0.01347,0.01882,0,0.12607,0,0.00535,0,0,0.00049,1.58219,0.01426,0.8435,0.02673,0.16468,1.58319,0.02213,0.04431,0.07524,0.10407,0.00988,0.03664,0,0.01805,0.0307,0.01637,0.00462,0.00316,0,0.01417,0.09037,0,0.00866,0.00107,0.0006,0,0.00613,0,0.01225,0.03465,0,0.17772,0,0,0,0.01706,0.00433,0.00018,0,0,0.01178,0.00268,0,0,0.00865,0,0,0,0,0.30755,0.18417,0,0.0853,0.0036,0.03335,0,0,0,0.01712,0,0,0.01635,0,0.04803,0.08069,0,0.05324,0.08525,0,0,0,0,0,0,0,0.05043,0,0,0,0,0,0.03221,0,0.0465,0,0,0,0.00121,0.3554,0.02935,0,0.13202,0.03575,0.04361,0.01136,0.04962,0.02483,0.00566,0,0.00442,0,0,0.29693,0.02685,0,0.00949,0.0111,0,0.02613,0.04937,0.00861,0,0,0.09487,0,0.2347,0.00206,0.02982,0.00108,0.20522,0,0.0488,0.02981,0.01565,0.00854,0.2667,0.00439,0,0.05583,0.36007,0.0046,0,0.00817,0.18821,1.01538,0.04584,0.14696,0.06488
TR10024,4.13775,0,0,0,9.54586,0,0,3.48769,10.57061,0.40483,0,0,0,0.02381,1.3291,0,1.67724,0,0.25581,1.14431,1.77344,0,0.51677,0,0.78389,0,12.82358,1.95726,0.44292,0.01011,0.67162,0,0.00963,3.53293,0.22931,0.48963,0,0,0.09535,0,0,0.00746,0.23437,0,0.19457,0,0,0,0,0,0.81758,0.00153,0.02105,0,1.01894,0,0,0,0,0.00198,0,0,0.61671,0,0,0,0.25501,0.30644,0,4.06655,0.65443,0,0,0,0,0.00569,0.06973,0.00973,0.26795,0,0,0.10664,0.11774,0,0,0,0,0,0,0.01915,0,0,0.03015,0.00815,0,0,0,0,0,0.11141,0,0.0053,0.09981,0,0.00425,0.00057,0.02946,0,0,0,0,0,0,0,3.71293,0,0,0,0,6.28308,0,0,0,0,4.14466,0,0,0,0,0,0,1.9836,0,0,0,0,0,0,0.00366,0.02442,0,0.01346,0,0.4671,0,0,0,0.82272,0,0,0,0,0,0,0,0,0,0,0,0,0,0,0,0,0,0,0,0,0,0,0,0,0,0,0,0.19728,0,0,0,0,0,0,0,0,0,0,0,0,4.51107,1.66564,1.05383,0.31215,0.00423,0,0,0,0,0,0,0,0,0,0,0,0,0,0,0,1.35217,0,0,0,0.0317,0,0,0,0,0,0,0,0,0,0,0,0,0,0.03602,0,0,0,0,0,0,0,0,0,0,0,0,0,0,0,0,0,0,0,0,0.12095,0,0.01445,0,0,0,0,0,0,0,0,0,0,0,0,0,0,0.00099,0,0,0,0,0,0,0,0,0,0,0,0.02262,0,0,0,0,0,0,0,0,0,0.298,0,0,0,0,0,0,0,0,0,0,0,0,2.08592,0,0,0,0,0,0,0,0,0,0,0,0,0,0,0,0,0,1.07923,0,0,0,0,0,0,0,1.08068,0.3253,0,0,0,0,0,0,0,0,0,0,0,0,0,0,0,0,0.00782,0,0,0,0,0,0,0,0,0,0,0,0,0,0,0,0,0,0,0
TR10026,0.16323,0.69943,0.57071,1.84227,1.23692,0.08861,0.32389,0.59441,0.02027,1.53473,0.28515,0.40049,0.28993,0,0.11072,0.01419,0.32053,0.03002,0.62158,0.23436,0.46661,0.0059,0.02126,0.03263,1.64452,0,4.27171,0.43897,0.10707,1.18786,0,0.20995,0.28124,0.2404,0,0.30992,1.17029,0.54199,0.06928,0,0.5519,0.12211,0.01885,0,0.25243,0.02463,0.01408,0.03261,0.16339,0.17589,0.74962,0,0,0,0.02681,0.10919,0.2877,0.4162,0.0161,0,0,0.05672,2.32927,0,0.00408,0.02518,0.00349,0,0.11027,0.00902,0.05365,0.03196,0.02147,0.07113,0.00178,0.22276,0.23188,0,0,0,0,0,0,0,0,0,0,0,0,0,0,0,0,0,0.00969,0,0.04236,0,0.03304,0.06281,0,12.3071,0.10959,0.101,0.31302,0,0,1.46093,0.0084,0.26769,0,0.22147,10.10081,8.71287,0.49093,0.47979,0.57728,0,2.32668,0.5994,0.84009,0.15212,0.51105,0,0.33147,0.28699,0.84223,0.08605,0,0.0008,0.02876,0.00288,0,0.00824,0,0.05226,0.00982,0.0209,0.06109,0.25056,0.01784,0.00166,0.13907,0.19713,0.06803,0.04758,0.02958,0,0.01553,0,0.60839,0.12506,0,0,0.05103,0.14917,0.03947,0,0.01222,0,0.06347,0.00426,0.02951,0,0.0273,0.02181,0,0.01219,0,0.01864,0,1.87564,0.07695,0,0.00755,0.07762,0,0,0.0546,0.01043,0,0.01506,0.01704,0,0.06977,0.1818,0.11945,0.09812,0.03481,0,0.07192,0,0,0,0.05372,0,0.04918,0.00231,0,0,0,0,0,0.08027,0.00643,0.0017,0.44648,0.01368,0.64288,0,0,0.20308,0,0.22874,0.02271,0.40884,0.23996,0.2119,0,0.01716,0,0,0,0,0,0.03496,0,0.00205,0,0,0,0,0.02476,0.00158,0.00097,0.05321,0.09689,0.01434,0.12641,0.02994,0.03075,0.05493,0.01341,0.86429,0.00654,0.07988,0.00803,0.78943,0,0.00492,0,0,0,0,0.00166,0.38229,0,0.40282,0.01393,0.03089,0,0,0,0,0,0,0,0,0.3214,0.00096,0,0,0,0,2.47251,0.05927,0,0,0.02644,0.02733,0,0,0,0.02729,0.4384,0.00217,0.01793,0,0,0.17412,0,0.29273,0,0.01755,0.00715,0.37459,0,0,0.58563,0.05914,0,0,0,0,0.05488,0.01888,0,0,0,0.09037,0.02102,0,0,0.03806,0.00264,0.01015,0.00648,0.36205,0.02247,0.00216,0,0.00697,0,0,0.02309,0,0.56541,0.01725,0.15719,0,0,0.03706,0.03214,0.00728,0.05877,0.001,0,0.20196,0,0,0,0.0058,0,0.44892,2.83422,0,0,0,0.03396,0,0,0.00916,0.356,0,0,0,5.34678,0,0,0,0,0,0
TR10027,0.54398,0.29638,0,0.02222,0.20711,0.49352,0,0.98881,0.40376,0.22782,0.0469,0,0,4.54555,0.03628,0.50551,0.13762,0,0.08051,0.6694,0.34183,0.02385,0.37397,0,0.10119,0.27052,0.39132,0.15358,0.02231,10.51296,0,0.03331,0.04044,0.1099,0.48521,0.01272,0.20409,0.15024,0.01865,0,0.14418,0.00073,0.27398,0.15745,0.09554,0.08333,0.00145,0.03948,0.00333,0.1343,0.00652,0.09298,0,0.03912,0.1711,0.11164,0,0,0,0.14195,0.16579,0.06105,0.36482,0,0.09665,0,0.03151,0.10722,1.93276,0.02914,0.11379,0,0,0.04521,0,0.02377,0,0.3294,0,0.01312,0.01001,0,0.09194,0,0.01416,0.01024,0.00056,0.02983,0,0,0.05182,0,0,0,0.02322,0.00077,0.00209,0.08056,0.03686,0.08817,0,0.34919,0.49088,0,0,0.00263,0,3.21094,0,0,0,0.14464,0.37931,0,0.08049,0.15688,0.09503,0.15188,0.08164,0.0029,0.01365,0.00041,0,0.22512,0.83251,0,0.2056,0.01723,0.53554,3.65257,0.93737,0.12082,0.19833,1.94664,0.23486,0.46413,0.12369,0,0,0.00779,0.00117,0.00379,0,0.01962,0,0,0.08772,0,0.01845,0.03504,0.00545,0,0,0,0.00017,0.05132,0,0.31914,0,0,0.00185,0.00119,0.0016,0,0.01403,0.00338,0.78484,0,1.56995,0,0,0.052,0,0,0,0.83597,0.01175,0.02396,0.00907,0.03831,0,0,0,0.06986,0,0,0.07383,0,0.43293,0.00026,0,0.09226,0,0,0,0.15933,0.0504,0,0.15834,0.00076,0.01427,0,0.02917,0,0,0,0.04097,0,0.02397,0.13187,0.15678,0.02732,0,0.07979,0.03496,0.06384,0.00329,0.00505,0,0.41965,0,0.00096,0,0,0.49264,0.88727,0.08499,1.14015,0,0.07326,3.56521,0,0.06302,1.56572,0.01858,0,0.06144,0.00051,0.00063,0.01204,0.00422,0.13111,0,0.09254,0,0,0,0,0.07195,0.00604,0.00201,0.03154,0,0.04487,0.0009,0.02095,0.3552,0,0.00304,0,0.0014,0,0.00139,0.00217,0.06262,0.05651,0.01666,0.00264,0.01386,0,0,0.00835,0,0,0.0252,0.00204,0,0.01072,0,0,0,0,0,0,0.00015,0,0,0,0.04412,0,0.45579,0,0,0.00546,0.02642,0,0.97069,0,0,0.00209,0,0.42098,0.26339,0,0,0.04504,0.90119,0.00064,0.00675,0,0.01448,0,0.00876,3.14434,0.00984,0,0,0,0,0,0,0,0,0.91211,0,0,0,0.27255,0,0,0.02324,0.0338,0,0,0,0,0.25891,0,0.0033,0,0.1841,0.00318,0,7.61632,0,0.08736,0,0,0,0.00484,0,0.00305,0,0.16299,0,0,0.55029,0.08419,0,0.01521,0,0,0.08801
TR10030,0.78807,0.52462,2.1363,5.21595,0.92576,0.38809,0.10418,0.54859,2.98904,0.88258,1.29182,1.02297,0,0.00242,0.04649,4.46017,0.34016,0.34572,0.02072,1.04206,0.53294,0.24521,0.41021,0.09572,0.5774,0.05559,4.77122,0.02998,0.08543,2.04138,0,0.78269,0.23373,0.06389,0,0.0491,0.18565,0.28723,0.04552,0.42574,0.26938,0.45683,0.38987,0.27206,0.34914,0.20578,0.07814,0.41466,0.13792,0.14043,1.53577,0,0,0.00365,0.14229,0,0.63473,0.04415,0.09695,0,0.19814,0.48323,0.9174,0.0495,0.00337,0,0.02947,0.04971,0.68038,0.26981,0.4812,0.22827,0.12963,0.05483,0.0504,0.16807,0.01893,0.00757,0,0.01026,0,0,0.01157,0.00309,0.00274,0.00102,0.00322,0.06466,1.31463,0.00341,0,0,0,0,0.00212,0.00947,0.06226,0,0.01502,0.25559,0,15.6858,0.8642,0,0.00206,0.00281,0,0.87688,0,0,2.78183,0.18071,0,0.078,0.45145,1.50524,0.93914,0,1.10136,0.88686,0.56735,0.02178,0,0.06938,2.14866,0.32159,0,0.34572,0.29703,0.28104,0.11851,0.13328,0,0.2784,0,0,0,0,3.88924,0.08329,0.13736,0,0.02341,0.92683,0,0,0.13462,0.02346,0.57347,0,0.02585,0.00567,0.07768,0,0.01681,0.23416,0.10678,0.03032,0,1.04833,0.12027,0.08084,0.00402,0,0.03568,0.08582,0.52179,0,0,0,0,0,0,0,0,0,0,0,0.06579,0,0.02467,0,0,0,0,0.13562,0.48995,0.08395,0,0,0,0,0,1.01184,0.08969,0,0,0.00461,0.01752,0,0,0.98153,0,0,0.00343,0,0,0.01529,0.10148,0,0.50119,0.26182,0.04747,0.23929,0,0.04797,0.07453,0.03671,0,0.01363,0.01693,0.00395,0,0.00046,0.0069,0,0,0,0,0,0.02358,0.33107,0.04395,0.02903,0.006,0.00076,0.07475,0.02756,0.03237,0.01745,0.01534,0.02413,0.00776,6.64163,0.01272,0.05068,0,0.01098,0,0.01907,0,0,0,0.02086,0.0007,0.07883,0.03544,0,0.00292,0.04044,0.0501,0,0.009,0,0.0034,0.00221,0.00026,0.00153,0,0,0.02546,0,0,0,0,0.30245,0,0.14697,0,0,0,0,0,0,0,0.04361,0.04672,0.01236,0.03349,0,1.07305,0,0.31006,0.00777,0,0.07862,0,0,0.1758,0.05016,0,0,0.14028,0.04346,0.26644,0.00212,0.17773,0,0.00164,0.0325,0.01045,0,0,0.00944,0.00712,0.02236,0.02989,0,0.05187,0,0,0.00585,0.00374,0,0,0.20473,0.21897,0,0.02757,0,0.01883,0,0,0,0.14772,0,0,0.20325,0,0,0.08299,0.00032,0.0118,0,0,0,0,0,0,0.00609,0,0.00085,0,0,0,0,0,0,0.0075,0,0.02689,0.10313,0.0761
TR10032,0.08295,0.27703,0.54827,0.65138,0.3596,0.37055,0.87239,0.58205,0.41879,2.40446,0.5047,0,0.27212,0.04669,0.25032,2.55587,0.28073,0.46538,0.28291,0.83584,0.99156,0.50512,0.50813,0.04601,0.22068,0.02703,3.66982,0.00917,0.14805,3.9342,0.01533,0.00798,0.52849,0.06788,0,0.08109,0.01843,0.17847,0.15792,0.44471,0.02474,0.70974,0.40976,0,0.34134,0,0.00919,0.132,0.14622,0.17096,0.06573,1.6202,0.50534,0,0.44772,0.12835,0.23636,0.11598,0.00693,0,0.35212,0.35303,0.41378,0,0.47538,0.01094,0.00941,0,0,0.13431,0.01543,0.03918,0.41913,0.05887,0.01101,0.05496,0.08681,0.00871,0,0.07873,0.0021,0,0,0,0.00345,0.09199,0,0,0.03342,0,0.00425,0,0,0.00202,0.00423,0.00362,0.08112,0.01841,0,0.00548,0,3.98241,7.97943,0.01326,0.05549,0.00577,0,0.07038,0.0005,0,1.57617,0.13856,8.62322,0.42886,0.39463,1.60399,0.01575,2.25096,0.56509,0.00072,0.25146,2.26785,0.29354,0.29065,0.18733,0.23207,0,0.42943,0.1607,0.66495,0.06656,1.03564,0.02436,1.07269,0.10206,0.31134,0.25343,0.47777,1.20986,0.07669,0.20878,5.83538,0,0.06177,2.90808,0.03231,0.11138,0.33503,0.07367,0.0179,0.08439,0.26225,0.14137,0.00915,0,0.46033,0.04713,0.20461,0.36765,0,0,0.06859,0.73613,0,0.0383,0.02507,0,0.00372,0,0.60855,0,0,0,0.10693,0,0.26979,0.47549,0.02608,0.06482,0.00234,0.02147,0.019,0.00174,0,0,0.00635,0.36413,0.11243,0.15892,0,0,0,0,0,0.08205,0,0.03165,0.00177,0.00564,0,1.00544,0,0,1.83003,0,0.00907,0.43714,0.00104,0.00298,0,0.41086,0.13348,0.17471,0.11557,0,0.21848,0.07389,0.01101,0.04106,0.01135,0.03027,0,0,0,0,0,0,0,0,0,0.00358,0.79413,0,1.29378,0.0316,0.0857,0.14118,0.01757,0,0.04525,0.10735,0.01687,0.04508,0,0.00556,0,0.18472,0.49192,0.0009,0.01708,0.0113,0,0,0.01076,0.00652,0,0.02673,0,0.01703,0.03557,0.17881,0,0.00102,0.00266,0.00159,0,0.00487,0.003,0.0907,0.16337,0.00728,0,0.01177,0,0,0,0.0684,0,0,0,0,0.00804,0,0.12742,0.01918,0,0.09165,0.06857,0.00467,0,0.6997,0,0.06568,0.09748,0.55726,0,0.24617,0,0.32462,0,0.00119,0,0,0,0.05687,0.54007,0.30774,0,0,0,0.01357,0.05441,0,1.38509,0.01193,0.03025,0.12469,0.07424,0.03076,0.03313,0.16566,0.05416,0.22791,0.00412,0.47424,0.07693,0.01698,0.49501,0,0.02178,0.04875,0.01209,0,0,0,0,0,0,0,0,0,0,0,0,0,0,0,0,0,0,0,0,0,0,0,0,0,0,0,0,0,0,0
TR10033,1.52328,0.22114,0.05181,0.08302,0.69553,0.14465,0.71909,0.41385,2.57916,3.11704,0.73124,0,1.93636,1.35482,0.18842,1.08371,0.24569,0,0.37068,0.57592,0.21426,0.67362,0.52623,0.02176,0.32985,0.15627,5.38018,0.34339,0.27921,1.54342,0.01597,0.20595,0.2083,0.03751,0,0.14779,0,0.21479,0.08809,0.51146,0,0.03309,0.05621,0.02646,0.08135,0.0318,0.029,0.00677,0.13892,0.06855,0.0976,0.00808,0.05475,0.00043,0.22874,0.06662,0.08829,0.02886,0.01708,0.02584,0.00065,0.06863,0.15714,0,0.29516,0.16751,0,0.02583,0,0.01169,0.07792,0.04298,0.03921,0.07664,0.01976,0.11905,0,0.0025,0,0.05993,0,0,0,0,0.00205,0.64559,0.00054,0,0,0.0015,0.00191,0,0,0.01183,0.01449,0,0.06131,0.49281,0.02202,0.00877,0,0.00432,1.46234,0,0,0.0062,0,0.73663,0,0,0,0.06516,0,0,0.31471,0.85451,0,2.5343,0,0.28745,0.11267,0.21951,0.18626,0.19747,8.48637,0.17217,0,0.62322,0.00303,1.2259,0.18382,0.00747,0,1.06278,0,0.0676,0.10994,0.26317,0.2925,0.0154,0.16971,0,0,0.09145,0,0.05128,0.1061,1.53906,0.46129,0,0.14066,0.03516,0.10223,0,0.10662,0.05555,0.11078,0.28475,0,0,0.45443,0.15332,2.79661,0,0.02284,0,0,0,0,0,0,0,0,0.16927,0,0.156,0,0.00102,0.0873,0.02411,0.00258,0,0,0,0.01775,0.01352,0.08771,0,0.07507,0,0,0.02869,0,0.18702,0,0.0196,0.00935,0,0.01925,0.00828,0,0.03385,0,0,0,0,0,0.02877,0.06235,0.01117,0,0.20418,0.01174,0.02104,0,0.02916,0.03243,0.0136,0.03304,0.07153,0.01208,0.37437,0.00472,0,0.00362,0.24367,0.00067,0.10548,0,0,0.21225,0,0.44929,0.10462,0.02443,0.01135,0.04888,0.01269,0.05265,0.01573,0.01049,0.50717,0.03255,17.17236,0.00431,0.02154,0,0.88011,0.00012,0.0254,0,0,0,0.01271,0,0.03174,0.05739,0,0.00259,0.01714,0.08257,0,0.01836,0.00042,0,0,0.00445,0.00233,0.03746,0.12626,0,0.00086,0.00532,0,0,0.0089,0,0,0,0.62783,0,0.05749,2.24774,0,0.00197,0.47822,0.07687,0.0069,0.00229,0.00049,0.02229,0.07785,0,0.00224,0,1.63206,0,0.00848,0,0.08695,0.02286,0.24724,0,0,0.0292,0.02842,0.00543,0,0,0,0,0.10145,0.01649,0.44523,0.0062,0.04592,0.082,0,0,0,0,0.00656,0.10182,0,0.01872,2.12276,0.20606,0,0,0,0.00468,0,0,0,0.1614,0.07909,0,0.31099,0,0,0.00874,0,0.02425,0,0,0.18505,0.01844,0,0.00335,0.02729,0,0.00228,0,0,0,0.01951,0,0,0,0.07188,0.08774,0.01034,0.01011
TR10034,0.05243,1.20759,0,0.23033,0.36213,0.08711,0.00224,1.56008,0.49986,0.38164,0.75407,0.19046,0.40284,0,0.17676,1.11797,0.03717,0.06845,0.01137,0.41042,0.02439,0.01882,0.04921,0.12611,0.35004,0.24415,6.88075,0.40571,0.07661,0.67971,0.32714,0.43773,0,0.05625,0,0.1834,0.34091,0.07048,0.01746,0.11939,0.13701,0.08754,0.09104,0.03278,0.21928,0.00894,0.06708,0.01643,0.49096,0.07202,0.28271,0.01371,0,0,0.80022,0.03088,0.13548,0,0,0,0,0.02444,0.35401,0,0,0,0.0116,0,0,0.01467,0.01639,0.20065,0,0.08977,0,0.03577,0,0,0,0.00042,0,0,0,0.07659,0,0,0,0.00438,0.12975,0,0,0,0,0,0,0,0.04819,0,0.01881,0.03564,0,54.90642,0.03612,0.00234,0,0,0,0.14774,0,0,3.92222,0.15143,0,0,1.08895,1.48848,0,1.46469,0.10137,0.02086,0.41159,0,0,0,0.82994,0.38626,0,0.57409,0.10359,0.03326,0.00792,0.00056,0,0.1158,0,0.08887,0,0,0.17443,0.05178,0.03184,0,0,0.04241,0.01612,0,0.07788,0,0.08771,0,0.01601,0.05588,0.0064,0,0.01133,0.21685,0.02931,0,0,0.18487,0,0.00167,0,0,0.03499,0.05601,0,0.27428,0,0.03128,0,0,0,0.07887,0,0.03951,0,0,0.07413,0,0,0,0,0,0,0.01148,0,0,0.0242,0,0,0,0.02204,2.69004,0.18191,0.00228,0.03208,0,0,0,2.2614,0.02684,0,0,0,0,0,0,0.9038,0,0,0.97013,0,0.12382,0,0.088,0.01048,0,0,0,0.00328,0,0,0,0,0,0,0.38464,0,0,0,0,0,0,0.02463,0,0.06728,0,0,0,0,0.35188,0,0,0,0,0,0.00768,0,0,0,0,0.05839,0,0,0,0,0,0,0,0,0.03216,0,0,0,0,0,0,0.01233,0,0,0,0,0,0,0.04937,0,0,0.00574,0,0,0,0,0,0,0,0.01409,0,0,0,0,0,0,0,0,0,0,0,0,0.02474,0,0,0,0,0,0,0,0,0,0.20473,0.005,0,0.01262,0.02386,0,0.0651,0,0.12592,0.02832,0.01245,0,0.01529,0,0,0.15842,0,0.05156,0.07314,0,0,0,0.00361,0,0,0,0,0,0,0,1.42124,0,0,0,0,0,0,0,0,0.00297,0,0,0,0,0,0.01844,0,0,0,0,0,0,0,0.0669
TR10035,0.52397,0.84379,0,0.1919,0.21026,0.7173,0.35819,2.49605,1.69015,0.48226,7.04626,0.23605,0,0.00315,0.04345,9.09553,0.16223,0.27141,0.0089,0.46267,0.05394,0.49307,0.20501,0.26003,0.16936,2.46807,9.04785,4.96476,0.07276,1.73285,0.97534,0.07807,0.14243,0.09369,0,0.19348,1.92621,0.04166,0.00749,0,0.00973,0.12733,0.04,0.11187,0.23318,0.26472,0.0043,0.06014,0,0.07877,0.39405,0.84268,0,0.01148,6.02148,0,0.00098,0.0038,0.1297,0,0.09622,0.16906,0.15534,0.00919,0.01713,0.01399,0.03838,0.06603,0.24103,0.07218,0.63084,0.24993,0.01204,0.36189,0.11373,0.00039,0,0.02319,0,0,0.0036,0,0.01762,0,0.02114,0.04067,0,0,0,0.003,0.00351,0,0,0.02519,0.00337,0.00549,0.6059,0.10041,0.06059,0.0189,0,0,1.58059,0,0,0.01025,0,0.18641,0,0,0,0,0,0,1.03155,4.59499,0.46616,3.08957,0,0.02155,0.24073,0,0.06309,0,3.52075,0.65282,0,0.16746,0.019,1.09947,0.29561,0.16305,0,0.42874,0,0,0,0.06499,0,0.02179,0.79174,0,0,0.48211,0,0.06537,0.33766,0.14842,0.41234,0,0.00609,0.24718,0,0,0,0.18219,0.4044,0.00739,0,0,0,0.31019,0,0,0.03366,0,0.30793,0,0,0,0,0,0.7239,1.06855,1.82442,0.24908,0.40868,0,0.19298,0,0.19637,0,0,0,0,0.00862,0.06819,0,0.34359,0,0,0,0,1.53578,0.10714,0.10165,0,0,0,0,0,0,0.02392,0,0,0,0,1.36742,0.11254,0,0.05719,0.2112,0.09213,0.08865,0,0.18221,0.03808,0.0035,0.02164,0.27884,0,0,0,0.00038,0,0.0226,0,0,0,0,0,0.05292,0,0.02163,0,0,0.04367,0.00897,0,0,0.03,1.11429,0,0,0,0.18018,0.06284,0.54155,0,0.00752,0,0,0.56772,0.02015,0.01945,0.01196,0.04251,0.00995,0.01217,0.14062,0,0,0.00148,0,0.01376,0,0,0.00284,0,0,0,0,0,0.20582,0,0,0.12193,0,0,0,0,0,1.31449,0,0,1.11137,0,0,0.07393,0.18391,0.19294,0.01725,0,0,0,0.02247,0,0,0,0,0,0.02205,0,0.00719,0,0,0,0,0,0,0.00262,0.00105,0,0.18525,0.00418,0.03041,0,0,0.08497,0,0,0,0,0,0,0.02586,0.00778,0.19827,0,0,0,0.52242,0,1.11918,0,0,0,0,0,0,0.25798,0,0.02169,0,0,0,0,0,0,0.01292,0,0.00416,0,0,0,0,0,0,0,0,0,0,0
TR10036,7.7201,6.79437,5.63092,3.19912,3.11729,2.60485,2.23234,2.13712,2.06422,1.70561,1.59353,1.57214,1.55584,1.53244,1.52557,1.49567,1.48331,1.47297,1.45668,1.36363,1.31267,1.29215,1.27952,1.13151,1.07239,1.04959,1.03889,1.02228,0.96178,0.91261,0.89264,0.88388,0.88315,0.81077,0.76157,0.64326,0.61044,0.59378,0.55347,0.52659,0.52361,0.516,0.50978,0.47387,0.47293,0.45188,0.41183,0.40722,0.40068,0.38746,0.37715,0.32847,0.31741,0.28854,0.23728,0.22088,0.20106,0.1972,0.19508,0.18494,0.17423,0.17367,0.16397,0.15445,0.15418,0.14773,0.13412,0.13221,0.12505,0.1245,0.12143,0.09955,0.09157,0.08751,0.07691,0.07517,0.07117,0.06698,0.06011,0.05955,0.04032,0.03961,0.0395,0.03927,0.03159,0.0298,0.02937,0.0275,0.02732,0.02471,0.02158,0.0191,0.01494,0.01228,0.01226,0.01088,0.00925,0.00691,0.00673,0.00459,0.00364,0.00339,0.00295,0.00277,0.00268,0.00226,0.00117,0.00097,0.00008,0,0,0,0,0,0,0,0,0,0,0,0,0,0,0,0,0,0,0,0,0,0,0,0,0,0,0,0,0,0,0,0,0,0,0,0,0,0,0,0,0,0,0,0,0,0,0,0,0,0,0,0,0,0,0,0,0,0,0,0,0,0,0,0,0,0,0,0,0,0,0,0,0,0,0,0,0,0,0,0,0,0,0,0,0,0,0,0,0,0,0,0,0,0,0,0,0,0,1.27387,0.97975,0.78752,0.48792,0.409,0.23314,0.16948,0.16077,0.13534,0.13496,0.08758,0.08173,0.06637,0.05486,0.03005,0.02996,0.02477,0.01149,0.00248,0.00131,0,0,0,0,0,0,0,0,0,0,0,0,0,0,0,0,0,0,0,0,0,0,0,0,0,0,0,0,0,0,0,0,0,0,0,0,0,0,0,0,0,0,0,0,0,0,1.08516,0.65559,0.03184,0.0158,0,0,0,0,0,0,0,2.87979,1.71997,0.3264,0.04643,0.02942,0,0,0,0,0,0,0,0,0,0,1.81103,1.80449,0.72664,0.30361,0.07367,0.01115,0.00566,0.00053,0,0,0,0,0,0,0.21774,0.01883,0.01813,0,0,0,0,0,0,0,0,0,0,0,0,0,0,0,0,0,0,0,0,0,0,0,0,0,0,0,0,0,0,0,0,0,0,0,0,0,0,0,0,0,0,0,0,0,0,0
TR10037,2.22623,1.11774,0,1.61177,3.29731,0.13324,0.49422,0,0.00646,0.44118,3.21308,0,0,0,1.68813,2.53506,0,0.96691,0.10152,0,0.69092,0.18061,0.53496,0,0.79486,0.29408,9.27589,2.14195,0.27817,0.00538,0.42215,0,0,0.82556,0.25808,0.16665,0.20332,0,0,0.53689,0,0,0.36681,0,0,0,0,1.13458,0.04223,0,0.26891,3.39443,7.28121,0.04765,0.84678,0,0,0.28322,0,0.00963,0.00731,0.13227,0.55431,0.05719,0,0,0.16172,0.339,2.96144,0.66495,1.03773,0.24122,0,0,0,0,0.00678,0.04391,0.13546,0,0.02293,0.02877,0.05944,0,0,0.27353,0.01154,0,9.19633,0,0,0.00819,0.01498,0,0,0,0,0,0,0.10277,0,0.00132,0,0.02493,0.03785,0,0.00709,0,0,0,1.1222,0,0,0,0.6694,0,0,0,0,0.00089,0,0,0,0,0.00042,0,0,6.77188,0,0,0,0.07884,0,0,0,0,0,0,0.00343,0.82774,0,0.01237,0,1.37778,0,0,0,0,0,0,0,0,0,0,0,0,0,0,0,0,0,0,0,0,0,0,0,0,0,0,0,0,2.09381,0,0,0.60342,0,0,0.05702,0,0,0,0.00974,0,0,0,0,0,5.09773,0,0.31297,0,0,0,1.13268,0,0,0.02435,0,0,0.59152,0.83201,0,0,0.00255,0.00064,0,0,1.38939,0,0,0.43399,0.04849,0.16194,0.00919,0.80296,0,0,0,0.01182,0.14082,0,0.02367,0,0,0.01977,0,0,0,0,0,0,0,0,0,0,0,0,0,0,0,0,0,0,0,0,0,0,0,0,0,0,0,0,0,0,0,0,0,0,0,0,0,0,0,0,0,0,0,0,0.04339,0,0,0,0,8.57468,0.11927,0,0,0,0,0,0,0.01053,0,0.01122,0,0,0,0,0.0625,0,0,0,0,0,0,0.02108,0.07927,0,0,0,0,0.07601,0,0,0,0,0.003,0,0,0,0.11214,0,0,0,0,0,0,0,0,0,0,0,0,0,0.2743,0,0,0,0,0,0,0,0,0,0,0,0,0,0,0.01298,0,0.00657,0,0,0,0,0,0,0,0,0,0,0,0,0,0,0,0,0,0,0
TR20001,0.19295,0.14634,0,0.68208,0.20039,0.15701,0.03548,0.12917,0.48719,0.51309,1.10754,0.33109,0,0,0.05606,0.10272,0.06543,0,0.05107,0.47177,0.10044,0.10301,1.05574,0.29172,0.33228,0.03175,3.17496,0.03783,0.04847,0.56936,0,0,0.09902,0.02801,0.0946,0.22506,0.30721,0.08327,0,0.12437,0,0.24829,0.29584,0,0.52551,0.00925,0.01619,0.02024,0.07869,0.03361,0.08326,0.09456,0.02816,0.02704,0.05848,0.01078,0.06375,0,0.01074,0.02504,0.01888,0.16169,0.22896,0,0.06614,0.0209,0.00735,0.10825,0.262,0.111,0.27368,0.03906,0,0.11325,0,0.00979,0.02514,0,0,0,0,0,0.03497,0,0.00162,0.02373,0.00259,0.01222,0.04434,0,0,0,0,0,0,0,0.25647,0,0,0.04869,0,22.73132,1.39099,0.03812,0.29795,0,0,0.21243,0.07171,1.94216,0,0.03608,9.35088,5.1177,0.35627,1.99645,0.3228,2.27278,0,0,0.28269,0,0,0,0.62393,0,5.9227,0.66283,0.09222,0,0,0.37158,0.00664,0,0.05704,0.48757,0,0,0.00847,0.15567,0,0,0,0.06137,0,0,0.07193,0.01199,1.58495,0,0,0,0,0.00049,0,0.02541,0,0,0,0,0,0.20664,0.0008,0,0.01752,0.01179,0.28643,0.00114,0.16541,0.0903,0,1.81518,0,0,0,0.10982,0,0,0.01742,0,0.03222,0.01269,0,0.05025,0.02092,0,0.07352,0,0,0,0.00257,0,0.01829,0,0,0.02449,0.02068,0.00999,0.01288,0.02026,0.89425,0,0.00488,0,0.00392,0.00253,0,0,0.05001,0,0,0.13146,0.0214,0.066,0.00196,0,0.031,0.00793,0.02422,0.15574,0.09977,0,0,0,0,0,0,0.17955,0,0,0.00365,0,0.16321,0,0,0,0.02566,0,0,0,0,0.17735,0,0,0,0,0,0.34651,0,0.00416,0,0,0,0,0,0,0,0,0,0.02688,0.00356,0.02087,0,0.00091,0,0,0.00071,0,0.18295,0.00098,0.00146,0,0,0,0.92718,0.01822,0,0,0,0,0,0,0,0,0,0,0,0,0.00183,0,0.04705,0,0.58048,0,0,0,0,0.00288,0,0,0,0,0.01478,0,0,0.03808,0,0.05912,0.13181,0,0.02202,0,0,0,0,0.05266,0,0,0,0,0.01467,0,0,0.00469,0,0,0,0,0.19114,0,0,0.00362,0,0,0,0,0,0,0,0.00749,0.05929,0,0,0,5.50146,0,0,0,0,0,0,0,0,0,0.06581,0.0008,0,0.07986,0,0,0,0,0.04027
TR20005,0.15848,0.27305,0.32252,1.02665,0.18197,0.1307,0,0.09309,0.65016,1.01593,0.24791,0.17075,0.23253,0.42341,0.01569,1.5545,0.1587,0,0.24094,0.42708,0.11024,0.36478,0.08683,0,0.34381,0.66302,1.40352,0.70021,0.013,2.53047,0,0,0.43776,0.04805,0,0.21632,1.5201,0.02959,0,0,0,0.09099,0.17964,0.58501,0,0.11154,0.02957,0.25022,0.06454,0.03396,0.11514,0,0.03599,0,0.26201,0,0,0.00959,0.04401,0,1.38809,0.16182,0.02551,0,0.26963,0,0,0.00213,0,0.15848,0.01018,0.16139,0,0.08042,0.0398,0.01082,0,0,0,0,0,4.19564,0,0.03702,0,0.01256,0,0,0,0,0,0,0,0,0,0,0.04038,0,0.01641,0.04179,0,21.28949,3.15601,0,0.01673,0,0.11806,0.08139,0,0,0,0,3.60974,0.83169,0.16936,2.33393,0.23117,3.82671,0.05769,0.36756,0.16446,0.40784,1.03615,0,1.68387,0.14931,2.93532,1.1167,0.29096,0.30086,0.18086,0.0191,0.06023,1.86566,0.03029,0.68933,0.10449,1.06744,3.28567,0.00414,0.0766,0.27482,0,0.15106,0.17709,0.07504,0.08713,0.03198,0.55298,0.02165,0.02166,0.09602,0.08674,0.03306,0,0.15736,0.05259,1.13802,0,0,0.01253,0.01918,0.16145,0.01885,0.01955,0,1.26222,0,0,0.40927,0,0.85587,0,0,0,0.66545,0.06489,0,0.0141,0,0.01273,0,0,3.5173,0,0.00688,0.00743,0.00316,0,0,0,0.00183,0,0.73747,0,0.01317,0,0,0.01823,0,0,0,0,0,0,0,0,0,0.04309,0,0.07226,0.06309,0,0.02116,0,0.04525,0.0188,0.00075,0.05137,0.03494,0,0.05042,0,0,0,0,0,0.37823,0,0.01122,0.44421,0.13499,0,0.51755,0,0,0.04109,0.00898,0,0.00083,0.0313,0.03421,0,0,0.00316,0,0.0364,0,0,0,0.00317,0,0,0,0,0,0,0,0.00355,0.00434,0,0,0,0,0.00652,0,0,0,0,0.01053,0,0,0,0,1.7299,1.28991,0.10944,0,0,0.0489,0,0,0,0,0,0,0,0,0.00264,0,0.75248,0,0,0,0.18444,0,0,0,0,0,0,0.12027,0.09577,0,0.02139,0.04135,0,0,0,0,0.03356,0.41142,0.00667,0.63595,0,0,0.01734,0.06022,0.02381,0.07081,0.03102,0.01178,0,0,0.11573,0,0,0.14683,0.02211,0,0,0.11851,0.11539,0,0,0,0.72862,0,0,0,0.00346,0.02098,0,0,0,0,0,0.00541,0.00374,0,0.69156,0,0.04914,0,0,0.00046,0,0.01296,0.00453,0.02404,0.22377,0,0.02455
TR20007,0.77393,0.59208,0.01078,0.04281,0.97966,0.30669,0.07347,0.46842,0.103,0.76099,1.07031,0,0.09914,0,0.00124,0.0308,0.41755,0.19841,0.04128,0.9581,0.15439,0,0.14421,0.01078,0.58174,0,1.40697,0.28018,0.18052,11.90463,0,0.05343,0.00125,0.16683,0,0.05365,0,0.48152,0.09066,0,0.19786,0.01133,0.48953,0,0.29447,0.01657,0.06132,0.99881,0.09468,0.27082,0.32232,0.0932,0.20024,0,0.0788,0.15094,0.1214,0.20251,0.09257,0,0.55416,0.22993,0.95113,0.01571,0.25147,0,0,0,0,0.60463,0.05303,0.05398,0,0.06067,0.02758,0,0.02186,0,0,0.01042,0,0,0,0,0,0.12047,0,0,0,0,0,0,0,0,0.01825,0,0.02498,0,0.01264,0.13185,0,5.78129,5.01531,0,0,0,0,0.18612,0,1.17386,0,0,0.64456,0.47453,0.75881,0.64648,0.1118,2.50764,0,0.87315,0.2619,0.03743,0.71781,0.21319,0.44775,0.49679,0.96603,0.0038,0.16291,0.17909,0.19443,0.01619,0.06516,0.46603,0,0.09119,0.55266,0.04405,0.75286,0.122,0.1025,0.84971,0,0.12311,0.04779,0.36719,0.10448,0.00567,0.37162,0.0608,0.01232,0.0003,0.07551,0.00448,0.09118,0.02087,0.05252,0.05138,0,0.44438,0,0.35012,0.06845,0.026,0.02074,0.03094,0,0,0.10358,0.04341,0,0,0,0,0,0,0.39851,0.36911,0.03128,0.02802,0,0,0,0,0,0.0056,0.02072,0.01376,0,0.01253,0,0.11777,0,0,0,0,0.05349,0,0.05727,0,0.15576,0,0,0.03405,0,0,2.83298,0.04389,0.02981,0,0.0189,0.22765,0,0.12058,0.00642,0.19623,0.00656,0.01197,0.05431,0.06935,0.0233,0,0,0,0.01075,0.71069,0,1.12164,0.01079,0,0.94546,0,0,0.26486,0.04205,0,0.03477,0.08504,0,0.00979,0.03823,0.01103,0.00676,0.27204,0.00856,0.18099,0.20648,0.00274,0.00053,0.00773,0,0.00907,0.00803,0,0,0.00165,0,0.03568,0.00166,0.01264,0.03372,0,0,0,0.01095,0,0,0.00328,0,0,0,0.01077,0,0,0.51251,0,0.03058,0.03999,0,0,0,0,0,0,0.02682,0,0.04258,0.00814,0.03829,0.00312,2.59806,0.05216,0,0.01356,0,0,1.25223,0,0.02089,0.44493,0,0,0,0,0.01961,0.01209,0.37196,0,0,0,0.01764,0,0.14848,0.05163,0.02625,0.01718,0.16412,0.04945,0.0334,0.56835,0.45406,0,0.00361,0.14913,0,0.05652,0.03184,0.77648,0.01933,0,0.02348,0.03059,0.02693,0.33035,0,0.20906,0.39986,0,0,0.58467,0.0388,0.01189,0.01434,1.14322,1.78844,0.06669,0.05553,0.40628,0.02287,0,0.26948,0,0.06474,0.06884,0.04056,0,0,0,0.15002,0.36693,0.15739,0.13027,0.10071
TR20013,0.09111,0.54378,0.00085,0.07024,0.32851,0.66658,0.21747,0.24753,0.74342,2.56209,0,0,1.25516,0,0.00333,0.00224,0.10836,1.22895,0.03771,1.43137,0.61557,0.05219,0.07384,0.01834,0.21751,0,0.32797,0.02115,0.11538,3.84589,0,0.09627,0.02592,0.06363,0,0.08105,0.04299,0.23494,0.0737,0,0.00502,0.20013,0.30908,0,0.04052,0.13924,0.14547,0,0,0.1265,0.01209,3.56315,0,0,0.04777,0.10809,0.05963,0.17673,0.0108,0,0.00202,0.13068,0.90404,0,0,0,0.01095,0,0,0.08572,0.23947,0.05618,0,0.05901,0.03587,0.00582,0,0.1891,0,0,0,0,0,0.00028,0.00667,0.01244,0,0,0,0,0.00365,0,0,0,0,0,0.0513,0.05421,0.01356,0,0,0.70468,6.70644,0,0,0.00392,0,0.05195,0,0,0,0.40637,0.01234,0.3713,0,1.09573,0,0.23153,0.34655,0.97663,0.25517,0.01619,0.02358,0,0.26002,0.40699,0,0,0.22589,0.02153,0.50621,0.85858,0.06533,0,0.80207,0.01959,0.00744,1.98355,7.52481,0.01762,0.4601,15.80464,0,0.00849,0.0332,0.08811,0.05325,0.0022,0,0.06069,0.03778,0.02316,0.1266,0.07859,0.33424,0.02116,0.05564,0.03624,0,0,0.02312,0.02582,2.13622,0,0.01361,0.07418,0.24425,0,0,0.27143,0,0.27511,0,0,0,0,0.38924,0.04165,0.19612,0.03487,0,0,0,3.33313,0,0.01253,0.07731,0.58086,0,0.01452,0.13765,0,0,0,0,0,0.03981,0,0,0.04738,0.35728,0,0,0.01233,0,0,0.3773,0,0.11879,0.11417,0,0.1559,0,0.21328,0.00545,0,0.04412,0.00746,0.02057,0.18433,0,0,0,0,0.00093,0.59477,0,1.03662,0.00867,0,0,0,0.94191,0.01212,0,0,0.06417,0.0029,0.05203,0.01278,0.01252,0.0121,0.00875,0.02152,0.01199,0,0.21642,1.33555,0,0.01765,0,0.19484,0.09453,0,0.00626,0.03329,0,0,0,0,0,0,0,0,0,0,0.00381,0,0,0,0,0,0,0,0.02853,3.42812,0,0.1007,0.00227,1.27957,0,0.08565,0.03018,0,0.75659,0.0351,0.09067,0,0.00986,0,0.08213,0.12663,0,0.01386,0.09652,0.25528,0,0,0,0,0.04913,0.75545,0,0,0,0.70302,0.02568,0,0,0.04981,0.01557,0,0,0.32766,0.00378,0.00814,0.01207,0.06689,0.05466,0.19706,0.10405,0.01372,0.17372,0.36377,0.04012,0,0.12735,0,0,0.09944,0,0,0,0,0,0.08376,0,0,0.0397,0,0.02959,0,0.00543,5.44205,0.38686,0,1.81959,0.0561,0.01252,0,0,0,0.02748,0.15174,0,0,0,0.00784,0,0.02557,0.50424,0,0.16433
TR20014,3.06967,0.70787,0,1.46702,0.60925,0.0675,0.04429,2.51198,9.11826,1.36113,1.37756,0.29348,0,1.47419,0.3758,3.52722,0.19185,0.48128,0.01525,1.00325,0.18447,0.21013,0.84328,0.12473,0.20472,2.08222,11.91826,5.3598,0.24322,0.91944,0.43683,0.02838,0.0686,0.27882,0.09948,0.03228,0,0.1566,0.01039,0,0.2253,0.48251,0.07126,0.53666,0.04527,0.10507,0.022,0.92782,0.14519,0.03501,0.76961,2.97218,0.28478,0,0.49452,0,0.00118,0.08701,0.04584,0,0.07163,0.22097,0.10044,0.04478,0.66508,0.04566,0,0.0074,2.42636,1.32201,0.46692,0.2351,0,0.0197,0,0.05321,0.32826,0.0279,0.00066,0.00094,0,0,0,0,0.00221,0.17079,0,0.03045,0,0,0,0,0,0,0,0.00655,0.05942,0,0.02354,0.02766,0.01903,0,2.98906,0,0.00971,0,0,0.00118,0,0,0.88838,0,0,0.27876,1.73546,2.0582,0,0,0,0,0.11605,0,0,0,3.30032,0,0,4.714,0.08575,0.21648,0.28214,1.10274,0,0.06588,0,0,1.02338,0.10999,0.76146,0.14247,0.13432,0,0,0,0.03302,0.02854,0.27678,0,0.51683,0,0,0.0057,0.05633,0,0.30627,0.20553,0.47793,0.07129,0,0,0,0.13733,0.00647,0,0.00936,0,0,0,0,0.01909,0,0,0,0,0,0.45206,0,0,0.02147,0,0.11536,0,0,0,0.01589,0.00903,0,0,1.39923,0,0,0.01242,0,0,0,0,0,0,0.13021,0.37991,0,0,0,0,0,0,0,0.06457,0.43425,0.70713,0.00918,0.667,0.13706,0.03869,0,0.09745,0.00712,0,0.04125,0,0,0.53571,0,0,0,0.03928,0,0,0,0.03415,0,0,0,0.5022,0.0048,0,0.01465,0.00543,0,0,0.01405,0,0,0,0,0.14566,0.09433,0.00532,0,0.00901,0,0,0,0,0,0,0.06461,0,0,0,0.16499,0,0,0,0,0,0.00157,0,0,0,0.02173,0,0,0.19152,0,0,0.04594,0,0,0.31898,0,0.84014,0,0,0,0.00804,0.03048,0,0,0.31183,0.04568,0,0,0,0,0,0,0,0,0.00205,0.7159,0.40287,0.01866,0.03226,0.02777,0,0,0,0,0,0.00748,0,0,0.23789,0.00245,0,0.02357,0,0.01324,0,0.00872,0,0,0,0.08883,0,0,0,0,0,0,0.0133,0,0.87267,0,0,0,0,0,0,0,0,0,0,0,0,0,0,0,0,0,0,0,0,0,0.00263,0,0,0,0,0,0.0814,0
TR20015,13.87797,0,0,0,0.41629,0,0.2397,2.28478,0,0.75762,0,0.02619,0,0,0,0,0.06405,0,0.20011,0,0.18788,0,0,0,0,0,11.74471,13.09732,0,0,4.1675,0.07103,0.06213,1.24789,0,0,0,0.20936,0,0,0.75275,6.14222,1.24878,0,0,0,0.13882,0,0,0,0.95962,0,0,0,0,0.33808,2.18942,0,0,0,4.18446,0,0.10322,0,0.75291,0,0.68954,0,0,0,0.77402,0.98414,0,0,0,0.01155,0.05734,0,0,0,0,0.08078,0,0.00741,0,0.01906,0.04356,0,0,0,0,0.00546,0,0,0,0,0,0,0,0,0,0,0.00565,0,0.00123,0,0,0.00431,0,0,1.12326,0,0,0,2.03551,0,2.98361,0,0,2.13411,0,0,0,0,0.82847,0,0,0.13466,0,0,0,0.4942,0,0,0,0,0,0,0,0,0,0,0,9.35126,0,0,0,0.2351,0,0,0,0,0,0,0,0,0.27113,0,0,0,0,0,0,0,0,0,0,0.01111,0,0,0,0,0,0,0,0,0,0,0.11015,0,0,0,0,0,0,0.31876,0,0,0,0.00742,0,0,0,0,0,0,0,0,0,0,0,0,0,0,0,0,0,0,0.19678,0,0,0,0,0,0,0,0,0,0,0,0,0,0,0,0,0,0,0,0,0,0,0,0,0,0.14307,0,0,0.4215,0,0,0,0,0,0,0,0,0.27656,0,0,0,0.00205,0,0,0,0,0,0,0,0,0,0,0,0,0,0,0,0,0,0,0,0,0,0,0,0,0.04367,0,0,0,2.40766,0,0,0,0.19799,0,0,0,0,0,0,0,0,0,0,0,0,0,0,1.15698,0.33417,0,0,0,0,0,0,0,0,0,0,0,0,0,0,0,0,0,0,0,0,0,0,0,0,0,0,0,0,0,0,0.00646,0,0.14606,0,0,0,0,0,0,0,0,0.02128,0,0,0,0,0,0,0,0,0,0,0,0,0,0,0,0,0,0,0,0,0
TR20016,0.98039,0.84062,1.04021,1.4044,0.25998,0.24756,0.03718,0.1481,0,0.93449,2.12551,0.27858,0.89415,0.05266,0.598,4.96965,0.10113,0.29616,0.02742,0.80991,0.09384,1.03539,1.1481,0.03876,0.25447,0.18653,6.01989,0.3576,0.05178,0.43106,0.02983,0.25198,0.65865,0.27996,0,0.02499,2.22816,0.12484,0.00259,0.88589,0,2.05416,0.11606,0.0914,0.30643,0.10448,0.03754,0.82632,0.49139,0.05731,0.43333,0,5.63576,0,1.24075,0.04874,0.0562,0.00875,0.02076,0,0,0.55774,0.09749,0.00922,0.41007,0,0.03006,0.00502,1.04674,1.13267,0.06009,0.28532,0,0.11916,0.01609,0.07129,0.07302,0.0259,0,0,0,0,0.02818,0.08142,0.01773,0.1137,0.01422,0,0.00637,0,0.00443,0,0.00079,0,0,0,0.06479,0,0.05752,0.01587,0.27567,21.525,0.42378,0.38622,0.54005,0,0,1.0585,0.01486,0,1.7335,0,0.02202,0.00713,0.93374,2.655,0.00682,0,0,0.21879,0.29693,0.05839,0,0.37501,2.40148,0,0,0.19425,0,0.74809,0,2.54747,0,0.58687,0,1.09061,0,0.41482,0,0.18239,0.04844,0,0,0.25675,0.20324,0.08237,0.03726,0,0.60262,0,0.04198,0.1297,0.23893,0,0,0.20892,0.12341,0,0,0,0,0.07033,0.07632,0,0.06869,0.04042,0,0.16289,0,0,0,0.00969,0,0,0.01681,1.0825,0,0,0.04329,0,0.06616,0.001,0.00779,0.80305,0,0.03756,0,0,1.59915,0.0293,0,0.44265,0,0,0.05751,0,0,0,0,0,0,0.8418,0,0,0.00276,0.00059,0,0.03589,0.16648,0.40152,0.32964,0.24984,0,0.05882,0.00846,0.01853,0.04003,0.03751,0,0,0,0.02143,0.00032,0.00135,0,0,0,0.50078,0,0,0,0.65862,0,0,0.01902,0,0.04079,0.00766,0,0,0,0,0,0.02435,0,0,0.00936,0,0,0,0,0,0.08492,0,0,0,0,0,0.0155,0.00582,0,0.0254,0,0,0,0,0.00464,0,0,0,0,0,0.0012,0.00595,0.04461,0.04116,0.14523,0,0,0.59618,0,0,0,0,0,0.00237,0.12093,0,0,0,0,0,0,0.01545,0.23747,0,0,0.00508,0.00839,0.00262,0,0.33595,0.09219,0.09345,0,0.04906,0,0,0.00998,0,0,0,0,0.32708,0,0.055,0,0.30541,0.08675,0,0,0,0,0,0,0,0.0082,0,0,0,0,0,0,0,0.10019,0,0,0,0,0,0,0,0,0,0,0,0,0,0,0,1.06403,0,0,0,0.00096,0,0.00254,0,0,0,0,0,0
TR20017,0.03904,0.36675,0.017,1.96714,1.03073,0.06557,0.3004,1.00043,0.04922,2.74931,0.58479,0,0,0,0.17684,0,0.36897,0.0293,0.16754,0.28176,0.89237,0.05439,0,0.26056,0.64676,0.16872,7.55238,0,0.07002,0.7738,0,0.46928,0.08447,0.15817,0,0.17403,0.0163,0.29482,0.09903,0,0.05481,0.79659,0,0,0.10054,0.09121,0.09469,0,0.1484,0.06849,0.02084,1.32614,0.01257,0.02538,0.28037,0.09664,0.03719,0.1851,0.09504,0.05878,0.03583,0,0.51401,0,0.08454,0,0,0.03055,0.0618,0.04712,0.43621,0.05969,0,0.01381,0.01954,0.17384,0.42583,0.00762,0,0,0.00406,0,0.11603,0,0.01565,0.12127,0,0,0,0,0.00725,0,0,0.0195,0,0.01182,0.03841,0,0.00614,0.05642,0.16136,18.85816,2.24922,0.67326,1.04467,0,0,0,0.02966,0,0,0,3.13021,2.01835,1.23565,0.69042,0.01953,1.19445,1.50102,0,0.26444,1.8637,0.94611,0.01195,0.18099,0,2.91091,0.08361,0.03741,0.31748,0.00613,1.89724,0.20367,0,0,0,0.18377,0,0,0.06584,0.06145,1.43848,0,0.06347,0.07105,0.25031,0.0949,0.1564,0.09207,0.16752,0.05704,0,0,0.01723,0,0.23708,0.21368,0.07272,0,0.0769,0,0.10495,0.02587,0.79657,0,0.03179,0.15634,0.00608,0,0,0,2.11988,2.58147,0,0,0,0,0,0.12826,0,0,0.14537,0.00982,0,0,0.02131,0,0,0,0,0.34161,0,0,0,0.0026,0,0.04774,0,0,0,0.15458,0,0.0061,0,0,0.00537,0,0.03841,0.6429,0,0.33525,0,0,0.18292,0,0.18425,0.01445,0.0347,0,0,0,0,0,0,0,0,0,0.47542,0,0,0,1.42259,0.03094,0.33884,0,0.0295,0.00744,0.02275,0,0.00674,0.02024,0.30228,0.05316,0,0,0,0.05594,0.54113,0,0.01622,0,0,0,0,0,0.02415,0,0,0,0.09522,0,0,0,0,0,0,0.00087,0,0,0,0,0,0,0,4.61565,0.24656,0.04494,0,0.07914,0,0.00127,0,1.12881,0.00339,0.09114,0,0.04818,0,0,0,0.08073,0,0,0,0,0,0,0.11573,0.02926,0.27208,0,0,0.01954,0,0.01015,0.0959,0,0,0,0,0,0,0,0.03636,0,0.10423,0,0,0,0,0,0,0,0,0,0,0.55587,0,0.00409,0.00164,0.0025,0.12968,0,0.09184,0,0.03236,0,0,0,0,0,0,0,0,2.35892,0,0,0,0.00706,0.00206,0,0,0,0,0,0,2.49939,0,0,0.02054,0,0,0
TR20020,0.19398,0.74239,0.81763,1.62894,1.95041,0.18856,0.11329,0.4306,0.47524,0.89794,0.80036,0.10414,0,1.34934,0.01097,0.00513,0.13131,0,0.40226,0.19474,0.77185,0.03899,0.05205,0.02386,0.64648,0,2.95521,0,1.13554,0.11659,0,0.17633,0.0373,0.01659,0.10221,0,0.66414,0.21719,0.06626,0.00166,0.08138,0.05835,0.25198,0.6528,0,0,0.15495,0,0,0.10981,0.87715,0,0.01553,0.02107,0.12823,0,0.03411,0.02088,0.0029,0.02565,0,0.17863,0.00727,0,0.08837,0,0.02434,0.05322,0,0.01004,0.39627,0.13642,0,0.01704,0.00818,0.05514,0,0.02222,0,0.03233,0,0,0.0641,0,0.0059,0,0.00104,0.01706,0,0,0,0,0.00033,0.02007,0,0,0.05226,0,0.07006,0,0,48.64719,0.14239,0,0,0,0,0.96178,0,0,0,0,0,0.02475,0,0.16445,0,0.68124,0,0.07458,0,0.1926,0,0.01984,2.38147,0,0,0.50342,0.02447,0,0.0224,0,0.09108,0,0,0,0.00402,0.05941,0,0.01297,0.02058,0,0,0.63738,0,0,0.025,0,0.19472,0,0,0,0,0,0.08027,0.01517,0.16035,0,0,0,0,0.05268,0.02241,0,0.02971,0.01403,0.00227,0,0,0,0,0,0,0,0,0.30421,0,0,0.04269,0,0.03324,0,0,0,0.02688,0.01414,0.20098,0,0,0,0,0,0,0,0.02519,0,0,0,0,0,0.47641,0.15479,0,0,0,0,0.0608,0.49452,0.27341,0,0,0.21595,0.01679,0.14703,0,0,0,0.00063,0.01318,0.02936,0,0,0.00409,0,0,0,0,0.01676,0.00471,0,0,0,0.00294,0.02724,0,0,0.12365,0.00546,0,0.01465,0,0,0.01926,0,0.00234,0,0,0.13065,0,0.0072,0,0,0,0.0049,0,0,0,0.0104,0.00064,0.00355,0,0,0,0,0,0,0,0.00064,0.05382,0,0,0,0,0.09575,0,0.02414,0.01551,0,0,0,0.01865,0.0542,0,0,0,0.81649,0,0,0,0,0.00034,0,0,0,0,0,0,0,0,0.2319,0,0.23429,0,0.03097,0,0.00321,0.1378,0,0,0.00882,0.00868,0,0,0.01322,0.02692,0,0,0,0,0,0,0.00971,0,0,0.01722,0,0.04494,0,0.04941,0,0,0,0,0,0,0,0,0,0,0,0,0,0,0,0,0,0,0,0.00438,0.00485,0,0,0,0,0,0,0,0,0,0,0.01657,0.00076,0
TR20021,0.37589,2.17452,0,2.13915,0.08513,0.05843,0,0.09493,0.12417,0.22309,0.11649,0.0884,0.02556,0.11155,0,0.65572,0.06514,0,0.14131,0.0279,0.06872,0,0.05876,0.02156,0.20533,0.16201,1.8086,0,0.01673,1.85676,0.46371,0.01328,0.21005,0.0087,0.01511,0.04006,0,0.034,0.00267,0,0.00223,0,0.04617,0.1592,0.00397,0.04325,0.01064,0.10963,0.10617,0.02805,0.01021,0,0,0,0.43895,0,0,0.01479,0.01853,0,0,0.05907,0.02139,0.00539,0,0,0,0.04202,0.05309,0.04378,0.18334,0.02081,0,0,0,0.09995,0,0,0,0.03176,0,0,0,0,0,0.03123,0,0,0,0,0,0,0,0,0,0,0.00248,0,0,0.01447,0,28.44083,0.36713,0,0.12576,0,0,0.22972,0,0,0,0,2.21775,0,0.30227,0.56672,0,0,0,0,0.26474,0,0.22884,0.38381,0.9904,0,0,0,0.02656,0.46247,0,0.02816,0,0.00774,0,0,2.66474,0,0,0.02451,0.35451,0,0,0.11582,0.09522,0.00827,0.00528,0.01212,0.11021,0,0.01248,0.08736,0.00179,0,0.46453,0,0,0,0,0,0,0.00226,0,0,0,0,0,0.10403,0,0.22226,0,2.61284,0,0,0,0.10434,0.04378,0,0.01336,0,0,0,0.01114,0,0,0,0.02423,0,0,0,0,0,0,0,0.12689,0,0,0,0,0,0,0.01652,0,0,0,0.00442,0,0.02694,0.4407,0,0,0.01155,0.066,0.01669,0,0.09941,0.00135,0,0.00489,0,0.07373,0,0,0,0,0,0,0.17393,0,0.41289,0,0,0.12832,0,0,0,0.00034,0.01187,0,0.01083,0.01331,0,0,0,0,0,0.01384,0,0,0,0.00414,0,0,0,0,0,0.07778,0,0,0.09145,0,0.02991,0,0,0,0,0,0,0,0,0,0,0.02773,0.04019,0,0.01411,0.00151,0,0.08773,0.05532,0,0,0,0,0,0,0,0,0,0.62624,0,0.41684,0.56078,0,0,0,0,0.02307,0,0,0,0.05947,0,0.03905,0.01963,0.00305,0,0,0.00634,0,0.00157,0,0.01366,0.01551,0,0.04448,0,0,0.00132,0,0,0,0,0,0.09146,0,0,0,0,0,0,0,0,0.04261,0,0,0,0.30947,0,0,0,0,0,0,0,0,0,0.72972,0,0,0,0,0,0,0,0,0,0,0,0,0,0,0
TR20022,0.76303,1.19162,0,0.16273,0.04387,0.21221,0,0.67038,0.73233,0.15944,1.45176,0,0,0.40544,0.01007,0.01089,0.00659,0.25386,0,0.52532,0.02018,1.25212,1.68621,0.06907,0.00722,0.03469,10.66946,10.69183,0,0.23727,0.53268,0.00619,0.07697,0.00346,0,0.12249,2.27428,0,0,0.11914,0.02293,0.13759,0.06484,0.11679,0,0.03938,0,0,0.09364,0.01124,0.04843,0,0,0,1.503,0,0.01833,0.00196,0,0,0,0.03837,0.00832,0,0.01426,0.0164,0.00916,0.07209,0,0.20111,0.26866,0.09048,0.01817,0.05988,0,0.00935,0,0,0,0,0,0,0.03266,0.01076,0.05893,0.08209,0,0,0,0,0.00473,0,0,0.00326,0,0,0.16,0,0,0.01613,0,0,0.06076,0,0,0,0,0.0654,0,0,0,0,0,0,0,1.15174,0,4.93777,0,0,0.00231,0,0.16432,0,0.44877,0.1501,0,0.18411,0.07559,0.2893,0.12817,0.1863,0,0.56769,0,0.21342,0,1.4692,0,0.0064,0,0,0,0.14649,0,0,0.26912,0.03783,0.67942,0,0,0,0,0,0.08812,0.01788,0,0.02997,0,0,0.00609,0.02376,0,0,0.02452,0.05641,0,0,0,0.20243,0,0,0.98189,0.00152,0,0.26489,0,0,0.01913,0,0.04015,0,0,3.47741,0,0,0,0,0,0,0,0,0,1.22792,0,0.12118,0.00717,0,0,1.25232,0.78085,0.00172,0,0,0,0,0,0.01303,0,0,0,0,0.0035,0,0,0,0.00281,0,0,0.38768,0,0,0,0.00446,0,0,0,0,0,0,0,0,0,0,0,0,0,0,0,0,0,0.02243,0,0,0,0.01427,0,0,0,0,0,0,0,0,0,0,0,0,0,0.04977,0,0,0,0,0,0,0,0.00161,0.00254,0,0,0,0,0.43093,0,0.4076,0,0,0,0,0.225,0.73429,0,0,0,0,0.03649,0,0.006,0,0,0,0.34141,0,0,0.61837,0,0,0,0,0,0.02601,0,0,0,0,0,0.00035,0,0,0,0,0,1.62065,0,0.45007,0,0,0,0,0,0,0,0,0,0,0,0,0.09322,0,0,0.06973,0,0,0,0,0.00331,0.47161,0,0.09613,0,0,0,0,0,0,0,0,0,0,0,0,0,0,0,0,27.649,0,0,0,0,0,0.10669
TR20023,0.01508,1.62565,0,0.52016,1.13968,0.13204,0.23206,0.45457,0.19693,0.52992,1.48394,0,0,0,0.08641,1.55218,0.13179,0.03846,0.16775,0,0.08674,0.02484,0.52734,0,1.10795,0.01503,8.10651,0.0763,0.07484,0.66012,0.21474,0.00984,0.14525,0.17566,0.189,0.32585,1.29474,0.12396,0.03139,0,0.14404,0.29069,0.12153,0.03772,0.31771,0,0,0.1975,0.0967,0.07528,0.14533,0,0.04589,0,0.23973,0,0.01762,0,0,0.00084,0.02114,0.02011,0.12923,0,0.00496,0,0,0.08853,0.02156,0,0.95748,0.13542,0.02089,0,0,0.07252,0,0,0.00055,0,0,0,0,0,0,0,0,0.00638,0,0,0,0,0,0.00931,0,0,0.21379,0.00226,0,0.06333,0.01226,36.32361,0,0.07571,1.00204,0,0,0.84189,0.00796,0,0,0,16.7078,0,2.25126,0,0,1.35415,0.01492,0.29896,0.28335,0,0,0,0,0,0,1.60454,0,0,0,0.52079,0,0,0,0,0,0,0,0.18238,0,0,0,0,0,0,0.05808,0.01117,0,0,0.12163,0,0,0,0,0.15097,0,0,0,0,0,0,0,0,0.01883,0,0,0.09709,0,0,0,2.44168,0,0.15269,0.1056,0.27867,0,0,0,0,0,0.00358,0,0,0.07877,0.07264,0,0,0,0,0,0,0.0247,1.51591,0,0,0,0,0,0,0,0,0.00783,0,0.00088,0,0,0.15217,0,0,0,0.22799,0.02143,0.29118,0,0,0.04873,0,0,0.00166,0.01527,0,0.00702,0,0,0,0,0,0,0,0,0.23529,0,0,0,0,0.05493,0.02038,0,0,0.01833,0.02234,0,0,0,0,0,0.33682,0,0.00318,0,0,0,0.05977,0,0.01312,0,0,0,0,0,0.05194,0,0,0,0,0,0,0,0,0,0,0,0,0,0.02335,0.07351,0,0,0,0.01959,0,3.33805,0.05306,0,0.00058,0,0.00238,0,0,0,0,0.06057,0,0,0,0,0,0,0.9898,0,0,0,0,0,0,0,0,0.00415,0,0,0,0,0,0,0,0,0,0,0,0,0,0,0,0.69059,0,0.20057,0,0,0,0,0,0,0,0,0,0,0,0,0,0,0,0,0,0,0,0,0,0,0,0,0,0,0,0,0,0,0,0,0,0,0,0
TR20025,21.64631,0,0,1.01599,0.7441,0.70109,0.11307,0.71685,35.70163,0.93458,0,1.06734,0.10388,1.09935,0.09714,0,0.08905,0,0.39285,0.73905,0.06048,0.6706,0,0.10013,0.11521,6.93506,6.95966,0,0.52335,0.0452,0,0.23142,0.43522,0.47041,0,0.16602,0,0.03671,0.00973,2.76746,0.07057,0,0.46012,0,0.1233,0.27576,0.018,0,0,0.09123,0.22691,0,0,0.08371,0,0,0.03205,0,0.00294,0,1.01865,0,0.01539,0,0.29235,0.06403,0.1645,0.01744,0,2.85334,0.07307,0.15831,0,0.04554,0,0.02271,0.09854,0.24184,0.01163,0,0,0,0.13127,0.0004,0.01156,0.21263,0.0101,0,0,0,0.01672,0,0.00095,0.00238,0,0,0,0,0,0.08213,0,0,0,0.00113,0,0,0.03431,0,0,0,0,0,0,0,0,0,0,0,0,0.32006,0.15022,0,0,0,0,0.03177,0,0.65779,0,0,0,1.04828,0,0,0,0,0,0.17483,0,0.14411,0,0,0,0.77937,0,0,0.03691,0.45478,0,0,0.00058,0,0,0.00044,0,0.22397,0,0,0.17596,0,0,0,0,0,0.03243,0,0,0,0,0,0,0,0,0,0,0.46419,0,0,0.04929,0,0,0,0,0,0,0.11204,0.02659,0,0.64777,0,0,0,0,0,0.1041,0,0,0.03241,0,0,0,0,0.019,0,0.0047,0.04057,0,0.0665,0.09129,0.24639,0,0.13395,0,0.11183,0,0.00118,0.01308,0,0,0,0,0,0,0.02204,0,0,0,0,0,0,0,0,0,0,0,0,0.02566,0.00766,0,0,0,0,0,0,0,0,0,0,0,0,0.00063,0,0,0,0,0.10509,0,0,0,0,0,0,0,0,0.01174,0,0,0,0,0,0.2864,0,0,0,0,0,0.0706,0,0,0,0,0,0,0,0,0,0.02516,0,0,0,0,0,0,0.04917,0,0,0,0,0.06472,0.01612,0,0,0,0,0,0,0,0,0,0,0,0,0.004,0,0,0.19407,0,0,0,0,0,0,0,0,0,0,0.01855,0,0,0,0,0,0,0,0,0,0,0,0,0,0,0,0,0,0,0,0,0,0,0.01529,0,0,0,0,0,0.00772,0,0,0,0,0,0.07327,0
TR20028,0.43725,3.65548,0.22077,4.02831,0.98563,0,0.0582,0.71279,0.27176,0.77831,1.42636,0.6436,0.22673,0.08393,0.13087,1.15623,0.11247,0.30048,0.03336,0.24684,0.3717,0.04994,0.45803,0.21935,1.18643,0.37112,5.62856,5.3402,0.26265,2.66117,0.42787,0.17762,0.12492,0.22858,0.27771,0.02409,0.57866,0.25004,0.10295,0.19432,0.18668,0.39907,0.19133,0.15771,0.09219,0.61066,0.20908,0.47661,0.42527,0.146,1.08291,0,0,0.00229,0.29454,0,0.29217,0.05161,0.04045,0.03767,0,0.29475,1.24091,0,0.03682,0.00127,0.01493,0.01742,0,0.16059,0.13907,0.09184,0.00606,0.04542,0.05424,0.14095,0,0.0003,0.01552,0.04027,0,0,0.00668,0.06094,0.00056,0,0,0.02112,0.1056,0.00469,0,0.0001,0,0,0,0,0.03892,0.00185,0.06914,0.17931,0.01356,14.0493,0.65252,0.00434,0.89389,0,0,0.17294,0.02789,0,0,0,3.04681,0,0.80015,1.81476,0,0,0.59892,1.52588,0.35192,0.00615,1.08979,0.00141,1.96495,0,0,0.59511,0.04882,0.09336,0.19302,0.25666,0.14462,0.02949,0,0.79957,0,0.22936,0.30904,0.20557,0.07981,0,0,0.10678,0.21584,0,0.19818,0,0.65624,0,0.03859,0.00233,0.22158,0.05556,0,0.02474,0.06481,0.0298,0,0,0,0.08117,0.01204,0,0.02011,0,0,0,0,0.01778,0,2.69673,0.83211,0.03068,0,0.38647,0,0.68419,0.02059,0,0,0.00132,0,0,0.01746,0,0,0,0.12222,0,0.04557,0,0,1.03262,0.95884,0,0,0.02524,0,0.02522,0.0372,0.116,0,0,0,0,0,0.10751,0.36112,0.0494,0.0376,0.30461,0.04605,0.19309,0,0.03531,0.02736,0.02727,0.00954,0,0.09155,0,0,0,0,0.0709,0,0,0.10132,0,0,0.01266,0,0,0.01041,1.2169,0.05573,0.00718,0,0,0,0.28133,0,0,0.03695,0.04973,0,0.02938,0,0.01058,0,0,0,0.0146,0.00204,0.0234,0.02527,0,0.0018,0.01918,0.00924,0.10528,0,0.00242,0,0,0,0,0.08096,0,0,0,0,0,3.04894,1.60788,0,0,0.20066,0,0,0,0,0,0,0,0.01341,0.00994,0.05945,0,0.19434,0.13545,0.14144,0,0,0,0,0,0.01414,0.4117,0.00953,0.99738,0,0.06015,0,0.02551,0.01983,0,0.00331,0,0.02139,0,0.00937,0.21876,0.01239,0.01205,0.02369,0,0,0.00894,0,0.00805,0,0,0.04529,0,0,0.22935,0,0,0.00194,0.01004,0,0,0.15797,0,0,0,0,0.43682,0.00182,0,0.00084,0,1.84834,0,0,0,0.04547,0.01362,0,0.00702,0,0,0,0,0,0,0.00204,0,0,0,0
TR20029,1.9815,0.37929,0,1.38924,1.80984,0.23391,0.94838,1.29275,5.3592,0.86151,2.12856,0.77793,0.52934,0,0.4848,4.47887,0.41112,0,0.24863,0.47165,0.94293,1.20399,0.72155,0,0.55793,0.42655,6.49507,3.55795,0.3372,2.29256,1.02388,0.21594,0.23801,0.14256,0,0.07818,0,0.18386,0.03208,0,0.32392,2.0754,0.577,0.39414,0.13445,0.091,0.03521,0.71583,1.13297,0.09844,0.10184,0,4.89836,0.0324,0.6125,0,0.1455,0.21694,0.0355,0,0.28577,0.15617,0.15429,0.07324,0.82816,0.32419,0.00321,0.01553,1.07943,2.17336,0.04195,0.22151,0,0.06861,0.00381,0.16377,0,0.00514,0,0,0,0,0,0.01312,0.01322,0.06346,0,0.00613,0,0,0,0,0,0,0,0,0.1669,0,0,0.06899,0,0,0.20769,0,0,0,0,0.00254,0,0,0.5736,0,0,0.38135,0.44468,1.01721,1.15167,0,0,0.44889,0.53513,0,0.02332,0.06234,0.17902,0.16901,0,5.94241,0,0.07574,0.08703,0.07872,0,0.03239,0,0.15891,0.10728,0,0.77482,0.3551,0.06033,0,0,0.33311,0,0,0.05218,0.26732,0.69135,0,0.09302,0,0,0,0,0.05114,0.1939,0.09474,0,0,0,0.07014,0,0,0.01743,0,0,0,0,0,0,0,0,5.94924,0.03524,0.7524,0,0,0.06482,0,0.18682,0,0,0,0,0.3768,1.04654,0,0,0.43809,0,0.76614,0,0,0.23529,0,0,0,0,0,0,0,0,0,0,0,0,0.09475,0.11419,0,0,0.28863,0.46837,0.12056,0,0.53363,0.01471,0.00799,0,0.07651,0,1.23002,0,0,0,0.14696,0,0,0.30323,0.48273,0,0.07653,0,0,0.02998,0,0.02033,0.03196,0,0,0.08936,0.00853,0,0,0,0,0.81059,3.33862,0,0.01122,0.01394,0,0,0,0,0.02073,0,0,0.00854,0.00772,0.00277,0,0,0,0,0,0,0,0,0.01804,0.00039,0,0,0,0,0,0.03444,0,0,0,0,0,0,0,0,0.00204,0.03162,0.02362,0.00395,0,0.37611,0,0,0,0,2.49214,0,0,0.13705,0,0,0,0.02398,0.01909,0,0,0,0.06738,0,0,0.01377,0,0.12623,0.00373,0.01151,0.04488,0,0,0.02089,0,0,0,0,0,0.00393,0.27931,0,0,0,0,0,0,0,0,0.35615,0,0,0,0,0,0,0,0.00201,0,0,0,0,0,0.00409,0.00074,0,0,0,0,0,0.00772,0,0,0,0,0,0.03847,0
TR20032,2.81835,0.17397,0,0.03788,0.137,0.14002,0.53482,0.21978,0.78187,1.9644,0.22793,0.21891,0.37897,0.0691,0.09661,1.15418,0.22465,0,0.65308,0.23759,0.51727,0.71485,0.03757,0,0.17378,1.55886,1.90671,0,0.22389,6.65536,0,0.16489,0.00716,0.05989,0,0.01602,0.12258,0.07628,0.02035,0,0.15827,2.52701,0.22929,0.43049,0.0413,0.00857,0.0014,0.19701,0.27556,0.10395,0.03069,0,2.6852,0.03533,0.20077,0,0.18913,0.18328,0.11224,0,0.18611,0.19216,0.20445,0.04358,0.27205,0.11326,0,0.01738,0,0.01489,0.03467,0.00802,0,0.02352,0.01432,0.00178,0,0.10065,0,0.0043,0,0,0.01741,0.06325,0.00054,0.22884,0,0.00968,0,0,0,0,0,0.0017,0.00982,0,0.02338,0.03313,0.00101,0,0,9.12035,2.21864,0,0,0.00195,0,0.00853,0,0,0,0,0,0,0.08084,0.62081,0.24298,0,0.47518,0.17517,0.04784,0.00152,0,0.70663,0.06278,0.12019,0,0,0.08697,1.42382,0.11906,2.29056,0,0.70174,0.06787,0.30761,0.29733,0,2.10494,0.01529,0.02963,0,0,0.00123,0,0.09972,0.02936,0.00192,0.01389,0,0.02928,0.13572,0.23194,0.01972,0.19563,0.08055,0.01115,0.02445,0,0,0.03483,0.0046,0.88278,0,0.01195,0.01588,0,0,0,0,0.40733,0.61352,0,0,0,0.25686,0,0,0.0329,0.11923,0.29115,0,0,0,0,0.00665,0.14865,0,0.3809,0,0,0.70304,0,0.48614,0.07265,0.2051,0,0,0,0.09535,0.40776,0,0,0.50644,0,0,1.46184,0.00059,0.03555,0.09056,0,0.0237,0.0701,0.06522,0,0.17608,0.01284,0.5817,0,0,0.08806,0.00498,0,0,0.20559,0.10361,0.09244,0.22432,0,0.05696,0.21203,0.37649,0,0,0,0,0.04101,0.01174,0.03234,0.00926,0.04222,0,0,0,0,0,0.06162,0.01035,0.16814,0.00471,0.00395,0.0019,0,0,0,0.06945,0.09821,0.02275,0,0,0.02154,0,0,0,0,0.00478,0,0,0.16518,0.03112,0,0.00231,0.01261,0.23273,0,0,0,0,0,0,0.01964,0,0,0,0.04239,0,0.03279,0.00998,0.02075,0,0.09718,0,0,0.07271,0.01861,0,0.59567,0,0,0.02647,0,0,0.08445,0,0,0.33996,0,0,0,0.02345,0,0,0,0.62618,0.00105,0.00483,0.12512,0,0.03846,0,0,0,0,0,0,0,0.1456,0.73441,0,0.01754,0,0.01019,0,0,0,0,0,0,0,0,0,0,0.06634,0,0,0,0,1.78335,0,0.00032,0.7391,0,0,0,0,0,0,0,0,0,0,0,0.12445
TR20034,3.17664,1.54227,0,1.55814,1.00038,0,0.31323,0.88216,5.82522,0.49619,0.66054,0,0.03213,0.11901,0.27041,0,0.10707,0,0.16632,0.97966,0.69336,0.41549,0.30886,0.0441,0.17625,0.50079,3.87008,0,0,4.16998,0.7126,0.06214,0.19204,0.3427,0,0,0,0.12104,0.01159,0.27832,0.01421,0,0.20333,0.08619,0.08688,0.2945,0.24889,0,0,0.15465,0.77571,0,0,0.04463,0.76568,0.0867,0.00172,0,0.04217,0,0.74433,0.32047,0.38742,0.133,0.58048,0,0.01928,0.23206,2.36222,0.96522,0,0,0,0,0,0,0,0.13464,0,0,0.11019,0,0.09834,0,0.01089,0,0,0,0,0,0,0.00032,0,0,0,0,0,0.48172,0,0.23006,0,0,2.09234,0.06551,1.38597,0,0,1.09124,0.00952,0,0,0,0,0,0.27826,1.11661,0.03407,0,0,1.28899,0.1394,0,0.57258,0.04934,0,0,0,0.34918,0.38682,0,0.2432,1.44203,0.11302,0.53097,0,1.04359,0,0,5.29172,0.00562,0.06244,0,0,0,0,0.01292,0.01629,0,0.12177,0,0.04246,0,0.00689,0,0,0.05782,0,0.05838,0.38311,0,0,0.02603,0,0,0.01047,0.16879,0,0,0.08078,0,0.32265,0,0,0,0.07777,0.48205,0.00636,0,0.02296,0,0.00915,0.03315,0.03775,0,0,0.05293,0,0,0,0,0.03459,0,0.1883,3.71511,0.05569,0.24089,0,0.00578,0.02729,0,0.18906,0,0.02224,0,0,0,0,0.06973,0.49916,0,0.17581,0,0.03551,0.05325,0,0.15605,0.00663,0.12194,0.08322,0,0,0.0051,0,0.01363,0,0.03154,0.01795,2.29521,0,0,0,0.59134,0,0.00744,0.15826,0,0.02151,0.00276,0,0.01342,0,0.01359,0,0,0,0.12039,0,0,0.00194,0.0092,0,0.02523,0,0.03313,0,0,0.01268,0,0,0,0,0.07031,0,0.00029,0,0,0.02597,0,0,0,0,0.05151,0,0.17517,0,0.00424,0.00961,0,0.00069,0,0,0,0,0.36665,0,0,0,0.00023,0.09653,0,0,0.00047,0,0,0,0,0,0,0,0,0.68205,0,0.04622,0,0,0,4.05894,0,0.00504,0,0,0.29413,0,0,0.01825,0,0,0,0.01517,0.0012,0.08281,0,0.03181,0,0,0,0,0,0,0,0.00899,0.31373,0,0,0,0,0,0,0,0,0,0,0,0,0,0,0.85641,0,0.00468,0.01764,0,0.00089,0,0.05043,0,0,0,0,0.05259,0,0,0,0
TR20037,0.33866,3.26674,0.76486,0.0256,0.27551,0.33238,0,0.20587,1.22795,0.28061,0.96255,0.15163,0.19133,0.31919,0.05234,1.32671,0.04522,0.03248,0.00188,0.4068,0.10978,0.01162,1.42946,1.10421,0.27791,1.16126,0.6113,5.88762,0.02443,5.96934,1.96698,0.08037,0.20735,0.18387,0,0.02203,0.01542,0.11632,0.01188,0.04925,0,0.08539,0.1214,0.11251,0.13209,0.16425,0.06041,0.08926,0.04591,0.05762,0.12998,0.02436,0.18747,0,0.28858,0.12175,0,0.00052,0.033,0,0.02372,0.04583,0.09108,0,0.00052,0.00402,0,0,0.00434,0.01953,0.04957,0.01439,0.07674,0.05506,0.06133,0.01419,0,0.07065,0,0,0,0,0,0,0,0.08133,0,0,0,0,0,0,0,0,0.01,0,0.01973,0,0.12588,0.38606,0,2.91265,2.09449,0,0.00516,0.00531,0,0.19461,0,0,0.00169,0,0,1.23046,0.06906,2.57405,0.51901,0.70352,1.1397,0.053,0.13292,0,0.19514,0.5894,0.06302,0.74905,0,0.06623,0.29022,0.58074,0.44585,0.01297,0.62613,1.56959,0,0,0.11835,2.91218,1.77242,0.01035,0.26094,0,0.06706,0.03386,0.00903,0.21518,0.58199,0.01275,1.40462,0.23901,0.00628,0.02111,0.4395,0.06104,0.03605,0.25512,0.13445,2.29575,0,0,0,0.40981,0.3734,0.01006,0.01508,0.00824,0.92539,0,0.54431,0.01426,0,1.69677,0.05754,0,0,0.16723,0.15409,0,0.01341,0.08172,0,0.0047,0,0,0.0054,0,0.04249,0,0.0095,0.03857,0,0.14802,0,0,0,0,0,0,0,0.07947,0.00416,0,0,0.17838,0,0,0.2838,0,0.02808,0.04108,0.00021,0.06931,0.02203,0.06215,0.07477,0,0.00331,0.01091,0.02433,0.01258,0.0568,0,0,0,0.00649,0.25661,0,0.69126,0.05648,0.01702,2.52121,0.19474,0,0.03649,0.00567,0,0.00028,0.00555,0.01365,0.02574,0,0.0473,0,0,0.01402,0,0.01321,0.01682,0.00403,0.00714,0,0.00103,0,0,0.01102,0,0.07312,0,0,0,0.06334,0,0,0,0,0.0046,0.00264,0,0,0.00703,0,0,0,0,0.45733,0.49601,0,1.1882,0,0,0,0,0,0.10212,0,0,0,0,0.07394,0.0072,0.03304,0,0.25669,0,0.01089,0,0,0,0,0.02378,0,0,0.07305,0,0,0.01133,0.12359,0,0,0.02637,0.00013,0,0,1.82615,0.02151,0,0.19254,0.26933,0.04699,0,0.06638,0.03075,0.04269,0,0.01373,0,0,0,0,0,0,0,0,0.66321,0.00217,0.12439,0,0.02117,0,0,0.0663,0,0,4.32563,0,0.02729,0,0.06967,0.00616,0.06966,0,0.01037,0,0,0,0,0,0,0.36644,0.12841,0.67427,0,0
TR20041,0.06936,0.4922,0.45094,2.17779,0.35843,0.12654,0.04351,0.17442,0.03258,1.09418,0.50011,0,0.22853,0.01899,0.01271,0.01743,0.08136,0.56487,0.06565,0.39594,0.29911,0.00714,0.09968,0.08203,0.47397,0.07262,4.94026,1.43077,0.05225,3.02186,0.15429,0.01263,0.07606,0.06565,0,0.04835,0.05749,0.18364,0.02892,0.00531,0.02238,0.3485,0.07847,0.00465,0.01011,0.10116,0.07788,0.01755,0.12307,0.08858,0.29666,0.16822,0.00139,0,0.40335,0,0.00594,0,0.04301,0,0,0.06628,0.12673,0,0.03102,0.02519,0,0,0,0.11926,0.02673,0.10643,0,0.03317,0.03825,0.07067,0,0,0,0.00217,0,0,0,0,0,0.21857,0,0,0,0,0,0,0,0,0.01296,0,0.06394,0.01792,0.01654,0,0,17.98191,2.71933,0,0,0,0,1.88338,0,0.96153,0.01263,0.19439,3.69847,0.92825,0.72011,1.21281,0.12601,1.67604,0.03884,0,0.16771,0.62357,1.52118,0.49085,0.17286,0.23972,0,0.56406,0.25034,0.06149,0.38636,0.58866,0.42924,0.24668,0,0.21028,0.61162,0.74341,0.99439,0.0441,0.12684,0.3633,0,0.4645,0.05323,0.06497,0.11084,0.20437,0.62799,0,0.04264,0.07706,0.08794,0.05781,0.0166,0.05697,0.11804,0.12053,0,0.57035,0.17299,0.02116,0.13844,0.05544,0.01672,0.0863,0.59385,0,0.09283,0.09093,0.00243,1.79041,0.00793,0,0,0.11915,0.09122,0.10186,0.05996,0,0,0,0,0,0.01519,0.11531,0.00151,0,0,0,0.00535,0.03428,0,0.0165,0,0,0.08921,0,0,0,1.27446,0,0,0,0,0,1.11174,0.18117,0.09275,0,0,0.07099,0,0.05668,0,0.07825,0.01871,0.01051,0.03963,0.02243,0,0,0,0,0,0.42362,0,0.50668,0.02593,0,0.35248,0.21076,0,0.76663,0.09185,0.05244,0.02476,0.03206,0.05057,0.00704,0.03532,0.01433,0.00693,0,0.01199,0.05874,0,0.00741,0,0.01089,0,0,0.15002,0.00064,0.00639,0.00451,0,0,0,0.02761,0.05793,0,0,0,0,0,0,0,0,0,0,0,0.0002,0,2.16333,0.00344,0,0,0,0.33628,0,0,0,0,0,0,0.02638,0,0.01674,0.48246,0.00256,0.02499,0,0.0011,0,0,0,0,0,0,0,0.31757,0,0,0.00122,0.2559,0.07397,0.00539,0,0.12953,0.00283,0.01843,0.03501,0.46046,0,0.02515,0.01546,0.07132,0.05608,0.03537,0.09006,0.01765,0.53335,0.2912,0.00886,0,0,0.30273,0.12164,0.01495,0.04081,0.00995,0.00958,0,0.09477,0.1238,0.00253,0.21666,0,0,0.00273,0,0.00703,2.5794,0.93809,0,0.0932,0.00511,0.00607,0.00527,0.2808,0,0,0.10034,0.01238,0,0.77739,0.07586,0.01006,0.17107,0.13931,0.11812,0
TR20042,0.43685,0.27899,1.61605,1.10857,0.23402,0.0671,0.2229,0.27583,0.3676,1.64332,0.60292,0.02052,0.2965,0.03338,0.19115,1.78198,0.27528,0,0.04351,0.6833,0.33298,0.04315,0.14828,0.05686,0.55934,0.60134,8.31661,0.1431,0.10319,1.10785,0.04956,0.01268,0.45518,0.01629,0.15338,0.16281,0.12671,0.11718,0.03038,0.19523,0.03189,0.0403,0.0906,0.12266,0.08649,1.1737,0.04581,0.13909,0.03949,0.0753,0.47015,0,0.65238,0,0.18599,0.05629,0.16594,0.13388,0.11405,0,0.03932,0.1579,0.14242,0.00745,0.11555,0.23735,0,0,0,0.01106,0.09444,0.07183,0.06029,0.01546,0.02202,0.18696,0,0,0,0.01501,0,0,0,0.00816,0,0.02198,0,0,0.25577,0,0,0,0,0,0.00075,0,0.00666,0,0.03372,0.06167,0,8.43583,1.3097,0,0,0,0,0.81291,0,0,1.52002,0,0,0,0.90067,1.23557,0.61562,0,0.57074,1.11041,0.1216,0.22873,0.32735,1.95621,0.38745,0,0,1.36549,0.10714,0.34241,0,1.05825,0,1.27748,0,1.10419,0.16595,0,0.13467,0.09723,0.03789,0,0,0.19128,1.19228,0.5745,0.11792,0,1.02224,0,0.0409,0.16306,0.02367,0.01293,1.24685,0.1197,0.03353,0,0,0,0,0.02179,0.07509,0.86312,0.01059,0.00204,0,0,0,0.28318,0,0,0.90675,0,0,0.07446,0,0,0.04414,2.05183,0.11037,0.02121,0.00892,0,0,0.06553,0.07043,0.03522,0.67284,0,0.20246,0,0.04838,0.50976,0.01402,0,0,0.01798,0.02392,0,0,0,0,1.67288,0.02316,0.05905,0,0.11075,0.03886,0,0,0.02722,0.28163,0.06546,0,0.05105,0.07096,0.15536,0,0,0.01301,0,0,0,0,0,0,0,0,0.39694,0,0.2709,0.08281,0.80698,0.02394,0.02108,0.03129,0.01296,0.04261,0.00162,0.01025,0.04998,0.03617,0,0,0,0.29318,0.0829,0,0.00575,0,0,0.01962,0,0,0.00302,0,0,0.00941,0.35052,0,0,0.03427,0,0,0,0,0,0,0.03545,0,0,0,0,0,14.93786,0,0,1.15393,0,0,0,0,0.20857,0.0283,0,0.06181,0.00162,0.00433,0,0.10514,0.0249,0,0.01135,0.48887,0.01316,0,0.07807,0.007,0.09358,0.01399,0,0.24018,0,0.02009,0,0.02801,0,0,0.04559,0.00517,0.05812,0,0.11587,0.01217,0,0.02961,0.17189,0.02035,0.04061,0.06353,0.01879,0.01308,0,0.01423,0,0.20724,0,0.0344,0,0,0.08011,0,0,0.03876,0,0,0,0,0,0,0,0,0,0,0,0,0,0,0,0,0,0,0,0,0.08184,0,0,0.00891,0,0,0.34008,0
TR20044,1.64285,0.25811,0.56962,0,0.11375,0.12979,0.00976,0.18972,0.40959,0.45558,0.6515,0.27487,0.09204,1.01643,0.14849,0.9619,0.06927,0,0.00382,0.58558,0.09058,0.11588,1.65954,0,0.14412,6.62056,3.78573,0.04228,0.01363,4.72317,0.02879,0.12614,0.11452,0.0178,0,0.05972,0.50192,0.01501,0.00155,0.29568,0.02977,0.99015,1.27389,0.18499,0.11628,0.17033,0,1.23396,0.14453,0.10743,0.00171,0,1.57945,0.01024,0.26966,0,0.23944,0,0.00322,0,0,0.20406,0.24284,0.025,0.0065,0,0.0048,0.15925,0,4.80043,0.00289,0.04374,0,0,0,0.07203,0,0,0,0,0,0,0.0113,0,0.0014,0.01805,0,0,0,0,0.06441,0,0,0.009,0,0,0.02507,0,0.01884,0.01164,0,8.07205,0.63262,0,0,0.00436,0,0.22907,0,0,0,0,2.08072,0,0.57171,0.74783,0,0,0,0,0.01171,0.2077,0.71812,0.28741,0.26258,0,1.18057,0.24406,1.72641,0.45828,0,0.58038,0,4.77447,0,0,0.15757,0.00687,0.38508,0.0617,0.15416,0.97956,0.65155,0,0,1.15735,0.01491,0,0.25885,0.00567,0.02507,0,0.08491,0,0,0.33562,0,0,0,0.72635,0,0.13088,0.22753,0,0.00076,0.01307,0,0.01599,0,0,0,0.90496,0,0,0.00221,0.72034,2.92817,0,0.01108,0,0.22659,0.02781,0,0,0,0.06933,0,0,0.70389,0,0.01585,0.42959,0,2.5215,0.01816,1.20624,0,0,0.34934,0,1.11252,0.39056,0.02169,0,0,0,0.1001,0.03235,0.02765,0,0,0.03276,0,0.0099,0,0.03259,0.01944,0,0.0914,0,0.35841,0.00204,0,0,0.12052,0.29774,0.00779,0.19336,0,0,0,0,0.01406,0.15654,0.00528,0,0.03132,0.0047,0,0.0025,0.06829,0,0,0,0,0,0.05495,0,0.05598,0,0,0.02726,0,0.0107,0.01188,0,0.00573,0,0,0,0.0203,0,0.00801,0,0.02113,0.00086,0.00621,0.00104,0,0,0.02933,0,0,0,0,0.13022,0.02971,0,0,0.04535,0,0,0,0,0.03164,0.01511,0.02583,0,0,0,0.02681,0.0158,0,0,0,0,0,0.01034,0,0.03623,0,0,0.12169,0.05606,0,0.41872,0,0,0.13089,0,0,0,0,0.22594,0,0,0.23841,0.05471,0,0,0.11461,0,0,0,0,0,0.03892,0,0,0,0,0,0,0,0,0,0.22402,0,0,0,0,0,0,0,0,0.15133,0,0,0,0,0.51518,0,0,0,0,0,0,0.25689,0,0,0,0,0
TR20045,2.60549,0.29065,0.1983,0.11188,0.06246,0.06572,0,0.10494,0.90216,0.51862,0.14264,0.51666,0,0,0.09001,0.05816,0.02848,0,0,1.29039,0.16092,0.60728,0.00132,0.34049,0.18049,1.78557,2.02998,0,0,8.21513,0,0.01335,0.13226,0.16785,0,0.04118,0.11533,0.05639,0,0.32215,0.04647,0.02478,0.77975,0,0.15836,0.01874,0.00131,0,0.0206,0.27502,0.02997,0.66161,1.89289,0.01212,0.15662,0.02225,0.00997,0,0.01413,0,0.13539,0.16542,0.07057,0,0.23721,0,0,0.4508,0,0.01631,0.10342,0.02054,0.48262,0.02938,0,0.22561,0.0179,0.06197,0,0,0,0,0.00514,0.0019,0.01389,0.36778,0,0.00179,0,0,0.00213,0,0,0.00156,0,0,0.00547,0,0.01595,0,0,13.71325,5.22842,0.00152,0,0.00444,0,4.21551,0,0,0,0,0.09273,0.69789,0.40163,1.59962,1.09132,1.12185,0.26224,0.11652,0.00994,0.14325,0.09565,0,0.40569,0.16675,0,0.50279,0.87451,0.48584,0.43377,0.32185,0,0.52104,0.14687,0.69817,0,0,3.87638,0.02942,0.46988,1.31312,0.1174,0,0.54783,0.12114,0.11255,0,0.58943,0.01116,0.01495,0,0.19203,0,0.03075,0.06229,0.06336,0.05263,0.31012,0.50877,0,0.03692,0,0,0.02074,0.03011,2.32208,0,0.05579,0.07143,0,1.71289,0.10082,0,0,0.3197,0.027,0,0,0,0.1751,0,0,0.24336,0.01031,0.17578,0,0.11048,0,0.01709,0.01846,0.03305,0.00385,0,0,0,0,0,0,0.13273,0,0,0,0,0,0,0,0,0.00555,0,0,0.07093,0,0.08773,0,0.007,0,0,0,0.30863,0.05508,0.00698,0,0,0,0.13268,0,1.01988,0.0591,0,0,0.45054,0,0.07087,0,0,0.02837,0,0,0.00548,0.09762,0.00869,0.00575,0.01061,0,0,0,0.04897,0.03382,0,0.00662,0.00395,0,0,0,0.00488,0.03953,0,0,0,0.00691,0,0,0.00151,0,0.00858,0.01303,0,0.01761,0,0,0,0,0,0,1.91361,0.06532,0,0,0,0.0103,0,0,0,0,0.07956,0.00119,0,0,0,0.17356,0,0.03656,0,0.00977,0,0,0,0,0,0.13212,0,0,0,0,0.1091,0.04549,0,0,0,0,0,0,0.49998,0.00111,0,0.78243,0.01569,0,0,0,0.05819,0,0,0,0,0,0,0,0,0,0,0,0,0,0,0.13405,0,0,0,0,0,0,0,0,0,0.05755,0,0.00302,0,0,0,0,0,0,0,0.8293,0.02271,0,0.01325,0.50879,1.09446,0
TR20048,0.50981,0.41247,0.2349,0.18302,0.18373,0.1364,0.00232,0.07383,0.7506,0.48042,0.21615,0.13674,0,0,0.06617,0.19425,0.13575,0.06094,0.12026,0.40659,0.11502,0.11412,0.46598,0.01818,0.26113,0.26338,4.33557,0.00234,0.00618,1.83397,0.0172,0.03737,0.17016,0.0647,0,0.01408,0.01724,0.14047,0.02682,0.0747,0.05676,0.45334,0.38078,0.02435,0,0.03459,0.0201,0.02588,0.04371,0.0942,0.48122,0.12454,0.03997,0.01584,0.24142,0,0.00929,0.12028,0.0254,0,0.36361,0.21186,0.07496,0,0.0337,0.0229,0,0.00095,0.23824,0.70368,0.10187,0.15455,0.16644,0.01169,0.00261,0.06294,0.0273,0.00254,0,0.00925,0.00524,0.00792,0.00204,0.00814,0.00024,0.00708,0,0,0.01083,0,0,0,0,0.0008,0.00612,0,0.03821,0,0.02029,0.0789,0,25.70323,3.21718,0.02846,0.07315,0,0.0017,0.13351,0,0.01745,0.0032,0,5.28342,5.03958,0.24519,2.75379,0.50232,2.62097,0.52149,0.01206,0.15135,0.4696,0,0.13096,0.47064,0.16545,0,1.10151,0.09783,0.09088,0.25596,0.12444,0.18061,0.16767,0.04571,0,0,2.48472,0.24332,0.09714,0.11058,0.07254,0.00069,0.01006,0.20896,0.0426,0.1224,0.11722,0.71126,0,0.05468,0.0013,0.02538,0,0.08601,0.27246,0.07661,0.17521,0,0,0,0.04185,0.03723,0.07945,0.0149,0,0.30491,0.01229,0.03293,0.14165,0,0.93133,0,0,0,0.43639,0.21874,0,0.04383,0.07651,0.00926,0.00433,0,0.5355,0.02812,0.0261,0,0.04475,0.06385,0.00904,0.00053,0.01476,0.00251,0.06967,0,0,0.01135,0.0172,0.0549,0.27314,0.55837,0,0,0.01079,0,0.0268,0,0.05235,0,0,0,0.29113,0.00723,0.07238,0,0.07766,0.01367,0.03008,0,0,0.00515,0.0016,0,0,0,0.05327,0,1.03166,0.21384,0,0.13359,0.08583,0.00417,0.02173,0.04327,0,0.07382,0.0088,0,0.03995,0.04328,0.01761,0,0,0.01095,0.34558,0.15795,0.05187,0,0.00487,0.00898,0,0,0,0.10006,0.01371,0.00322,0,0.00368,0.00697,0,0.1335,0.00302,0.01292,0,0.00058,0.00113,0,0.28871,0,0,0,0,0,2.06893,2.39203,0.08823,0,0.33928,0.32971,0,0,0.51855,0.12884,0,0,0.01085,0.0001,0.01064,0,0.01334,0,0,0.00141,0.12837,0,0,0,0,0.01037,0.01711,0.07636,0,0,0,0.01453,0.11593,0.0019,0.0902,0.03873,0.0315,0,0,0.27073,0,0.03592,0,0.13813,0.04056,0,0.03964,0.04701,0,0,0.00969,0,0.02735,0.00411,0,0,0.02406,0.01818,0.00025,0,0,0,0,0,0.00693,0,0.10694,0.01358,0,6.80561,0.00171,0,0,0.00798,0.00586,0.00216,0,0.00128,0,0.00397,0.13481,0,2.0951,0,0,0.00908,0,0.14224,0
TR20060,1.3459,0.27379,0,0,0.23479,0.15994,0,0.05681,2.07696,0.11903,0.27495,0,0,0.03671,0.10052,3.79831,0.06554,0,0.00075,0.29788,0.08178,0.76905,0.24317,0,0.09659,9.96338,5.82806,0.00067,0,0.36292,0,0.01898,0.02063,0.0297,0,0.05775,0,0,0.00172,0.50986,0,2.83252,0.30596,0.41782,0,0.07895,0.00397,1.25282,0.02366,0,0.31643,0,0.02729,0.06756,0.23828,0.03868,0,0,0.00371,0,0.02633,0.30752,0.00308,0,0,0.01503,0.02721,0.42917,1.72522,0.08307,0.0397,0.04726,0.07212,0.01588,0,0.07212,0,0.02744,0,0,0,0.04513,0.2104,0.06138,0.03126,0.63078,0,0,0.0222,0,0.06943,0,0,0,0,0,0.05735,0,0,0,0,35.65315,0.08659,0,0.03616,0,0.0048,0,0,0,0.58129,0,0.1183,0.03522,0.06748,0.68058,0,0,0,0.21102,0,0,0.24236,0,0.00468,0,0.05278,2.9051,0,0,0.00123,0.3574,0,2.25449,0,0.50975,0,0.15279,0.15951,0,0,0,3.78565,0.13213,0,0,0.0138,0,0.04729,0,0,0,0,0,0,0.04493,0.05819,0.0009,0,0,0,0,0,1.19095,0,0,0,0,0,0,0.07617,0.01404,0,1.20412,0,0.64403,0,0,0.10056,0,0.02827,0,0,0.01963,0,0,0.01511,0,0,0,0,0.0776,0,3.8182,0.20409,0,0,0.00959,0,0,0.00628,0.2495,0,0,0,0,0,0.154,0.00198,0.00234,0,0.03625,0.17445,0,0,0,0,0,0,0.06751,0.37537,0,0,0,0,0,0,0.38662,0,0,0,0,0,0,0.01256,0,0,0,0,0,0,0,0,0.01583,0,0,0,0.77349,0.05523,0,0.01134,0,0,0.02953,0,0,0,0,0,0,0,0,0,0,0,0,0.01091,0,0.26098,0,0,0,0,0,0.03999,0.13276,0.07652,0,0,0.35213,0,0,0.00756,0,0,0,0,0,0,0,0.00917,0,0,0,0,0,0,0,0,0,0.06417,0,0,0.02409,0,0,0,0,0,0,0,0.05038,0,0,0,0,0,0.01132,0,0.01116,0,0,0,0,0.19579,0,0,0,0,0,0.18895,0,0.01549,0,0,0,0,0.00919,0,0,0,0,0,0.04465,0.01019,0,0,0,0,0,0,0,0,0,0,0,0,0,0,0,0,0,0
TR20064,0.06973,1.30018,1.55391,0.15527,0.02663,0,0.25778,0.08654,0.06669,0.4771,0.33182,0.5641,0.44289,0,0.01349,0,0.02742,0.00814,0,1.03381,0.04159,0.02373,0.54493,0.01213,0.11229,0.02149,1.36327,0,0.07131,1.86124,0,0,0.21339,0.04271,0,0.11364,0.06338,0.01817,0,0,0.05259,0.52187,0.0438,0,0.06332,0.07214,0,0.02613,0.09959,0.06978,0,0.058,0.02179,0,0.17537,0.07675,0.14463,0,0.02102,0,0,0.04772,0.05606,0,0.06897,0,0,0,0.14393,0.03471,0.0615,0.18462,0.0033,0.15499,0.01404,0.0155,0,0,0,0.07715,0,0,0,0.00808,0,0.05019,0.00714,0,0,0,0,0,0,0,0,0,0.10174,0,0.01015,0.07127,0,13.14958,1.29062,0,0,0,0,0.22339,0,3.65242,0,0.00527,6.81942,1.92228,0.11578,1.55875,1.31061,1.3465,0.00794,0,0.02144,0.2877,0,0.05372,0.52135,0.40696,0.94315,0.17831,0.0033,0.05919,0.09013,0.11105,0.12867,0.11194,0.02141,0.11028,0,0.3696,0.40702,0.00529,0.22405,0.05967,0,0.10272,0,0.04987,0.05092,0.03491,0.8003,0.07393,0.00615,0.10328,0.16358,0.01466,0,0.03106,0.04375,0.08999,0.01131,0.07377,0.01586,0.06856,0.13426,0,0.01213,0.01914,1.32309,0.00442,0,0.12767,0,2.50885,0.30491,0,0,0,0.1105,0,0.04387,0.2121,0,0,0.00109,0.28951,0,0,0.01677,0.11955,0,0,0,0.37229,0,0,0,0.15678,0.04797,0.00778,0.01751,0.10956,0.72549,0,0,0.02252,0,0.01117,0,0,0.01648,0,0,0.16112,0,0.04836,0.0033,0.0252,0.02034,0.01145,0.05369,0,0,0,0,0,0,0.02097,0,0.42558,0.04544,0,0.00147,0.11027,0,0.01388,0,0,0.01126,0.00106,0,0,0.00242,0.00728,0.00124,1.26405,0.00138,0,0,0,0,0.00528,0,0,0.00676,0,0.00144,0,0.04442,0,0.0006,0.00806,0.0311,0,0.00592,0,0,0,0,0,0,0,0,0,0,0,1.41843,0,0.0148,0.14793,0,0,0,0,2.91528,0.00965,0,0,0.01308,0,0.02376,0.00655,0.04528,0,0.49741,0.01398,0.02062,0,0,0,0,0.0275,0,0,0,0,0,0.00055,0,0,0,0,0.00763,0,0,0.17938,0.01464,0.141,0.04007,0.25572,0.02636,0.03149,0.23724,0.02954,0.01804,0,0.474,0,0,0,0.21426,0,0,0.00423,0,0,0,0,0,0,0,0,0.08353,0,0,3.48816,0,0,0,0,0.00842,0.00226,0.49987,0.00254,0.01737,0,0,0,0.53584,0,0,0,0.00036,0.03132,0.07554
TR20066,0.24246,1.21519,0,0.13126,0.0937,0.50784,0.04916,0.35063,0.01701,0.27524,0.96309,0,0.07451,0.12348,0.00974,0.02108,0.03394,0.02906,0.00326,0.96258,0.01421,0,0.06553,0.01496,0.08615,0,3.74585,0.71364,0,12.47103,0,0.0132,0.00056,0.01936,0,0.0238,0.03183,0.04636,0.00946,0.006,0.03928,0,0.19427,0,0.09918,0.17605,0.02366,0.17695,0.2215,0.08418,0.00447,0.65386,0.01706,0,0.21964,0.19058,0.02654,0.01416,0.01753,0,0.09363,0.03582,0.14449,0,0.03474,0,0,0,0,0.03658,0.2426,0.05527,0,0.13891,0.01057,0,0,0,0.00693,0.14548,0.00133,0,0,0.02166,0,0,0,0,0,0,0,0,0,0,0,0,0.13352,0,0.02659,0.08083,0,1.1861,9.98343,0,0,0,0,0.19876,0,0.0549,0,0,0.20961,0.21244,1.35096,1.94886,0.21641,3.65157,0,0.02924,0.07799,0.0327,0.33384,1.01404,0.0537,0.44697,0.60155,0.00053,0.17348,0.34316,1.26723,0,0.12658,2.96879,0,0.10184,0.09897,0.05837,1.49586,0.03775,0.25828,2.55118,0,0.00693,0.02359,0.465,0.43789,0.07582,0.18467,0.05865,0,0.23806,0.05597,0.061,0.42689,0.0145,0.0423,0.16534,0,0.24696,0,0.71777,0.01414,0.05316,0.42453,0.24194,0,0,0.38286,0.13915,0,0,0,0,0,0,0.27945,0.04169,0.01884,0.02722,0,0,0,0,0,0,0,0.09246,0,0,0,0,0,0,0,0,0.05886,0,0.00673,0,0.00225,0,0,0,0,0,0.92672,0,0,0,0.00155,0,0,0.04422,0,0,0,0.00711,0.05203,0.05954,0,0,0,0,0,0.80481,0,1.04349,0,0,1.59148,0,0,0.75802,0,0.00092,0.02048,0.01924,0,0.00723,0.01758,0.01837,0,0.04995,0.00297,0.18008,0,0,0.00297,0,0,0,0.03111,0,0,0,0,0.32218,0.00985,0.1503,0,0,0,0,0.01979,0,0,0.0038,0,0,0,0.02244,0,0.09168,0.50411,0,0.07143,0.07445,0,0,0,0,0,0,0.004,0,0,0,0.0315,0.01431,2.75376,0.00392,0,0.00335,0,0,0.26658,0,0.00568,0.13736,0,0,0,0,0,0.06905,0,0,0,0,0,0,0,0.19421,0.01126,0.07195,0.05957,0.06323,0.02315,0.49571,0.3525,0,0.00311,0.00462,0.01768,0,0,1.10165,0,0,0,0.0694,0,0.28888,0.0643,0.37051,0.24522,0,0,0.10162,0.05206,0,0.02579,3.04774,1.00634,0,0.21143,0.9539,0.00411,0,0.50817,0,0,0.03889,0.14414,0,0,0,0.09053,0.01501,0.53587,0.59215,0.04812
TR20068,3.41132,3.81766,0,0,0.34468,0.47644,0.01252,0.95924,0.11076,0.52484,4.91065,0,0,2.89143,0.11901,4.70979,0.01667,0,0.00338,0.31939,0.08077,0.81355,0.33487,0.4242,0.18036,5.70654,13.89962,0.31026,0.00344,0.49698,0.23374,0.23461,0.2182,0.10511,0,0.00094,0,0.03032,0.00755,0,0.06836,0.03726,0.08827,0,0.1265,0.26612,0.01134,0.18615,0.10438,0.19954,0.00488,0,0.27255,0.08477,2.17462,0.48913,0.05894,0,0.01393,0.05549,0.03968,0.07883,0.11311,0,0.06316,0,0.07802,1.16152,0,0.02372,0.98047,0.0811,0.00609,0.01358,0,0.00544,0,0.10274,0.07247,0,0.01758,0,0.22165,0.2153,0.04329,0.31822,0,0.05679,0.26668,0.00068,0.01642,0,0.00504,0.01356,0,0.03693,0.05142,0.04229,0.0085,0.22061,0,10.2803,0.02739,0,0,0.00782,0,0.73838,0,0,3.34918,0,0,0,1.45381,2.77463,0,0,0,0.07744,0.01097,0,1.29841,0.10221,1.35188,0,0,0.54475,0.06817,0,0,0,0,0,0,0,0,0,0,0.01557,0.23889,0,1.3076,0.00444,0,0,0.01263,0.34867,5.23474,0,0.0619,0,0,0,0,0.05835,0.01694,0.22521,0,0,0,0.02222,0,0,0.03018,0,0,0,0.11436,0,0,0,0,0,0,0.2395,0,0,0.01555,0.08078,0.03648,0,0.00173,0,0,0,0,0,0.15882,0,0.01473,0,0,0,0,0,0,0,0,0,0,0,0.01445,0,0,0,0,0.86903,0.38644,0,0.05229,0.12724,0.2883,0.09195,0,0.03517,0.00276,0,0,0,0,0.19725,0.00492,0,0.01342,0.1343,0,0.69717,0,0,0,0,0,0,0,0.01145,0.0073,0.00557,0,0,0,0,0,0,0,0,0.0054,0,0,0,0,0,0,0.53578,0,0,0,0,0.00401,0,0.05197,0.04506,0,0,0,0,0,0,0,0,0,0,0,0,0,3.01671,0.11328,0,0.00406,1.87279,0,0,0,0.07529,0,0,0.00698,0,0.10491,0,0.01214,0,0,0,0,0,0.22365,0,0,0,0,0,0.25156,0,0,0,0.16606,0,0.01173,0,0,0,0,0.55871,0.06054,0,0,0,0,0,0,0.00457,0,0,0,0,0,0,0,0,0,0,0,0,0,0,0,0,0.38712,0,0,0,0,0,0,0,0,0,0,0.04803,0,0.00588,0,0,0,0,0,0,0,0,0,0,0
TR20069,11.11345,3.02577,0,3.0251,0.2012,0.80544,0.00031,0.79459,6.56215,0.13474,0.23795,0.00532,0.16927,0.24944,0.0089,0.08209,0.00289,0.03671,0.01663,0.31041,0.04291,0.47581,1.75672,0.02489,0.28232,1.97035,2.59538,7.69669,0.3433,0.1891,0.15755,0.02534,0.19562,0.08907,0,0.02721,3.33071,0.05607,0,1.78674,0.00141,0.00239,0.28005,0.7873,0,0.01768,0.01053,0.09772,0,0.01741,0.01335,0,0,0.02772,0.24819,0,0.00093,0,0,0,0.01291,0.21671,0.1502,0.00971,0,0.01145,0.0286,0.58986,0.05426,0.51137,0.07912,0.23435,0.01594,0.13804,0,0.01163,0.16567,0.03505,0.13432,0,0.00234,0,0.0331,0,0.03392,0.01445,0.00624,0.06034,0,0,0.00142,0,0.00113,0.00622,0,0,0.03056,0.00176,0,0.20314,0,0.0056,0.05133,0.01024,0,0,0,0,0.00083,0,0,0,0,0.30621,0.05209,0.7635,0,0,0,0,0.08054,0,0,0,0.49943,0.16186,0,0.55712,0,0.02504,0,0.03019,0.00397,0,0,0.09259,0,0,0,0.23441,0.03437,0,1.97544,0.33419,0,0.03418,0.02716,0.00633,0.13858,0,0.00306,0,0,0,0,0.01992,0,0.03593,0,0,0,0.02541,0,0,0.01122,0,0,0,0,0,0,0,0,0,0,0.51677,0,0,0.00635,0,0,0,0,0,0,0,0,0,0,0,0.00869,0,0,1.92739,0.04509,0.15242,0.00917,0,0,0,0,0,0.00571,0,0,0,0,0,0.03325,0,0.08537,0.12653,0.23135,0.03176,0,0.06865,0.0325,0,0.00068,0.44878,0,0,0.00168,0,0,0.08836,0,0.63524,0,0,0,0,0,0,0,0,0.02429,0,0,0,0,0,0,0,0,0,0,0.00105,0,0,0,0,0,0,0,0,0.00634,0,0,0,0.06739,0,0,0,0,0,0.01032,0.00029,0,0,0,0,0,0.01569,21.06514,3.76656,0.09395,0,0.01037,0,0,0,5.87006,0,0,0,0.00684,0,0.00237,0,0.48647,0,0,0,0,0,0,0,0,0.00994,0,0.19782,0,0,0,0,0,0.05446,0.00323,0,0,0,0,0.10973,0,0.12431,0,0,0,0,0,0,0,0,0,0,0,0,0,0.00575,0,0,0.00107,0.07454,0,0,0,0.06855,0,0.11789,0,0,0,0.00144,0,0,0,0,0,0,0,0,0,0,0,0,0,0,0,0,0,0,0
TR20075,0.04416,0.94674,0,0.06515,1.90563,0.14815,0.04742,0.25051,0.14148,2.84313,0.10641,0,0.22072,0.97067,0.54312,0.00154,0.18597,0.00037,0.35672,0.57894,0.60915,0,0.28139,0.0408,1.10564,0,1.45103,0.28604,0.02638,11.20822,0,0.03736,0.15841,0.06771,0,0.13214,0.05001,0.17214,0.04267,0.44861,0.07067,0.46887,0.06511,0,0,0.0212,0.01892,0.02711,0.10153,0.18382,0.0492,0.1399,0.04129,0,0.37188,0.18752,0,0.01662,0.02698,0,0,0.05256,0.3757,0,0.46654,0,0,0,0.03293,0.11807,0.03471,0.05416,0,0.10076,0.01946,0.14161,0.45917,0.07326,0.00547,0.03883,0,0,0,0.00495,0,0.01892,0,0,0,0,0,0,0,0,0.01838,0,0.01197,0.04228,0.02524,0.00028,0,0.82632,5.09844,0.00304,0.01774,0.00204,0,0,0,0,0,1.57376,2.30343,0.89178,1.89483,0.33379,0.01535,0.79902,0,1.15441,0.23969,0.1087,0.08448,0.10709,0.02161,0.20578,0,0.33729,0.34516,0.02091,0.06001,0.00924,0,0.20141,0.2704,0.04482,2.59086,0.13395,1.39065,0.09764,0.07829,0.20877,0,0,0.00267,0.03822,0.09512,0,0.32645,0.06606,0.01886,0.04434,0.03327,0.08909,0.02775,0.03075,0.10452,0.03072,1.04255,0.30527,0.22292,0.01999,0.03152,0.14005,0.04021,0,0,0.01428,0.52124,0.12352,0,1.71473,0,0,0,0,0.03288,0,0.03272,0,0.00619,0,0,0,0,0.00796,0.27711,0.03681,0,0.1338,0,0.05674,0,0,0.20208,0,0.05757,0,0.01699,0,0.60415,0,0,0.44915,0,0.01418,0.50782,0.00761,0.61204,0,0,0.04932,0,0.1105,0,0.1773,0.02997,0.00866,0.0451,0.0449,0,0.00514,0,0,0,0.40583,0.03485,1.81326,0.07146,0,0.08323,0.36544,0,0.26486,0.10629,0,0.05623,0.01817,0.01769,0.02145,0.00927,0.14975,0.01736,0,0.01613,0.04447,0.17103,0.1716,0,0.00803,0,0.01452,0,0,0.03306,0.00265,0.08239,0.09871,0.00638,0,0.02554,0,0.01137,0.00092,0,0.00071,0,0.00019,0,0.01141,0,0.00674,0,0,0.30039,0.23913,0,0,0,0.11789,0.01235,0,0,0,0,0.00382,0,0,0.04498,0,0,0,0,0.00454,0.05365,0,0,0,0,0.00932,0,0,0,0,0.02919,0.05028,0.10005,0,0,0.11845,0.00238,0,0.02717,0.23237,0.0484,0.01237,0.15142,0.05749,0.07228,0.46481,0.02775,0.02044,1.49682,0.09368,0,0.09911,0,0.41584,0,0.06522,0.14712,0.02781,0.02659,0,0.04499,0.1026,0.29366,0,0,0,0.10005,0.00909,0.04071,9.54471,1.26978,0.22911,0.19114,0.5713,0.00666,0,0.66071,0,0.64482,0.11784,0,0.00581,0.61937,0.55408,0.46925,0.10611,0.12132,0.06454,0
TR20076,7.73503,0.46365,0,13.9021,0.5695,0.54732,0.06291,1.39235,10.90529,0.28665,0.5062,1.34458,0,0,0.00058,0.02121,0.04664,0,0.05964,0.54428,0.07499,0.62872,0,0,0.22742,1.71629,11.22447,0.30232,0.71206,0.07458,1.04365,0.01778,0.00878,0.17086,0,0,2.90776,0,0.01693,0.20757,0.01693,0.03009,1.0996,0.95047,0,0.17714,0,0.1812,0,0,0.40084,0,0,0.0718,0.72451,0.01286,0,0.04163,0,0,0.02731,0,0.32041,0,0.02964,0,0.10677,0.49678,0,0.1394,0.26579,0.51196,2.01912,0.08507,0.01898,0,0.11592,0.05978,0,0,0,0.31803,0.02494,0.0086,0.04292,0.11335,0.00407,0,1.58522,0,0,0,0,0.00084,0.01063,0,0.16072,0,0.02608,0.3953,0.14682,0,0,0,0.10746,0,0,0,0,0,0,0.17056,0,0,0.99888,1.74317,0,0,0.48095,0,0.45532,0,1.01058,0,0,0.12373,0,0.69368,0,0,0,0.03156,0,0,0,0,0,0,0,0.082,0,0,0,0,0,0,0,0.69541,0,0,0,0.03782,0,0,0,0.01875,0,0,0,0,0,0,0,0,0.01396,0,0,0,0,0,0,0,0,0,0,0.95361,0,0,0.13015,0,0.43553,0,0.00622,0,0.02659,0,0,0,0,0.00769,0.02503,0,0,1.89466,0.19992,0,0,0,0,0.29575,0,0,0,0,0,0,0,0,0.24628,0,0.29077,1.35269,0,0.02157,0.00497,0.12113,0.10627,0.01433,0,0,0.33153,0,0.01238,0,0,0,0,0,0,0,0,0,0.01676,0,0,0,0.05834,0,0,0,0,0,0,0,0,0,0,0,0,0,0,0,0.04523,0,0,0,0,0,0,0,0,0,0,0,0,0,0,0,0,0,0.00347,0,0.00572,0,11.48008,0,0,0,0,0,0,0,3.68056,0,0,0,0,0,0,0,0,0,0,0,0,0,0,0,0,0,0,0,0,0,0,0,0,0.00061,0,0,0,0,0,0,0.00678,0,0,0,0.00488,0,0,0,0,0,0,0,0,0,0,0,0,0,0,0,0,0,0,0,0,0,0,0,0,0,0,0,0,0,0,0.00671,0,0,0,0,0,0,0,0,0,0,0,0,0
TR20079,0.09258,0.72292,0,0.43308,0.92073,0.13377,0,0.11067,0.82176,1.33537,1.89967,0.00275,0.15009,0.02199,0.11988,0,0.20656,0.22968,0.02626,0.61759,0.38258,0.03653,0,0.11709,0.43427,1.59603,7.15423,2.18188,0.0789,4.42782,0.03845,0.04989,0.46132,0.1733,0,0.02621,0.53022,0.21953,0.06042,0.04066,0,0.1657,0.08941,0,0.12151,0.03447,0.04238,0,0.17926,0.1434,0.13691,0,0.27092,0,0.43919,0.2911,0.00793,0.03794,0.02881,0.0442,0.01063,0.10986,0.0774,0,0,0.04383,0,0.08912,0,0.02257,0.04326,0.03761,0,0.08739,0.02049,0.0475,0,0,0,0,0,0,0.00347,0,0,0.15971,0,0,0,0,0.00222,0.00086,0,0,0.00631,0,0.03966,0.04005,0.02073,0,0,2.58122,2.51005,0,0,0.00377,0,0.32147,0,0.24124,0,0.83832,0,0.2337,1.01699,0.2381,0,0.01741,0.13388,1.18817,0.2698,0.01159,0.43338,0.14247,0.11752,0.24927,0,0.31532,0.75226,0.36579,1.71664,0.33149,0,0.1172,0,0.70054,0.00083,0,1.06905,0.06227,0.13044,4.80819,0,0.125,0,0.03275,0.01702,0.00091,0.47653,0,0,0.11146,0.18356,0,0.00564,0.10992,0,0.09582,0,0,0.00126,0,0.74742,0.02411,0.39962,0.16337,0.49274,0.00516,0.08593,0,0.05269,7.12486,0.00644,0,0.0366,0.13677,0.61128,0,0.03661,0.10783,0,0,0,5.5935,0,0,0.04061,0,0.18355,0,0,1.55476,0,0.07565,0,0,0.07497,0,0.00549,0.06126,0,0,0.00312,0.44211,0.01776,0,0.15701,0.02683,0.0166,0,0,0,0,0.08976,0,0.03012,0.00282,0,0,0,0.0106,0,0,0.00489,0.01913,0.48646,0.05132,0.54899,0,0,0.19811,0.01767,0.26568,0,0,0,0.02414,0,0.10527,0.08468,0.03879,0.1297,0,0,0,0.14625,0.02316,0.00241,0.01246,0.00321,0,0.00728,0,0,0,0,0.03378,0,0,0,0,0,0,0.0004,0,0,0.00246,0,0.04669,0,0,0.00837,0,0.28693,0.09464,0,0,0,0,0,0.029,0,0,0,0,0.0102,0,0,0.01351,0,0.01014,0.3076,0,0.00453,0.26691,0,0.30184,0,0,0,0.02763,0.11568,0.02076,0,0,0,0.01388,0,0,0,0,0,0,0.43681,0.00406,0,0,0,0,0,0,0.00733,0,0.02829,0,0,0,0.49437,0.02403,0,0,0,0,0.45355,0.11529,0,0,0,0,0,0.03046,0,0,3.80139,0,0.11438,0.01709,0,0,0,0.02539,0,0.0838,0.02682,0,0,1.44033,0.12803,0.08607,0.71185,0.80923,0,0.00089
TR20080,24.52074,0.0477,0,5.84498,0.60002,0.65631,0.07649,0.62102,0,0.14294,3.16673,0.48078,0.01683,4.55983,0.02463,0,0.01119,0.35718,0.08146,0.39264,0.0921,3.40413,1.94708,0,0.19468,0.20587,2.18419,0,0.04987,1.04023,0.58229,0,0.03708,0.4678,0,0,0,0.03874,0,0,0.41153,0.06135,0.38365,0,0,0.34398,0,3.1222,0.00495,0.03285,0.11404,0,5.8278,0.74742,0.41859,0,0,0.01277,0,0.00194,0.21422,0.174,0.26766,0,0,0,0.41829,0.84683,0.18277,0.33964,0.14434,0.01132,0,0,0,0.01928,0,0.05708,0.02481,0,0,0.12882,0.27273,0,0.0632,0.09124,0.00608,0.04392,14.33836,0,0.31767,0,0,0,0,0,0.08028,0,0.02035,1.00973,0,0,0.17085,0,0,0,0,0,0,0,0,0,0,0,0.09541,0.00968,0,0,0,0.84512,0.04642,0,0.08775,0,0.13771,0.09453,0,0.18405,0,0,0,0,0,0,0,0,0,0,0,0.00295,0,0,0,0.19167,0,0,0,0.20424,1.31169,0,0,0,0,0,0,0.01012,0,0.90261,0,0,0.00465,0,0,0,0,0,0,0,0,0,0,0,0,0,0,1.39362,0,0,0,0,0,0,0,0,0,0,0,0,0.8145,0,0,0,0,0,0.04673,0,0,0,0.18943,0,0,0,0.0047,0,0,0,0,0.06476,0.02859,0,0.0407,0.16198,0,0.00945,0,0.02551,0,0,0,0,0,0,0,0.05783,0.01807,0,0.01314,0,0,0,0,0,0,0,0,0,0,0.00496,0,0,0,0,0,0,0,0,0,0,0,0,0,0,0,0,0,0,0,0,0,0,0,0,0,0,0,0,0,0,0,0,0.01139,0,0.00123,1.64219,0,0.88441,0.09085,0,0.02686,0,0,0.05634,0,0,0,2.02506,0.01653,0.07019,0,0,2.31534,0,0,0,0,0,0,0,0,0,0,0.11324,0,0.00711,0,0,0,0.39525,0,0,0,0.00581,0,0,0,0,0,0,0,0,0,0,0,0,0,0.02299,0.08261,0,0,0,0,0,0,0,0,0,0,0,0,0,0,0,0,0,0,0,0,0,0,0,0,0,0,0,0,0,0,0,0,0,0,0,0
TR20081,6.35792,0.66263,0,9.5002,2.95078,0.268,0.21746,1.24159,30.09893,0.19645,2.39421,0,0.25744,0,0.96554,0.00058,0.21758,0,0.93646,0.03657,0.51086,0,0,0,1.19209,0,6.57692,1.39856,0.03739,0.11517,0.42416,0,0,0.06927,0,0.37732,0,0.2375,0.1433,0,0.73052,0.00121,0.23862,1.73307,0.1623,0,0.06075,0,0.12994,0.19252,0.25712,0,0,0.11606,0.20345,0,0.03588,0.16466,0.03714,0,0.09547,0,0.42703,0.02877,0,0.29742,0.01474,0,0.01138,0,0.08752,0.02772,2.8226,0.07597,0,0.03033,0.04106,0.00098,0.08848,0.06737,0,0,0,0,0,0.56008,0,0,0,0,0,0,0,0,0,0,0.21745,0,0,0,0,0,0,0,0.00609,0,0,0,0,0,0,0,0,0,0.28104,0,0,0,0,0.53957,0.21899,0,0,0,0,0,0,1.72818,0,0,0,0.0581,0,0,0,0,0,0,0,0.07369,0,0,0,0.954,0,0,0,0.14124,0,0,0.09681,0,0,0,0,0.00703,0.06187,0,0.33782,0,0.05359,0,0,0,0,0.56546,0,0,0,0,0.35083,0,0,0,0,0.36287,0,0,0,0,0,0,0,0,0,0.07175,0.08271,0,0,0,0,0,0,0,0,0,0,0,0.0316,0,0,0,0,0,0,0,0,0,0.03458,0,0,0.01989,0,0.51247,0.01659,0,0.00746,0.00799,0,0,0,0,0,0,0,0,0,0,0,0,0,0,0,0,0,0,0.01163,0,0,0,0,0,0,0,0,0,0.238,0,0,0.01224,0,0,0,0,0,0.01323,0,0,0,0,0,0,0,0,0,0,0,0,0,0,0,0,0,1.93664,0,0,0,0,0,0,0,1.28993,0,0,0,0.795,0,0.07669,0,0,0,0,1.54056,0,0,1.30519,0,0,0,0.13466,0,0,0,0,0,0,0,0,0,0,0,0,0,0,0,0.03128,0,0.4318,0,0,0,0,0,0,0,1.86125,0.01326,0,0,0.06191,0,0,0,0,0,0,0,0.67117,0,6.01276,0,0,0,0,0,0,0,0,0,0,0,0,0,0,0,0,0,0,0,0,0,0,0
TR20082,0.13997,0.85673,0.72451,0.41993,0.51595,0.14135,0,0.77301,1.45879,0.69921,0.42025,0.18986,0.16174,0.11114,0.0546,0.73206,0.25921,0.02124,0.03697,0.31197,0.4222,0.01003,0.12172,0.01347,1.59326,0.0227,1.78498,1.97348,0.00799,6.2696,0.12219,0.0419,0.30031,0.23927,0,0.03005,0.19438,0.19522,0.02403,0.06046,0.27848,0.25274,0.10497,0.77893,0,0.21439,0.07494,0.08839,0.33056,0.29859,0.63419,0.0157,0.00749,0,0.44866,0.0881,0,0,0.0526,0,0.13983,0.19144,0.4023,0,0.02104,0.00835,0.00723,0.01191,0.00937,0.10553,0.13009,0.02508,0,0.04494,0.0388,0.08427,0.12759,0.0696,0.00107,0.03088,0.00803,1.02594,0.00448,0.07222,0,0.06118,0,0,0.01911,0.00228,0,0,0.06182,0,0.07419,0,0.01444,0.02576,0.05229,0.01616,0.03301,3.82709,1.65355,0.09057,0.92194,0,2.03631,1.36348,0,3.72725,2.36152,1.44396,1.23909,0.99482,0.9799,0.96191,0.87308,0.83448,0.7086,0.57996,0.42796,0.41171,0.39576,0.39519,0.37988,0.37168,0.32435,0.28118,0.2774,0.26319,0.25353,0.24018,0.21993,0.2091,0.19525,0.19228,0.18811,0.18502,0.18007,0.17264,0.16933,0.15485,0.15071,0.14043,0.13163,0.12843,0.1166,0.10401,0.09886,0.09513,0.08419,0.07036,0.06587,0.06416,0.05804,0.05509,0.05476,0.05425,0.05214,0.051,0.04943,0.03978,0.03972,0.03818,0.03272,0.02724,0.02687,0.0235,0.0206,0.02059,0.01975,0.01675,0.01521,0.01504,0.01487,0.01132,0.01094,0.01086,0.01049,0.00744,0.00627,0.0039,0.00356,0.00321,0.00317,0.00285,0.00223,0.0017,0,0,0,0,0,0,0,0,0,0,0,0,0,0,0,0,0,0,0,0.01397,0.04818,0.15363,0.00343,0.03504,0,0.03183,0,0.53628,0.02146,0.00744,0.02977,0.05522,0.04116,0.00408,0,0.00709,0,0.12475,0,0.77633,0.21133,0.15551,0.09549,0.09211,0.06645,0.05672,0.05474,0.05112,0.05059,0.04937,0.04541,0.0429,0.04038,0.02595,0.02487,0.02304,0.0222,0.0211,0.01793,0.01642,0.01276,0.01244,0.01008,0.00983,0.00976,0.00914,0.00898,0.00636,0.0052,0.00467,0.00425,0.00392,0.00263,0.00208,0.00063,0.00042,0,0,0,0,0,0,0,0,0,0,2.14377,2.26828,0,0.24319,0.19785,0.03054,0.01874,0.01438,0.00899,0,0,0.00275,0,0.07423,0.07407,0.05092,0.02114,0.00468,0.00429,0.00208,0,0,0,0,0,0,0.00716,0.17956,0.08809,0,0,0.10168,0.67246,3.75738,0.0356,0.00833,0.00801,0.0054,0,1.08239,0.05675,0.01753,0.1558,0.10051,0.04115,0.02634,0.01601,0.0149,0.00644,0.00314,0.00156,0,0,0,0,0,0,0,0.12167,1.73842,0.16293,0.12993,0.09527,0.06865,0.0336,0.03358,0.01832,0.01616,0.01003,4.32948,2.93245,0.11687,0.04248,0.02498,0.01634,0.00118,0,0.00397,0.01558,0.06961,0.00365,0,0,0,0.05851,0.0326,0.01646,0.00389,0
TR20083,5.70576,0.2945,0.05583,0.99781,0.43444,0.22747,0.37466,0.28074,0,1.28847,0.18483,0.20949,0,0.29919,0.07087,1.55478,0.08065,0.0186,0.29252,0.18752,0.27665,1.74929,0.70117,0.10687,0.14574,4.16645,1.07737,0,0.22866,5.17602,0.15184,0.06021,0.00729,0.2557,0.04502,0.09106,0,0.02733,0.01857,0,0.00693,0.41981,0.50873,0,0.16272,0.07492,0,2.29414,0.04676,0.0582,0.02096,0.18978,6.4829,0.01445,0.89269,0,0.04914,0.04591,0.0329,0,0.43315,0.28166,0.01514,0.05145,0.25781,0.15802,0,0.02946,0,0.16843,0.32809,0.09735,0.14794,0.05953,0,0.00682,0.00295,0.00986,0.00473,0,0,0,0,0,0.0044,0.00641,0,0,0,0,0.01256,0,0,0.00174,0.00157,0.0736,0.20603,0.49604,0.0049,0.09669,0,0.00257,2.49916,0,0.01929,0.00159,0,0.35865,0,0,0,0,0,0,0.74849,0.19638,0.0363,0,0,0,0.13817,0,0.42788,0.05162,0.19286,0,0,0.49942,0.00825,2.23639,0.03328,0.32682,0,0.00704,0,0.09347,1.38703,0.00652,0.16145,0.02165,0.02135,0.35073,0,0.20187,0.9865,0,0.07709,0,0.03542,0,0.01679,0.05757,0,0,0,0.03852,0.25114,0.0483,0.20699,0,0.32887,0.00354,2.27367,0.13735,0.01492,0,0,0.06541,0.71817,0.01203,0,0,0,0,0.10673,0,0,0.34819,0.02044,0.0088,3.58085,0,0,0,0,0.01759,0.45531,0,0,0,0.02406,0,0,0,0.00358,0,0,0,0,0,0,0,0,0.69916,0,0.00558,0.36939,0.04803,0,0.00425,0.05891,0.06256,0.22167,0.09664,0.00163,0.19092,0.06259,0.0183,0.02256,0,0,0.38963,0,0,0.00448,0.3177,0,0,0,0.88848,0.15613,0,0,0.37625,0,0,0.05917,0.03156,0.02415,0,0.04946,0,0.12185,0,0,0,0.10594,0.00458,0.0046,0.00419,0,0.09001,0,0,0,0,0,0,0.01059,0.02694,0.0578,0,0.00231,0.00025,0,0.00133,0.00058,0.00133,0,0.03835,0,0.00559,0.02585,0.51753,0,0.41547,0,0,0.00708,0,0,0,0,0,0.05209,0.64151,0.00762,0.15063,0.00515,0,0.18805,0.07506,0,0.22993,1.60402,0.06729,0.32079,0.07489,0,0,0,0,0.03743,0.01862,0,0.10348,0,0.53894,0,0,0.00441,0.16186,0,0.06027,0.02757,0.0711,0.01502,0.10663,0.05327,0,0,0.02762,0.03958,0,0.016,0.20033,0.22407,0,0,0.04343,0,0.02019,0,0.00869,0.10464,0,0,0,0,0,0.55988,0,0.05298,0,0,0.01479,0.0199,0,0.00023,0.00174,0.13197,0,0,0.10389,0,0.00042,0,0,0.75302,0,0,0.08464,0
TR20084,2.39042,0.75553,0,0,2.01985,0.16344,2.20811,1.18537,3.82174,2.7146,0.57122,0.20011,0,0.1871,0.54922,0.75587,0.58638,0,1.5481,0.33015,0.58365,0.14402,0.03657,0.12394,0.72741,0.73457,9.93547,0,3.64491,1.90482,1.54712,0.55776,0.09871,0.38895,0.19786,0.39651,0.75313,0.1397,0.08123,0,0.47974,0.13461,0.49071,0.12369,0.15368,2.54348,0.18602,0,0.14201,0.34322,0.6679,0,0.74009,0,1.73765,0.03003,0.05301,0,0,0.06012,0.1323,0.29717,0.02086,0,0,0,0.02477,0.20788,0.95102,0.31918,0.19441,0.66374,0,0.00315,0.01673,0.01475,0.33988,0.01885,0.00265,0.01444,0.00966,0,0.06457,0,0.03487,1.15636,0.01083,0,0,0.00609,0.01984,0.00363,0.00386,0.0065,0,0,0.0215,0,0.01513,0.02045,0,0,0.06985,0.00046,0.00497,0,0.05188,0.08763,0,0,0,0,0,0,4.83397,1.55881,0.0072,1.39133,0,1.71529,0.42431,0,0.26898,0,5.29563,0,0,1.06426,0,0,0.26989,5.16033,0,0,0,0,0,0,0.15077,0.02115,0,0,0,1.11489,0,0,0.14183,0.64276,0,0,0,0,0,0.02397,0,0.04422,0.03068,0,0.59655,0,0,0,0.37872,0,0,0,0,0,0,0,0.10421,0,0,0,0,0,0,0,0.37108,0,0.68094,0,0,0,0,0.06119,0,0,0,0.16982,0.49849,1.37327,0,2.39998,0,0,0,0.00495,0,0,0,0,0.02971,0,0.00641,0.00762,0.19158,0.02165,0.019,0,0.04368,0.37297,0.12577,0.24836,0,0.27479,0.07179,0.00103,0,0,0,0,0.00685,0.00267,0,0.41581,0,0,0,0,0.22318,0.24401,0,0,0,0,0.1055,0,0,0,0,0,0,0,0,0.42513,0,0.49885,0.00435,0.01316,0,0.02724,0,0,0,0,0,0.12522,0,0,0.0341,0,0,0.00206,0.00428,0.08363,0,0,0,0,0,0,0.00543,0,0,0.03075,0.02626,0,1.19604,0,0,0,0,0,0,1.00249,0.28823,0,0,0,0.06338,0,0,0,0.00603,0,0,0,0,0,0,0,0.18612,0.19031,0,0,0.59798,0.00662,0,0.86904,0,0,0,0.18555,0.01589,0,0,0,0,0,0,0,0,0.76423,0,0,0,0,0.16104,0,0,0,0,0.06131,0,0,0,0,0,0,0,0,0,0,0,0,0,0,0,0.00297,0,0,0,0,0,0.02767,0,0,0,0,0,0.01498,0.13376
TR20086,0.71243,3.03007,2.49409,0.27273,0.43621,0.20648,0.27056,4.77457,0.30432,0.73349,1.5968,0.07254,0.04833,0.37659,0.32558,0.45974,0.15206,0.12936,0.13783,0.40625,0.13298,0.22393,0.36837,0.01088,0.22827,2.11869,6.45246,0.11141,0.03593,1.79573,0.28267,0.07136,0.07513,0.08435,0.03337,0.08165,0.70134,0.10649,0.02285,0.07253,0.01487,1.1496,0.48477,0.06216,0.1685,0.06717,0.03155,0.39043,0.52887,0.12548,0.05245,0.37835,0.62294,0.03546,0.32586,0.15706,0.2789,0.05969,0.00955,0.00642,0.0668,0.10731,0.22087,0.01489,0.16349,0,0.0295,0.13856,0.38584,1.24361,0.91324,0.40141,0.25032,0.13135,0.0063,0.03357,0.04069,0.02604,0.00557,0.13797,0.00393,0.00102,0.02904,0.01018,0,0.01712,0.00761,0.00324,0,0.01038,0.03698,0.00384,0.00088,0.03739,0.00194,0,0.04985,0,0.0021,0.0208,0,10.07957,0.48717,0.01547,0.0205,0.00133,0,0.46245,0,0.01617,0.01557,0.0082,0.62688,0.01884,0.40425,1.39886,3.54628,0.32267,0.06672,0.02107,0.16756,0.14917,0.22788,0.3137,0.11876,0.56231,0.2997,0.57601,0.3722,0.24408,0.0215,0.61262,0.00923,1.0398,0.00439,0.01195,0.05437,0.8862,0.2217,0.04112,0.03298,0.27789,0.29204,0.0087,0,0.33152,0.14624,0,0.36965,0.00076,0.03335,0.00179,0.02637,0,0.00758,0.24567,0.00749,0.04505,0.0001,0.18541,0,0.11216,0.08888,0,0.07509,0.09088,0.00308,0.00718,0,0.00165,0.00377,0.28295,3.1538,0,0,0.3144,0.59798,0,0.07571,0,0.10012,0.01871,0,0.06844,0,0.04233,0.01626,0,0.18967,0.04993,0.0134,0.19929,0,0.65586,0.1202,0.27674,0,0.012,0.09728,0,0.2447,0.10483,0.01716,0.00195,0.00129,0.00027,0.02548,0.052,0.29304,0.78719,0.0889,0.71008,0.0743,0.07,0,0.1099,0.01381,0.02425,0.02253,0.12651,0.1101,0.00735,0.00729,0.00948,0.02193,0.08083,0.00221,0.47618,0.0021,0.02315,0.00794,0.00351,0.00357,0.08944,0.00254,0,0.02824,0.00809,0,0,0.04258,0.19253,0,0.04361,0,0,0.24366,0.00728,0.00568,0.00388,0.00114,0.00397,0,0.00368,0.0015,0.00344,0,0,0.00481,0,0.01472,0,0.01154,0,0.00626,0.00195,0.0019,0.00382,0,0.01332,0.038,0,0,0.00804,0.05986,1.75141,0.04898,0.74771,0.00416,0.01339,0,0.00265,2.56944,0.01935,0.01345,0.0026,0.08293,0,0.03799,0,0.07809,0.00339,0.00875,0,0,0.01709,0,0.00342,0.00616,0.01006,0.00441,0.00634,0.03774,0.01565,0,0.10396,0.01979,0.12292,0.0398,0,0.0024,0.02502,0.01199,0.11365,0.09017,0.20034,0.04352,0.01964,0.05797,0,0.01916,0,0,0.00181,0,0.04825,0.00846,0.00209,0,0.0118,0,0.01673,0,0,0.00296,0,0.05928,0.01589,0,0.00949,0.10417,0,0.00491,0.10159,1.17454,0.06012,0.00156,0,0.01474,0.02571,0.10534,0.00312,0.10815,0,0.01836,0,0.00501,0.08952,0,0,0,0,0.19605
TR20087,0.70024,0.50658,2.35582,2.16282,0.20271,0.14107,0.00484,0.08172,0.97197,0.63898,0.13594,0.00108,0.00045,1.78345,0.08771,1.13862,0.04855,0.00461,0.0377,0.29695,0.15865,0.1231,0.52,0.22168,0.61062,0.08537,1.70873,1.19698,0.00895,4.44314,0.13887,0.00579,0.20347,0.31734,0,0.00874,0.03475,0.10363,0.03641,0,0.02066,0.61777,0.27258,0.20447,0.02261,0.03421,0.02093,0.89697,0.13775,0.03627,0.13966,0.30733,0.04545,0,0.84974,0.10414,0.01004,0.00766,0.04357,0,0.04961,0.146,0.10565,0.03996,0.06826,0.01828,0,0.06118,0,0.2348,0.07259,0.02033,0.06158,0.01347,0.00422,0.04722,0.01366,0.01318,0,0.08127,0,0.02942,0,0.01542,0,0.04284,0,0.00354,0.31443,0,0,0,0,0,0.0006,0,0.01526,0.41402,0.0046,0.02811,0,5.816,2.60002,0.00067,0.03016,0.00176,0.05814,0.51151,0,0.11599,2.30897,0.18522,1.04666,0.82551,0.39553,0.49846,0.06964,0.05852,0.20875,0.0149,0.16097,0.19998,2.43847,1.01282,0.30442,0.16906,0.12572,0.30176,0.63559,2.09375,1.01195,0.19322,0.02893,0.11743,0.00573,0.00884,0.32781,0.24032,1.61652,0.17692,0.18553,2.66929,3.23269,0.04617,0.03857,0.00813,0.04976,0.02256,0.33545,0,0.02973,0.00315,0.35363,0.02186,0.32845,0.03744,0.0914,0.1433,0.84576,0.01983,0.02617,0.12601,0.06015,0.58128,0.02242,0.12149,0.4844,0,0,0.02764,0,0.40347,0.04241,0.27379,0.00128,0.17219,0,0.23443,0.0094,0.13231,0,0,0,0.16227,0.0163,0.01054,0.00186,0.00707,0.02584,0,0,0,0,0.00606,0.00046,0.00318,0.02881,0.00584,0.01257,0,0.02987,0,0,0.03077,0,0,0,0.0181,0.09567,0.0741,0.09133,0,0.01006,0.05331,0,0.03114,0.00139,0.01699,0.15326,0.03502,0.0162,0.00535,0,0,0,0.16611,0,2.16934,0.01308,0.0146,0.2985,0,0.12085,0.16992,0.06831,0.3347,0.02036,0.00398,0.00266,0.00511,0.03893,0.02226,0,0.50962,0.00203,0.01253,0,0.01435,0.01125,0.00082,0.00529,0.00509,0.00028,0,0.00509,0.00258,0.18116,0.14289,0.00024,0.00187,0.00405,0,0,0.0019,0,0,0.00276,0.0004,0,0,0,0,0.04112,0.0235,1.082,0.07495,0.00342,0.042,0.00307,0.01292,0.08676,0.26297,0.28019,0,0,0,0,0.5291,0.01065,0.08972,0.05813,0.16267,0.14046,0,0,0,0.09181,0,0.02085,0.00909,0,0.01661,0,0,0.01335,0.04422,0.06762,0.12105,0,0,0.00401,0.05681,0,0.20067,0.02212,0.02066,0.01877,0.01867,0.03511,0.01383,0.06424,0.00783,0.05359,0.09893,0.02042,0,0,0.03405,0,0.00329,0.00878,0.00579,0.00826,0.06033,0.10641,0.00363,0.00275,0.28675,0.53686,0.62376,0.00151,0,0.00664,7.27285,1.56093,0.43186,0,0,0.00408,0.0288,0.00776,0.00159,0.33793,0.03808,0.13618,0.00329,0,0,0.30763,0.59104,0,0.00167,0
TR20091,0.01093,0.78201,0,0,0.19393,0,0.07808,0.07017,0,0.78649,0.20575,0.00642,0,0,0.01532,0.02106,0.02207,0.3383,0.00139,0.65255,0.03779,0.01806,0,0.00424,0.0676,0,6.89769,0.32922,0.03556,6.27088,0,0.02321,0.03609,0.01352,0,0.02962,0,0.03202,0,0,0.00563,0.09286,0.06682,0,0.18185,0.01841,0.00413,0.0011,0.06729,0.05947,0.03465,0,0.00596,0,0.2137,0,0.075,0.00797,0.00686,0,0,0.0935,0.09607,0,0.00268,0,0,0,0,0,0.22719,0.0379,0,0.1502,0.01219,0.01726,0,0,0,0.05478,0,0,0,0.01815,0,0.07939,0,0,0,0,0,0,0,0,0.00622,0,0.06968,0,0.03397,0.00956,0,0.54748,8.95578,0,0,0.00475,0,0,0,0.8683,0,0.06476,0.62317,0.99388,0.39198,4.69781,0.47626,0.54124,0.09991,0.38585,0.28332,0.02178,0,0.10475,0,0.07055,0.07284,0.19774,0.54997,0.34649,0.64686,0.57469,0,0.2187,0,0.03416,1.17321,2.00543,1.39524,0.00984,0.28479,2.48462,0,0,0.13945,0.00524,0.05829,0,0.42887,0,0.02337,0.29538,0.04496,0,0.08807,0.09437,0.24169,0.14175,0.18171,0,0,0.02838,0.24215,0.1366,0.11139,0.1002,0,0,1.11928,0.32157,0,2.175,0.00213,0,0.00413,0,0.18323,0,0.0227,0.00454,0,0,0,0,0.00956,0,0,0.10078,0,0.00438,0.02515,0,0,0,0,0,0,0,0.00529,0.52373,1.26108,0,0.006,0.01396,0,0,0.37776,0.21755,0,0,0,0.11998,0,0.00102,0,0.05275,0.02532,0,0,0.10293,0,0,0,0,0,2.00646,0,0.35832,0.07882,0,2.57507,0,0,0.00884,0.00428,0,0.02022,0,0.07621,0.02083,0.01287,0.00706,0.03006,0.06873,0,0,0.21948,0.01104,0.00104,0,0,0.02234,0,0,0.0015,0.00181,0,0.04146,0.00543,0.00129,0.00981,0,0,0,0,0.01165,0.00338,0,0,0.02333,0,0.04657,0,0,0.18776,0.0118,0,0,0,0,0,0,0,0,0,0,0,0,0.02969,0.00781,0,0.00826,0,0.00206,0.27794,0,0.0731,0,0,0.00383,0,0,0,0,0,0.09023,0.03454,0,0,0,0,0,0,0.48707,0.02067,0.02497,0.10636,0.79089,0.05597,1.37517,0.01285,0.0279,0,0.01839,0.00624,0,0,0.18238,0,0.00343,0.00162,0.11624,0,0.03187,0.0076,0.07891,0.02141,0,0,0,0.02884,0,0.00844,8.17142,0,0,0.23793,2.31904,0,0.0019,0.40584,0,0,0.00875,1.33559,0,0.10618,0,0.02475,0,0.06817,0.09723,0
TR20092,1.24029,3.46023,0,1.67869,1.17878,0.00115,5.11632,2.6913,6.55811,3.72318,4.25666,0,0,0.00266,0.16849,0.01229,0.25726,0,0.27579,0,1.03416,0.06685,0.00218,0,0.77701,2.14192,37.38706,0.01434,0.78361,0.02296,1.06321,0.89658,0.00018,0.64716,0,0.28607,0.00242,0.24378,0.06766,0,0.98964,0.05497,0.00182,0,0.18372,0,0,0.00186,0,0.23988,0.1009,0,0.00014,0,0,0.0011,0.41942,0.14337,0,0,0,0,0,0.03055,0,0.21956,0.14769,0.22886,0.06512,0.00057,3.31329,0.13331,0.35777,0,0,0.03155,0.20178,0.02283,0.4417,0,0,0.02284,0.01517,0.42129,0.00142,0,0.0088,0.0785,0,0,0.00007,0,0.00208,0,0,0,0.13168,0,0,0,0,0.03648,0.00524,0,0,0,0,0.01378,0,0,0,0,0.00685,0.00358,0.2914,0.00302,0,0.00729,0.68009,0,0.50435,0,0,0,0.0024,0,0.00243,0.93057,0,0,0,0.02498,0,0,0,0,0,0,0.00396,0.18407,0,0,0.0019,0.7305,0,0,0,0.02786,0.05855,0,0,0,0,0,0,0.00797,0,0,0.07874,0,0,0,0,0.00085,0,0,0,0,0,0,0,0.00779,0,0,0,1.37639,0,0,0.11174,0,0,0,0,0.02288,0,0.07366,0,0,0,0,0.13788,0,0,0.00363,0,0,0,0,0,0,0.00072,0,0,0,0,0,0,0,1.49861,0,0,0.59005,0,0.04023,0,0.39121,0,0.00324,0,0,0,0.80227,0,0,0,0,0,0,0,0,0.00192,0,0.09836,0,0,0,0.06765,0.16647,0,0,0,0,0,0,0,0,0.04202,0.0045,0,0,0,0,0,0.03094,0,0.15784,0,0,0,0,0,0,0.0023,0,0,0,0,0,0,0,0,0,0,1.04126,0.00842,0.01286,0,0,0,0,0.00884,0,0.00087,0,0,0,0.09369,0,0,0,0,0,0,0,0,0.00787,0,0,0.37881,0.05132,0,0,0,0.05216,0,0,0,1.90797,0,0,0,0,0,0,0,0,0,0,0,0,0,0,0,0,0,2.38833,0.59094,0,0,0,0,0,0,0,0,0,0,0.01667,0.00079,0,0,0,0,0.0013,0.00098,0,0,0,0,0,0,0,0,0,0.00914,0,0,0,0,0,0,0,0
TR20093,0.33396,0.39694,0,0.03848,0.02559,0.47836,0.0143,0,0.02955,0.2963,0.21373,0.05558,0,0,0,0.01983,0.00237,0,0.01071,0.50878,0,0,0.11237,0.03249,0.00408,1.06672,4.1594,0.03116,0,20.56807,0.18277,0,0,0,0,0,1.25925,0,0,0,0,0.05781,0.16514,0,0,0.08934,0,0.31609,0.06722,0.0053,0,0.05779,0,0,0.02309,0.0041,0,0,0,0,0.13846,0.0516,0.01609,0,0,0,0,0.00593,0,0.07755,0.27001,0,0.00746,0.04754,0,0,0,0,0,0.01082,0,0,0.01542,0,0,0,0,0.00346,0,0,0,0,0,0,0,0,0.37966,0,0.02894,0.05865,0,1.66193,1.64541,0,0,0.00972,0,0,0,2.32078,0,0.00125,1.84591,1.35873,1.4695,1.34964,0,0,0.01556,0,0.0322,0.09596,0,0,0.03438,0,0,0,0.07677,1.92164,3.07275,0.21589,0.68727,0.01899,0.04283,0,0.00279,0.06297,0,0.00422,0.0485,0.09453,0,0,0,0,0.11434,0,0.05157,0.04587,0,0.2504,4.18982,0,0.04319,0.03732,0.40327,0.12349,0,0,0,0.07425,0.15816,0,0.1848,0.15374,0,0,0,0.13098,0,0.9882,0,0,0,0.17402,0,0,0.01611,0.00249,0,0,0,0,0,0,0,0.05956,0,0,0,0.26867,0,0,0,0,0.0761,0,0,0,0,0,0.03438,0,0,0,0.01902,0,0,0,0,0,0,0,0,0,0,0,0,0.08862,0,0,0,0,0.00787,0,0,0.05035,0.05847,0,0.1424,0.27387,0,0.01216,0,0,0,0,0,0,0.00131,0.00668,0,2.18814,0,0.37053,0,0,0.11482,0,0,0,0,0,0.00067,0,0,0,0,0.09742,2.27032,0,0,0,0,0,0.00468,0.00322,0,0,0,0,0,0,3.59909,0,0.02618,0,0,0,0,0,3.77203,0,0,0,0,0,0.01929,0,0.54,0,3.75892,0,0,0,0,0,0,0,0,0.00901,0,0,0,0,0,0,0,0,0,0,0,0.79312,0,0.10381,0,0,0,0.04712,0.2228,0,0,0,0,0,0,0,0,0.00455,0,0.0922,0,0.01792,0,0.02308,0,0.01142,0,0,0.15447,0,0.01775,6.68764,1.68509,0,0,0,0,0.00198,0,0,0.41356,0,0,0,0,0,0,0.34331,0,0,0.19391
TR20094,0.05605,5.86714,0.06014,0.37198,0.09387,0.35309,0.01887,0.11459,0.03627,0.058,9.59753,0.1229,4.40438,0.00509,0.03353,0.0782,0.03905,0.0379,0.01685,0.2493,0.02019,0.27677,0.67637,0.58975,0.09994,0.0463,16.84763,6.62412,0.01326,1.14807,1.08029,0.0182,0.00653,0.00701,0,0.01399,2.58509,0.02786,0.00325,0,0.03064,0.02284,0.01382,0.0059,0.00427,0.15047,0.01964,0.01919,0.82938,0.01203,0.01819,0,0.03599,0,1.27011,0.00797,0.00137,0,0.0033,0,0,0.009,0.08693,0,0,0.0025,0.00098,0.00983,0,0,0.1135,0.00635,0.00214,0.15595,0,0.00773,0,0.00166,0.00387,0,0,0,0,0,0,0.00864,0,0,0,0,0,0,0,0,0,0,0.105,0,0.02906,0.13977,0,8.32789,0.47241,0,0.00978,0.00143,0,0.04635,0,0.00292,0,0.20383,1.20788,0.01272,1.42861,1.38471,0.4366,0.08855,0,0.03918,0.02741,0,0.20673,0,0.09236,0.7234,0.00826,0.08229,0.05622,0.10053,0.32295,0.02793,0,0.11458,0,0,0.01758,0.03802,0.04228,0.00506,0.03489,0,0.48415,0.02329,0.005,1.12093,0.36486,0.00352,0.73311,0.42243,0.00064,0.21669,0.11038,0.08488,0.14543,0.00614,0.18044,0.19147,0,0,0.02074,0.07592,0,0.0137,0.00896,0.22592,0,0.01343,0,0.03108,0.00232,0.68997,0.01187,0,0,0.00876,0,0,0.01445,0.53224,0.02876,0,0.06695,2.07844,0,0,0,0,0,0,0.00096,0.05327,0,0.01365,0,0,0,0,0,0,0.45857,0,0,0.00034,0,0.00753,0,0.08038,0.03992,0,0.03676,0.05044,0.24988,0.00404,0,0.04209,0.00508,0,0,0,0,0,0,0,0,0,0,0.06207,0,0,0,0.13968,0,0,0.12106,0,0.00232,0,0,0,0,0.04351,0,0.00605,0,0,0.01757,0.00179,0,0,0,0,0,0.02963,0.03278,0,0.02621,0.00167,0,0.03289,0,0,0,0,0,0,0,0,0,0,0,0,0,0.00201,1.29939,0.03221,0.02992,0,0,0,0.00607,2.26383,0,0.01184,0,0.00545,0,0,0.1807,0.32163,0.0982,0.08989,0.07424,0,0.00253,0,0,0,0,0.00146,0,0,0,0,0,0,0,0.0032,0,0,0,0,0.16272,0.27537,0,0.29785,0.10085,0.65796,0.01302,0.01942,0.02373,0.01479,0,0,0.0755,0,0.0058,0,0.01169,0.00394,0.01985,0.10004,0.00199,0.13192,0,0.00102,0,0.21514,0.01622,0,0.01284,0,0.01409,0,0,0,0,0,0,0.05577,0,0,0,0,0.02655,0,0,0.1083,0,0,0,0.02371,0.54197
TR20095,1.41951,0.65854,0.31988,0.56478,0.19421,0.1763,0.04529,0.15501,0.38573,2.69851,0.30901,0.10916,0.29758,0.24545,0.01812,0.88348,0.11799,0.06536,0.14545,0.25317,0.18534,0.23588,0.5418,0.29121,0.29071,1.1872,2.6535,0.92708,0.0109,3.58927,0.2588,0.0111,0.17934,0.08297,0.00481,0.10973,0.58606,0.05905,0.02399,0.00589,0.0152,0.08197,0.1597,0.27697,0.02704,0.07224,0.03611,0.11191,0.05303,0.09928,0.44892,0.02293,0.1888,0.00923,0.2136,0.15061,0.02345,0.02062,0.0318,0,0.691,0.10755,0.14704,0,0.13345,0.05297,0.01848,0.07203,0.03135,0.35848,0.105,0.111,0.03072,0.03449,0.03687,0.05311,0,0.1043,0.00626,0.05294,0.00099,1.63081,0.00098,0.15173,0.00351,0.02145,0.0019,0.00342,0.00887,0.00097,0,0,0.02659,0.00166,0.00394,0,0.05861,0,0.02135,0.04709,0,9.73654,1.94459,0.00127,0.04,0,0.0537,0.20651,0,2.83604,0.10357,0.08146,2.90156,0.73523,0.41959,1.02398,0.10859,2.19258,0.04274,0.30086,0.11805,0.16712,0.52731,0.11591,0.95295,0.12482,1.9915,0.63815,0.1906,0.57971,0.35195,0.28412,0.33199,0.72588,0.05289,0.43105,1.00001,0.43935,1.27485,0.05133,0.05863,0.7919,0.01104,0.14344,0.10823,0.07401,0.07212,0.17866,0.70821,0.02794,0.04073,0.06623,0.10154,0.03025,0.08161,0.08731,0.05265,0.4321,0.19061,0.01501,0.10432,0.03287,0.24961,1.18443,0.03617,0.01676,0.59249,0.00078,0.01018,0.16189,0.03886,1.27987,0.07403,0.00156,0,0.33852,0.14191,0.00103,0.01737,0.00075,0.05069,0,0,1.95613,0,0.03249,0.07995,0.01298,0.02649,0.00649,0,0.11425,0.03989,0.38066,0.00365,0.01808,0.02351,0.00385,0.02495,0.01416,0.39133,0.09155,0,0.13154,0.00545,0.01146,1.09747,0.03075,0.08004,0.00241,0.04341,0.06185,0.0188,0.03055,0,0.12489,0.0164,0.01371,0.04074,0.04503,0.00482,0.05303,0,0,0.00026,0.08239,0,0.17889,0.01165,0.06412,0.62649,0.34354,0.15236,0.2524,0.0616,0.0107,0.03225,0.01393,0,0.01817,0.01483,0.04338,0.00868,0.44651,0.00701,0.02863,0.03261,0.02638,0.00022,0.00431,0.00617,0,0.0758,0,0.02487,0.00611,0.03346,0,0.00395,0.0111,0.03993,0.14405,0,0,0.00354,0.0023,0.00053,0.00054,0.05422,0.00379,0.00025,0,0,0.13785,1.43682,0.53813,0.06163,0.05898,0.00192,0.05855,0.0562,0.02533,0.07135,0.02829,0.07798,0.06706,0.0052,0.00632,0.01078,0.04359,0.29669,0.0673,0.03334,0.00256,0.07926,0.2005,0.09691,0.01021,0.01254,0.00482,0.0084,0.0575,0.04083,0.0048,0.011,0.04071,0.02088,0.00411,0.00221,0.02088,0.01706,0.18179,0.07592,1.19633,0.00805,0.02558,0.02446,0.11008,0.02752,0.06138,0.03241,0.01309,0.0219,0.06351,0.05019,0.00172,0.00331,0.14443,0.02216,0.00205,0.25712,0.09443,0.11079,0.41718,0.00898,0.02532,0.80448,0.16011,0.0778,0.00204,0.04726,0.01143,0.00587,0.39757,1.56067,0.0278,0.0387,0.13717,0.00498,0.00558,0.20818,0.00215,0.02861,0.01536,0.1473,0.00037,0.59754,0.14098,0.01913,0.03191,0.15934,0.02126,0.07321
TR20101,0.14023,0.49478,0.49192,0.47186,0.43352,0.04357,0.10832,0.23025,0.00719,0.67122,0.46919,0.2113,0.03175,0,0.02164,0.01842,0.12506,0.04653,0.03092,0.40053,0.08851,0.42726,0.00996,0.03521,0.53927,0.08771,5.54308,0.54171,0.05106,2.96382,0,0.00788,0.0265,0.02717,0,0.07504,0.06369,0.27296,0.0568,0.03421,0.0772,0.04995,0.17636,0,0.29504,0.05687,0.41732,0.00049,0.09126,0.11345,0.08393,0.19005,0.05628,0.00703,0.19307,0.14377,0.02484,0,0.00599,0,0.0181,0.02208,0.82505,0,0.05335,0.01697,0,0.00853,0,0.03277,0.17326,0.05991,0.03898,0.0546,0.04424,0.10282,0.00672,0,0,0.14861,0.00109,0,0,0.00648,0.00062,0.03904,0,0,0,0,0,0,0,0.00273,0.00035,0,0.12371,0,0.06016,0.04087,0,1.64958,1.58486,0.01053,0,0,0,1.44393,0,0,0,0.47617,1.58112,2.11639,0.12566,1.87001,0.6468,3.18598,0.20419,0.7282,0.25692,0.03652,0,0.30089,1.38613,0.33353,0,0.07056,0.23748,0.46101,0.75966,0.83028,0.0388,0.02537,0,0.04903,0.157,0.41261,1.00361,0.02217,0.05802,1.61133,0.11001,0.09056,0.35202,0.77781,0.09208,0.09006,0.00269,0.03118,0.02074,0.12296,0.06767,0.03349,0,0.02214,0.12776,0.01359,0,0.73867,0.22512,0.0697,0.12054,0.01202,0.12413,0.18166,0.43663,0,0,0.34989,0.0074,2.35797,0.1168,0,0,0.07311,0.26079,0,0.0449,1.43908,0.01717,0.02236,0.0013,1.31764,0.07081,0.0261,0.00254,0.12994,0,0,0.0987,0.75915,0,0,0,0,0.02824,0.00202,0.01315,0,0.43832,0,0,0,0.00489,0.02763,2.45313,0,0.0212,0,0,0.02925,0,0.04986,0,0.12372,0.04183,0.0188,0,0.29,0,0,0,0,0,0.87964,0,0,0.03307,0,0.08308,0.11472,0,0.03245,0.05661,0.00979,0.14081,0.00799,0.13072,0.01226,0.1251,0.06598,0.01331,1.17637,0.018,0.448,0,0.00125,0,0.0241,0.00502,0,0.10645,0.00782,0.00403,0.01272,0.05459,0,0.01774,0.03305,0.01691,0,0,0,0,0,0,0,0,0,0,0,0,0,4.47927,0.02214,0,0.20223,0.00975,0,0,0,1.90455,0.05616,0,0,0,0,0.00831,0.02679,0.0216,0.18576,0.15868,0.00403,0,0,1.90791,0,0.00738,0.19505,0,0.33363,0,0,0.1837,0.01905,0.06739,0,0,0.14409,0.03721,0,0.02128,0.07456,0.02034,0.08155,0.08492,0.16916,0.03644,0.10299,0.05949,0.0136,0.00584,0.21414,0.56906,0,0.07396,0.21185,0.0087,0,0.00583,0.05444,0.01815,0,0.15209,0,0,0.09191,0.09122,0,0.02186,0,0,3.57989,3.7165,0,0,0.00686,0.01846,0,0,0.00223,0.80791,0,1.01486,0.0027,0.18267,0.0437,0,0.02563,0,0.02577,0.05093
TR20102,1.25435,0.86669,0.97145,0.06472,0.10764,0.16801,0,0.23412,4.41617,0.39711,1.83239,0.00283,0,0.29476,0.49067,1.39333,0.00029,0.07608,0.00851,0.24412,0.10041,0.34585,0.77932,0.02551,0.08187,0.11005,4.2478,0.59045,0.04491,5.06212,0.1433,0.03838,0.55934,0.12965,0,0,0,0.02445,0.00237,0,0.01352,0.06457,0.53518,0.12583,0.00202,0.17604,0.01678,0.01293,0.04478,0.07327,0,0,0.15184,0.02513,0.37778,0.02417,0.00074,0,0.01877,0,0.00335,0.14544,0.67678,0,0.36432,0,0.01718,0.35335,4.60741,0.3103,0.08434,0.00446,0,0,0.00605,0.04892,0.01454,0.1691,0,0,0.00125,1.12594,0.02392,0,0.01295,0.2214,0,0,0,0,0.00213,0,0,0,0.00043,0,0.00598,0.00908,0.01101,0.53328,0,0.13404,2.1986,0.03417,0.07895,0,0,0.0405,0.00233,0,5.22742,0.28459,0.09118,0.01725,1.01473,0.13388,0.693,0.22934,0,0.40637,0.07712,0.01813,0,0.91069,1.06198,0.21262,0,0.01555,0.03187,0.53356,0.29529,0.70859,0.14913,3.38144,0.79574,0.57223,0.07938,0,1.42213,0.02394,0.08949,0,0.02604,0.00628,0,0.01346,0.01026,0.06959,1.72236,0.0336,0.01906,0,0,0,0,0.02946,0.00322,0.21389,0.05641,0.00017,0.02196,0.00628,0.08807,0,0.01106,0.03127,0,0.00438,0.04174,0,0,0.00708,0,0.00101,0,0.21287,0.0594,0.08826,0.03378,0,0,0.00169,0,0,0,0,0,0,0,0.11799,0,0,0.01823,0,0,0,0.02184,0,0.00282,0,0,0.28331,0.00178,1.36053,0.00145,0.00913,0.00043,0,0.01479,0,0,0.11115,0.58104,0.03112,0,0.00414,0,0.0351,0.04132,0.29146,0.02215,0.00408,0.00206,0,0,0.52072,0.07795,2.80818,0,0,4.16123,0.01954,0.02021,0.02565,0.02188,0.03387,0,0.00439,0,0.006,0,0,0,0.03154,0,0,0.01112,0,0.03597,0.01101,0.01302,0.02051,0,0.0078,0.10042,0.00031,0.03028,0,0,0.00219,0.00105,0.14452,0.0023,0,0,0.00937,0.00513,0,0,0.04934,0,0.022,0.03081,0,0.28281,4.74375,0.05285,0.13041,0.09003,0,0,0.84581,0,0,0.02021,0,0,0,0.01455,0,0.06261,0,0.0295,0,0,0,0,0.02214,0,0,0,0,0.03306,0,0,0.07678,2.52307,0.42988,0.05863,0,0,0.01628,0.00666,0.65155,0.03677,0,0,0.08887,0,0,0,0,0,0,0,0,0,0.9077,0.1172,0,0,0,0,0,0.00401,0,1.63826,0.02088,0.04667,0,0.01122,0,0.00906,0.00534,0.00342,0.02131,0,0,0,0.00351,0,0,0,0,0.15593,0,0.00045,0,0.01345,0,0.02898,0,0.01603
TR20103,0.17019,0.33377,0.57243,0.73507,0.72174,0.03822,0,0.29269,0.41118,0.25778,0.92017,0,0,0,0.00709,0,0.11537,0.1885,0.02916,0.03402,0.28508,0,0,0,0.52112,0.06394,2.85945,0,0.25981,0.06868,0.12038,0.0612,0,0.12301,0,0.06213,0.45355,0.05581,0.00798,0,0.04081,0.04835,0.16536,0.08615,0.03933,0.01527,0.01058,0.18826,0.02206,0.13922,0.69481,0,0.00644,0,0.0435,0,0,0.01271,0.06697,0,0.02711,0.03082,0.13959,0.03273,0,0,0,0.06651,0,0.02067,0.1142,0.13079,0.14513,0.00855,0,0.06216,0.03322,0,0,0,0,0,0,0,0,0,0,0,0.19778,0,0,0,0,0,0.00756,0,0.02235,0,0,0.01452,0,54.25407,0.00285,0.04973,0.03222,0,0,0.08927,0.00558,0,0,0,7.91353,0,0.34174,0.21772,0.43313,0,0,0.24874,0.10234,0,0.00735,0,0,0.09885,0,1.44541,0,0,0,0.00991,0,0.01869,0,0,0,0,0,0.07476,0,0,0.5475,0.18786,0,0,0,0,0.17539,0,0.01907,0,0,0,0,0.05441,0,0,0,0,0,0,0,0,0.01663,0.02069,0,0.0006,0,0,0,3.09206,0,0,0.06352,0.11746,0,0,0.03098,0,0,0,0,0,0,0.01454,0,0,0,0,0.01127,0,0.06662,0,0.22212,0,0,0,0,0,0,0.01895,0,0,0,0,0,0.2034,0.13216,0,0,0.07256,0,0.02126,0,0.08753,0.01552,0,0,0,0.12066,0.02033,0,0,0,0.01132,0,0,0,0,0,0,0.06195,0,0,0,0.07767,0.00827,0.08977,0.00548,0,0.04078,0.00027,8.38196,0,0,0,0.13523,0,0.00437,0,0,0,0.01039,0,0.01171,0,0,0,0.0063,0,0,0,0,0,0,0,0,0.04685,0,0,0,0,0.02383,0,0.00236,0,0,0.16457,0.32764,0,0,0,0,0,0,0.02797,0,0,0,0.05685,0,0,0,0,0,0,0,0,0,0,0,0,0.00946,0.03,0,0.00554,0.03716,0,0,0,0,0,0,0,0.09348,0,0.00305,0.01841,0,0,0.0028,0,0,0,0.0719,0.01773,0,0,0,0,0,0,0,0,0,0,0,0,0.69499,0,0,0,0,0,0,0,0,0,0,0,0,0,0,4.22166,0,0,0.00301,0,0,0,0,0
TR20104,7.33262,0.03776,0,0.77406,0.08879,0.08217,0.00604,0.05054,7.5937,3.40333,0.24808,0.0099,0.7249,0,0.09836,4.92716,0.32111,0.0284,0.00222,0.67881,0.02379,1.06605,1.02602,0.01482,0.09822,0.22338,1.01574,0,0.05471,0.28673,0.05446,0.03418,0.30816,0.33231,0,0.05776,0,0.0201,0,1.29167,0.12166,0.17433,0.33316,0.78238,0,0.06078,0.0192,2.43613,0.12331,0,0.12111,0,0,0.01211,0.3409,0,0.26855,0,0.00374,0.01284,0.30071,0.27317,0.00573,0.00726,0.02245,0,0.00241,0.03838,0.75083,0.06845,0.00558,0.12378,0.4998,0.0938,0.00402,0.02087,0,0,0,0,0,0,0.02666,0,0.02143,0.20837,0,0.03394,1.64409,0,0,0,0,0,0,0.01503,0.01746,0,0,0.20483,0,0,0.27389,0,0,0,0,0.01626,0,0,0.63799,0,0,0,0.03124,2.16957,0.323,0,0,0.09309,0.1193,0,0.0034,0,0.21109,0.04046,0,0.44984,0.01419,2.12319,0.34679,0.19842,0,0.51138,0,0,0,0,0,0.03915,0.24682,0,0,1.05705,0,0,0.06479,0.13268,10.28604,0,0,0.00868,0,0,0,0.05587,0,1.26165,0,0,0,0.11961,0,0,0.04395,0,0,0,0,0.08689,0,0,0,28.84603,0.00802,0.3072,0,0,0.03472,0,0.01008,0,0,0,0,0.00413,0.01858,0,2.15579,0.02957,0,0,0,0.53063,0.06602,0,0,0,0,0,0,0,0.0125,0,0,0,0,0.0946,0.00354,0,0.05431,0.23443,0.12979,0.0092,0,0,0.00494,0.01003,0.13556,0.09968,0.5109,0.58363,0,0,0,0,0,0,0,0,0,0.02787,0.49083,0,0,0,0.0113,0.00153,0,0.00755,0,0.01621,0,0,0,0,0.0826,0.01638,0,0.0077,0,0,0,0,0,0,0,0,0,0,0,0,0,0,0.0027,0,0,0,0,0,0.02125,0.15413,0,0.10204,0,1.27419,0.02315,0,0,0,0.06491,0,0,0,0,0,0.01328,0.12557,0,0,0.26979,0,0,0,0,0,0,0,0.10897,0,0,0.00608,0.00653,0,0.01109,0,0,0,0,0,0.00805,0.00773,0,0.22758,0,0.00117,0,0,0,0,0,0,0,0,0,0,0,0,0,0,0,0,0,0.13453,0,0,0,0,0,0,0,0,0,0,0,0,0,0,0,0,0,0,0,0,0,0,0,0,0,0,0,0,0
TR20105,4.68141,1.27273,0,4.39201,0.28915,0.58709,0.40114,0.4963,1.58787,1.91442,1.50396,0.04278,0.31168,0.69939,0.27456,0.04096,0.00289,0.30602,0.46611,0.82803,0.20407,0.33336,0.63308,0.30082,0.42534,0.23515,5.77895,0,2.11239,2.23681,0.00613,0.00084,0.05599,0.04145,0.10744,0.03488,0.10461,0.08694,0.0316,0.206,0,0.00664,0.51106,0.56756,0.1535,1.08038,0.06264,0.05188,0.08531,0.01357,0.28388,6.23467,1.40915,0.03613,0.46721,0.04684,0.00623,0.28249,0.03145,0.0791,0.6798,0.11998,0.52086,0.01376,0.7923,0,0.22115,1.25501,12.52123,0.08724,0.01582,0.3186,0.03631,0.12127,0.07738,0.01769,0.04476,0.09181,0.00223,0,0.00708,0,0.18571,0,0.02009,0.05834,0.00792,0.01461,0,0,0.00585,0,0,0.00683,0,0.0004,0.05247,0,0.07511,0.60736,0,0,3.88738,0,0,0.01786,0,0.77655,0,0,0,0,0,0.12438,0.96725,1.97508,0,0.28295,0,0,0.09524,0.00782,0,0,0,0,0,0.06477,1.89655,0.03809,0,0.007,0.07867,0,0,0,0,0,0.76642,0.04612,0.53676,0,0,0.19648,0.01423,0.807,0.06318,0.14389,1.56239,0.03805,0,0,0,0,0,0.15525,0.03265,0.22054,0,0,0,0.34509,0,0,0.01067,0,0,0,0,0.0128,0.04126,0,0,0,0,1.41287,0,0,0.18763,0.69086,0.03721,0,0,0,0.015,0,0.03396,0,0,0,0.02545,0,0,0,0.24332,0.14149,0,0,0.00238,0,0.00216,0,0.02357,0,0,0,0.01006,0.11008,0.01937,0.12715,1.09022,0.60831,0,0.03601,0,0.0369,0.1297,0.0121,0,0,0,0,0,0.0619,0,0.09272,0.00107,3.78465,0,0,0,0,0.15903,0,0,0,0.25204,0,0,0.00122,0.00053,0,0,0,0.00136,0,0,0.08861,0,0.00913,0.02786,0,0,0,2.7872,0,0.00311,0,0.01471,0.00749,0.0056,0,0,0.01511,0.01019,0,0.01376,0.00042,0,0,0,0,0.0022,0.09747,0,0.01135,0.17945,0,0,0.12059,0.3628,0,0.04395,0,0,0.0375,0,0,0.02142,0,0,0,0,0,0,0,0,0,0,0.05596,0,0,0,0.02544,0.02712,0.32665,0,0,0,0,0.00091,0,0,0.71341,0.03303,0,0,0.10726,0,0,0,0.00421,0,0,0.9847,0.4331,0.00992,0,0,0,0,0,0,0,0,0,0.44984,0,0,0.34857,0.33055,0,0.01092,0,0.07704,0,0,0,0.00179,0,0,0,0,0,0,0,0.06539,0,0,0,0,0,0
TR20106,1.08791,0.34803,0,1.43407,1.53741,0.15576,0.97516,0.86954,0.9909,1.24789,0.03678,0.03805,0,0,0.01377,0.00372,0.23083,0.13046,0.21482,1.1129,0.49864,0.03457,0.02132,0.00405,0.75179,0.14763,5.12989,1.33298,0,2.20907,0.30406,0.03114,0.16677,0.25038,0,0.00074,0.03495,0.06965,0.02533,0,0.05415,0.14132,0.20528,0,0.00694,0.03233,0.01799,0,0.59257,0.08914,0.00031,0,0.06847,0,1.18032,0.09899,0.0808,0.01256,0.01671,0,0.36822,0.21897,0.06616,0,0.42996,0,0,0,0.01913,0.36221,0.05537,0,0,0.03111,0,0.04179,0.01443,0,0,0.10066,0,0,0.01415,0,0,0.12683,0,0,0.03754,0,0,0,0,0,0,0,0.04759,0.00403,0.01568,0.01221,0.00726,0,0.70748,0.04009,0.5168,0,0,0.80517,0.00211,0,0,0,0,3.95727,0.96685,1.00367,0.26919,6.40946,0.44756,1.28368,0.41479,0,0,0,0.39844,0.12472,0,0.54138,0.11274,9.13643,0.24701,0.13768,0.15837,0.00778,0,0.02314,0.00462,0.20823,0.56152,0.20204,0.02807,0,0,0.36005,0.14028,0.08803,0.04223,0,0,0,0.06699,0.0731,0.11385,0.0016,0,0.07334,0.29146,0.01488,0.0866,0.13321,0.04532,0.06618,1.52836,0.08904,0.14629,0.16786,0,0.38093,0,0.26519,0.70372,0,0,0,0,0,0.033,0.01172,0,0,1.65268,0,0.0099,0,0,0.01437,0.02402,0.37631,0,0,0,1.26137,0.00016,5.20098,0,0,0.05962,0.01988,0.05037,0,1.45648,0,0,0,0.06226,0.02135,0,0,0.0186,0,0,0,0,0.02798,0,0.03238,0.05329,0.02356,0.05365,0.17073,0,0,0,0,0,0,0,0,0.03505,0,0.04483,0,0,0.35363,0.02846,0,0.05827,0.02295,0,0.04798,0.05548,0.21978,0.00573,0,0,0.00308,0,0.09796,0,0.01402,0,0,0.23234,0.00033,0,0,0.06322,0,0.00107,0.05537,0.02552,0,0,0,0,0,0,0,0,0,0,0,0,0,0,0,0,0,0,0.0429,0,0,0,0.00516,0,0,0,0,0.00247,0,0,0,0,0.03221,0,0.02925,0,0.1242,0,0,0,0,0,0,0,1.29919,0.28447,0,0,0.28242,0.00773,0.05685,0.02054,0.19339,0.00847,0.029,0.1196,0,0.01004,0.0308,0,0.01969,0.00306,0,0.09569,0,0,0,0,0,0.0061,0,0.01673,0,0,0,0,0,0,0,0,0.00901,0,4.69111,0,0,0.02437,0.03788,0,0,0,0,0,0,0,0,0,0,0,0.03049,0,0,0.02178
TR20107,0.61207,0.37915,0.04065,0.26241,0.55945,0.22711,0,0.09338,1.20505,1.09774,1.11863,0,0.2586,3.08567,0.09789,2.43808,0.08748,0.41046,0.11932,0.55407,0.18861,0.45548,0.6029,0.02283,0.19334,0.57864,3.47193,0.23765,0.11785,2.11653,0.02583,0.00937,0.18409,0.18785,0,0.00764,1.90161,0.06849,0.02361,0.19747,0.0251,0.0512,0.50526,0.20497,0.28691,0.01925,0.00419,0.13916,0.08907,0.03032,0,2.22027,0.70321,0.02857,0.08857,0,0,0.74574,0.00746,0,0.01493,0.45497,0.11319,0,0.1458,0,0.00642,0.04545,0,0.03761,0.07603,0.01376,0,0.06433,0.01161,0,0.07691,0.01214,0.00359,0.00616,0,0,0.0479,0.09614,0.01591,0,0,0,0,0,0.01038,0.00095,0,0.00819,0,0,0.16555,0.14864,0,0.03971,0,9.69983,1.42532,0,0,0.00172,0,0,0,15.23196,0,0,0,0,0.1271,0.74701,0.60058,0,0,0,0.28966,0.00748,0,0.0062,0.03704,0.14419,0.10692,0.00136,0.30425,0.14658,0.42427,0,0,0.11045,0.10223,0,0.56532,0,6.7296,0.0057,0.17086,0,0,0.01252,0,0.67835,0.28377,0.05928,0.29473,0,0.00628,0.0363,0.13559,0,0.42412,0.15066,0.05874,0.01481,0,0,0,0.25813,0.05328,0.15321,0.00972,0,0,0,0,0,0.16939,0,0.08637,0,0,0,0,0,0.0418,0,0.13721,0,0,0,0.00246,0.04384,0.02063,0,1.67185,0,0,0,0,0,0.1791,0.17243,0.02048,0,0.0522,0.04345,0,0.13905,0,0,0,0,0.93116,0.07595,0.05115,0,0.66449,0.10512,0.58511,0.1225,0,0.13405,0.70388,0.00288,0,0.0937,0.03207,0.00444,0,0,0.0052,0.06461,0.00502,0.20415,0,0,0.7682,0,0,0.16051,0,0,0.03883,0.00878,0,0.00101,0,0.02198,0.00079,0,0.00131,0,0.26821,2.48526,0,0.00011,0,0,0,0.02054,0.00703,0.00673,0,0,0.00011,0.0511,0,0,0,0,0,0,0.00976,0,0,0,0.04216,0.00305,0.00877,0,0.04892,0,0.07685,0,0,0,0,0,0.92318,0,0,0,0,0.0049,0.0033,0,0.98925,0.03909,0,0,0,0,0,0,0.03626,0,0,0,0,0,0,0.60398,0.26793,0,0,0,0.01523,0,0,0.14138,0.01418,0.02364,0,0.1074,0.03512,0,0,0,0.03511,0.34332,0,0,0,0,0,0,0.01426,0,0,0,0,0,0,0,0,0.1054,0,0,0,0,0,0.05309,0,0,0.00319,0,0,0,0,0,0,0.01334,0,0,0,2.59239,0,0,0
TR20109,0.84613,0,1.03524,0.22688,0.39653,0.21322,0.06484,4.81905,0,2.55717,0.02552,0,2.33074,1.15566,0.24443,0.00899,0.26092,0,0.73752,0.62613,0.0644,3.60982,2.33623,0,0.56509,0.13297,4.4019,0,0.34798,2.71296,0,0.13795,0.13637,0.77499,0.40917,0.2257,0.97199,0.07081,0.04226,0,0.0936,0.37957,0.21487,0.09946,0.09257,0.1181,0.11002,1.3107,0.13205,0.32703,0.03975,0,2.84454,0.03071,0.75412,0,0,0.00889,0.01787,0,0.05086,0.06661,0.04268,0.02596,0.14692,0,0.04779,0.017,0,0.06642,0.39856,0.02231,0.11363,0.0978,0,0.20221,0.00975,0.0916,0.023,0,0.0039,0,0.02154,0,0.00193,0.07357,0.01154,0.04188,0,0.00434,0.01055,0.00093,0.00155,0,0,0.2959,0.02258,0,0.06389,0.06833,0,0.01118,1.7792,0,0.00385,0.00537,0,1.22661,0,0,0,0,0,0,0.16975,3.22118,0,0,0.35823,0.05338,0.65622,0.0594,0,0,0.12483,0,0,1.42106,1.65221,0.25338,0,0.308,0,0.06288,0,0,2.46828,0,2.73609,0.11041,0.24431,0.37019,0.04376,0.00876,0,0,0.08364,0,6.04089,0,0.03506,0,0,0,2.81021,0.10083,0.36402,0.01553,0,0,0.32247,0.23985,0.53165,0,0.05728,0,0,0,0,0,0,0,0,0,0.43512,0.3452,1.54113,0.04442,0.09099,0,0,0,0,0,0,0,0.06336,0.01296,0,0.10253,0,0,0,0,0.26717,0.25555,0,0,0.02452,0,0,0.0697,0,0,0,0,1.27082,0.22258,0.77823,0.03946,0.00272,0.14694,0.20697,0.35229,0.05885,0.09655,0.01082,0.00683,0.13199,0.08399,0.10097,0.26758,0,0.00597,0.00824,0.12709,0.00172,0,0,0,0.22585,0,0,0,0.03583,0,0.03979,0,0,0.05061,0,0,0.06574,0,0,0.00023,0.01558,0.01651,0,0.03908,0.00335,0,0,0.02636,0,0,0.32151,0.07058,0,0,0.06229,0,0,0,0.01678,0.00804,0.01221,0.00523,0,0.05108,0.04837,0,0,0,0,0.14867,0.02617,0,0.00957,0.02974,0,0,0,0,0.06006,2.07547,0.03856,0.01823,0.04124,0,1.02892,0,0,0,0.01223,0,0.18652,0.15319,0,0,0,0,0.77666,0.09026,0.01255,0.01957,0,0.09019,0,0,0.04307,0,0.21815,0.43698,0.01884,0.08589,0,0,0.10285,0,0,0,0,0,0.14856,0.00798,0,0,0,0,0.15495,0,0,0,0.09555,0,0,0,0,0,0,0,0,0,0,0,0,0.32041,0,0.01418,0.57387,0.00414,0,0,0,0.04976,0,0,0.14522,0,0,0,0
TR20114,0.02329,0.49273,0.03866,0.20158,0.03041,0.31541,0.00334,0.02718,0.11424,0.0024,4.48577,0.03729,0.12297,1.03695,0,0.06924,0,0.06576,0,0.07666,0,0.2705,0.9933,0.03026,0.01476,0.12014,3.15077,2.98752,0,0.12834,0.05212,0,0.09074,0,0,0,2.76808,0,0,0.05927,0,0.07361,0.02129,0,0,0.14518,0,0.00577,0.05721,0,0.00858,0.06668,0,0,0.0177,0,0,0,0,0,0,0.07254,0.00667,0,0,0,0,0.00192,0,0.00432,0.00689,0,0.0436,0,0.03794,0,0,0,0,0,0,0,0,0,0,0,0,0,0,0,0,0,0,0,0,0,0.03616,0,0,0.03699,0,37.09043,0.1338,0,0,0,0,0.12404,0,0.01862,0,0,0.02841,0.02099,0.3735,0.45802,0,0.61158,0,0.01804,0,0,0.02291,0,0.10726,0.05187,0.00709,0.02519,0,0.23795,0.11016,0,0.15291,0.00526,0,0,0,0.01297,0.1298,0,0.11812,0,0.40967,0,0.02876,0,0.04857,0,2.91783,0,0,0.01415,0,0,0,0,0.22654,0,0,0,0,0,0,0.71789,0,0,0,0,0,0,0,0.41229,0.00257,0,0,0.02258,0,0,0,0,0,0,0,0,0,0,0,0,0,0,0,0,0.00384,0,0.00581,0,0.00724,0,0,0,0,0,0,0,0,0,0,0,0,0,0,0.00327,0,0,0,0,0,0,0,0,0,0,0,0,0,0,0,0,0,0,0.22873,0.09238,0,0,0,0,0,0,0,0,0,0,0,0,0,0,0,0.00997,0,0,0,0,0.02219,0,0,0,0,0.03099,0,0.00742,0,0.0674,0,0,0,0,0,0,0.00681,0,0,0,0,0,0.03033,0.08557,0.03087,0,0,0,0.04244,0,0,0,0,0,0,0,0,0,0,0,0,0,0,0,0,0,0,0,0,0.01805,0,0,0,0,0,0,0,0,0,0,0,0.1913,0,0.08994,0,0.17709,0,0,0,0,0,0,0,0,0,0,0,0,0,0.06175,0,0.08246,0,0,0,0.2078,0,0,0.33807,0,0,0,6.30987,0,0,0,0,0,0,0,0,0,0.00697,0,0,0,0,0,0.02205,0,0.06765
TR20117,0.06909,0.21546,0.06547,0.01561,0.19808,0.15679,0.05215,0.01433,0.10728,1.70501,0.0477,0,0.04967,1.56092,0.09645,0.09212,0.07272,0.00956,0.02751,0.6666,0.11218,0.00209,0.21459,0.0102,0.63945,0.00318,0.64258,0.16956,0.03347,14.5788,0.00579,0.00938,0.1508,0.01708,0,0.12606,0.01399,0.04541,0.0123,0.47041,0.02274,1.10484,0.07062,0,0,0.03443,0.0259,0.15329,0.12725,0.04772,0.01139,0.43166,0.04192,0,0.24709,0.05454,0,0.01561,0.0174,0,0,0.08357,0.15759,0,0.13867,0,0,0,0.00775,0.15712,0.0072,0.07488,0,0.08503,0,0.05374,0.00695,0.00611,0,0.05275,0,0,0,0.004,0,0.00202,0,0,0,0,0,0,0,0,0.00607,0,0.01701,0.06669,0.02568,0.00063,0,1.74505,4.31444,0,0,0,0,0.0094,0,0.14875,0,0.30996,1.40194,0.48254,0.52386,1.08293,0.01857,0.20146,0.00149,0.06892,0.06079,0.05173,0.26526,0.06559,0.02001,0.11137,0,0.08526,0.12559,0.08105,0.08587,0.21772,0,0.28691,0.0507,0.10123,2.26162,0.42855,2.85292,0.03201,0.15694,0.33459,0,0.00258,0.00459,0.03966,0.11179,0,0.06108,0.02358,0,0.01843,0.11244,0.09405,0.05389,0.065,0.05312,0.04954,0.02748,0.4001,0.07169,0.03014,0.329,0.0981,0.02622,0.00149,0,0,0.41384,0.28185,0,0.67286,0,0,0,0.00318,0.02044,0.03067,0.05129,0.00013,0.03318,0,0,0.0244,0,0.02394,0.03442,0.01289,0,0.01085,0,0,0.00728,0,0.23006,0,0.03013,0.00164,0.03066,0,0.58956,0,0,0.23734,0,0,0.559,0.00059,0.09124,0,0,0.03304,0,0.01327,0,0.07201,0.05314,0,0.06295,0.08827,0,0.00511,0,0,0,0.37665,0.01178,1.65832,0.02917,0,0.05362,0.30677,0,0.40535,0.06643,0,0.03809,0.00462,0.0201,0.00725,0.00849,0.01621,0.01229,0,0.00847,0.10933,0.17215,0.05236,0,0.00183,0,0.00885,0,0,0.05977,0,0.1179,0,0.00922,0,0.09497,0,0.00659,0.00102,0,0,0.00163,0.00038,0,0.03307,0,0.01105,0,0,0.23548,0.91447,0,0,0.07399,0,0,0,0,0,0,0,0.03866,0,0.01379,0.00598,0,0.00853,0.01804,0,0.02715,0,0,0,0,0.00328,0,0,0,0,0.03965,0.01468,0.14447,0,0.01744,0.48566,0.00362,0,0,0.35257,0.01002,0.01119,0.1683,0.03053,0.0863,0.2726,0.05954,0.04603,1.56438,0.01641,0.0233,0.22363,0,0.45785,0.00554,0.00411,0.33518,0.01705,0,0.00299,0.00174,0.12926,0.22576,0,0,0,0.12425,0.00781,0.01094,17.03969,0.65762,0.35444,0.43577,0.08351,0,0,1.16595,0.00093,0.31702,0.19531,0,0.00096,0.44341,0.33432,0.85487,0.33098,0.26451,0.00127,0
TR20118,0.14866,0.67828,0.12151,0.01209,0.46359,0.09113,0.02813,0.64848,0.56544,0.81524,0.41209,0.09224,0.84363,0,0.01281,1.71848,0.27969,0,0.26421,0.67444,0.31702,1.80088,2.33487,0.07362,0.86355,0.06042,1.48935,0,0.06246,7.35147,0,0.02271,0.02793,0.18571,0.41169,0.21288,0.90189,0.12237,0.01437,0.96416,0.5227,0.09008,0.11444,0.3893,0,0.16704,0.00972,0.6226,0.05186,0.08482,0.0775,0.08861,0.03331,0.00736,0.10726,0.09662,0,0.00296,0.00744,0,0.18396,0.29302,0.48482,0,0.23545,0.0026,0.03722,0.1004,1.49674,0.41376,0.01721,0.03094,0.00319,0.09778,0,0.23652,0,0.01342,0,0.04516,0.00033,0,0.00141,0,0.00804,0.03805,0.0031,0.02207,0,0.0069,0,0.0019,0,0.00963,0.01287,0,0.14696,0,0.15299,0.05974,0,2.67033,5.51333,0.01829,0.00381,0.01949,0,0.36617,0.00223,0,4.95752,0.40063,0.73724,0,0.50197,2.21157,0,7.0995,0,0,0.42002,0.09928,0.5299,0.24797,1.05139,0,0,0.09542,0.15863,0.14808,0.4761,0.35973,0.40123,3.15904,0.59479,0,0.20019,3.45866,3.09542,0.05596,1.3288,2.95899,0,0,0.29839,0.03665,0.42327,0,0.0798,0,0.00567,0.09614,0.3825,0,0.23944,0.03957,0.03159,0.09788,1.2098,0.28388,0,1.01611,0.34267,0.25041,0.03146,0.04036,0,0.01929,0,0.01369,0,0,0,0.05064,0.20035,0.04138,0,0,0.06272,0.02242,0,0,0,0,0,0,0,0.00582,0,0,0,0.27482,0,0.71386,0.46139,0.21147,0.08018,0.03841,0.00822,0,0,0,0,0,0,0,0,0.0715,0.12553,0,0.6009,0.00961,0,0.05449,0.02877,0.02425,0.03067,0.02533,0,0,0,0.01183,0,0,0.00304,0.66118,0,0,0.5185,0,1.63906,0.13788,0.08877,0.07178,0.00341,0,0.06983,0.00765,0,0.04817,0.0722,0.16857,0.06864,0.24809,0.01447,0,0,0.13146,0,0.0234,0,0,0.01052,0,0.01441,0,0.19938,0.14763,0.0078,0.02584,0.02495,0,0.01468,0.004,0.01909,0.02638,0.0105,0.00513,0,0,0,0,0,0,0,1.41765,0,0,0.02057,0,0,0,0,0,0.01101,0,0.00089,0,0.03349,0.05018,0,0.15035,0.56054,0.00316,0.32314,0.20331,0,0,0,0.65037,0.02299,0,0,0,0.01981,0.05671,0.17855,0,0.11247,0,0.02693,0,0,1.48492,0.02825,0.0916,0.15425,0,0.07818,0.02998,0.04758,0.00399,0,0,0,0,0.03492,0.68484,0.23803,0.07404,0.02468,0.00365,0.06042,2.34122,0,0.26889,0.50312,0,0,0,0,0.02671,0.02424,0,0,0,0.30496,0,0.00337,0.00356,0,0.0058,0,0,0,0.01296,0,0,0.01677,0.51738,0,0,0
TR20119,0.03464,0.51037,0.33392,2.59091,1.08688,0.06517,0.17904,0.33607,0.0077,1.48273,0.37586,0.81166,0,0.42619,0.00756,0.01081,0.18971,0.42024,0.54876,0.16591,0.51038,0.02648,0.05905,0.01418,0.65212,0.01845,4.53633,0,0.08858,1.90297,0.06008,0.05037,0.06209,0.08249,0,0.0807,0,0.3083,0.07454,0.00746,0.16567,2.2711,0.15989,0,0.02808,0.00686,0.04426,0,0.06311,0.14188,0.40918,0,0.09556,0,0.12974,0.04601,0.04847,0.17435,0.01908,0,0,0.03935,0.65324,0,0.59261,0,0,0,1.47475,0.02872,0.2253,0.12386,0.07118,0.03021,0.0078,0.38003,0,0,0.0013,0,0,0,0,0,0,0.1775,0,0,0,0,0,0,0,0,0,0,0.06776,0,0.08363,0.03255,0.01508,20.03575,0.61012,0.0194,0.05903,0,0,0.40789,0.00503,0,0,0,5.49695,2.92032,0.54477,0.89271,0,1.26564,0,0.15472,0.20794,1.49136,0.38268,0.01719,3.60577,0.23994,4.82878,1.26324,0.02277,0,0.0914,1.74285,0,0.03096,0.00694,0.0079,0.13829,0.08874,0.37415,0.17666,0.0439,0,0,0.02009,0.02996,0.02418,0.21607,0.19589,0.703,0.02344,0.26568,0.02646,0.04051,0.03916,0.08224,0.07073,0.11317,0.00891,0,0.2397,0.1365,0.05163,0.61424,0.39169,0.03271,0,0.01527,0.02416,0.02163,0.05408,0.00294,0,0,0,0.00474,0,0.13595,0.10446,0.09348,0,0,0,0,0,0,0.02358,0.19063,0.03063,0,0,0.01326,0,0,0,0.46886,0,0.05291,0.01804,0.02187,0,0,0,0,0,0.02633,0.01994,0,0,0.08792,0,0,0.09761,0,0.09748,0,0,0.07555,0.0135,0,0.02537,0,0,0,0,0,0,0,0.31815,0.01872,0,0.06294,0,0.06582,0.16895,0.26256,0,0.04723,0.0607,0,0.00447,0.03741,0.12055,0.04929,0,0.01744,0.07364,0,0.13913,0,0.01268,0.00241,0,0.69881,0,0,0.02143,0,0.04305,0.01632,0.00172,0,0,0.00355,0,0,0,0,0.00045,0,0,0,0,0.00399,0,4.45821,0.02699,0.03723,0,0,0,0.03471,0,0.31785,0.0021,0,2.76676,0,0,0.03533,0.03891,0,0,0,0.02454,0,0,0,0,0.08946,0.28946,0,0.95358,0,0,0,0.06646,0.00187,0,0,0,0.02429,0,0.66737,0.03419,0.00628,0.0856,0.02044,0.08145,0.03604,0.02413,0.02377,0.01299,0.00302,0,0,0,0.54111,0,0.58297,0,0.00879,0.17582,0.02717,0,0,0.05627,0.07594,0.11769,0,0,0.05202,0.03219,0.0064,0.96908,0,0,0.00646,0,0.0178,0.00015,0.11302,0,0,0.03581,0,0.00474,2.09076,0,0,0.03097,0.01491,0.00108,0.04183
